{
	"TXLife" : {
		"TXLifeResponse" : {
			"TransRefGUID" : "d97d64ca-7b6a-46d4-99cb-3473152a6bc9",
			"TransType" : {
				"@tc": "212",
				"$": "Values Inquiry"
			},
			"TransSubType" : {
				"@tc": "21200",
				"$": "Values Inquiry"
			},
			"TransExeDate" : "2018-08-23",
			"TransExeTime" : "13:22:25-04:00",
			"TransResult" : {
				"ResultCode" : {
					"@tc" : "5",
					"$" : "Failure"
				},
				"ResultInfo" : {
					"ResultInfoCode" : {
						"@tc" : "100",
						"$" : "General Error"
					},
					"ResultInfoDesc" : "Duplicate Exception",
					"ResultInfoSeverity" : {
						"@tc" : "3",
						"$" : "High"
					}
				}
			}
		}
	}
}
