{
 "TXLife": {
   "TXLifeResponse": {
      "TransRefGUID": "d97d64ca-7b4a-46d4-99cb-3472252a6bc9",
      "TransType": {
         "@tc": "106",
         "$": "New Business Policy Generation"
      },
      "TransSubType": {
         "@tc": "10600",
         "$": "New Business Policy Generation"
      },
      "TransExeDate": "2014-09-19",
      "TransExeTime": "19:27:14",
      "OLifE": {
         "Holding": {
            "@id": "ID-Holding_ProposedPolicy",
            "HoldingTypeCode": {
               "@tc": "2",
               "$": "Policy"
            },
            "Policy": {
               "PolNumber": "0868",
               "ApplicationInfo": {
                  "HOAssignedAppNumber": "App1058"
               }
            }
         }
      },
      "TransResult": {
         "ResultCode": {
            "@tc": "1",
            "$": "Success"
         },
         "ResultInfo": {
            "ResultInfoDesc": "Application was successfully received"
         }
      }
   }
 }
}