{
   "TXLife": {
      "@Version": "2.36.00",
      "TXLifeRequest": {
         "TransRefGUID": "ABCD1234"
         ,
         "TransType": {
            "@tc": "103",
            "$": "New Business Submit"
         },
         "TransSubType": {
            "@tc": "10306",
            "$": "New Business Submit"
         },
         "TransExeDate": "2018-01-25"
         ,
         "TransExeTime": "19:27:14"
         ,
         "OLifE": {
            "Holding": {
               "@id": "Holding_ProposedPolicy",
               "HoldingTypeCode": {
                  "@tc": "2",
                  "$": "Policy"
               },
               "Policy": {
                  "ProductType": {
                     "@tc": "10",
                     "$": "Deferred Annuity"
                  },
                  "ProductCode": "1"
                  ,
                  "CarrierCode": "Default Company"
                  ,
                  "PlanName": "Fixed And MVA Annuity"
                  ,
                  "EffDate":"2018-01-12"
                  ,
                  "PaymentDraftDay": "2018-01-18"
                  
               }
            }
         }
      }
   }
}