{
   "TXLife": {
      "UserAuthRequest": {
         "UserLoginName": "SUPERVIS"
      },
      "TXLifeRequest": {
         "TransRefGUID": "44a71996-31b4-7cd9-3a6e-aa87745a0034",
         "TransType": {
            "@tc": "103",
            "$": "New Business Submit"
         },
         "TransSubType": {
            "@tc": "10302",
            "$": "New Business Submit"
         },
         "TransExeDate": "2019-02-04",
         "TransExeTime": "19:27:14",
         "OLifE": {
            "Holding": [
               {
                  "@id": "Holding_ProposedPolicy",
                  "HoldingTypeCode": {
                     "@tc": "2",
                     "$": "Policy"
                  },
                  "Policy": {
                     "ProductType": {
                        "@tc": "10",
                        "$": "Deferred Annuity"
                     },
                     "ProductCode": "15",
                     "CarrierCode": "Default Company",
                     "PlanName": "Variable Annuity",
                     "Jurisdiction": {
                        "@tc": "37",
                        "$": "NY"
                     },
                     "EffDate": "2019-02-04",
                     "MinPremiumInitialAmt": "10000",
                     "PaymentMode": {
                        "@tc": "1",
                        "$": "Annual"
                     },
                     "PaymentAmt": "10000.00",
                     "Annuity": {
                        "QualPlanType": {
                           "@tc": "1",
                           "$": "Non-Qualified"
                        },
                        "InitDepositDate": "2019-02-04",
                        "Payout": {
                           "AnnuityStartingDate": "2055-07-26",
                           "PayoutMode": {
                              "@tc": "1",
                              "$": "Annual"
                           }
                        }
                     },
                     "ApplicationInfo": {
                        "ApplicationJurisdiction": {
                           "@tc": "37",
                           "$": "NY"
                        },
                        "SignedDate": "2019-02-04",
                        "SignatureInfo": {
                           "SignatureDate": "2019-02-04"
                        }
                     },
                     "OLifEExtension": {
                        "InitDepositAmt": "15000.00",
                        "DraftDate": "2019-02-04"
                     }
                  },
                  "Investment": {
                     "SubAccount": {
                        "@id": "PremiumFund_1",
                        "ProductCode": "0A-03",
                        "ProductFullName": "General Account",
                        "InvestType": {
                           "@tc": "20",
                           "$": "Fixed Fund"
                        },
                        "AllocPercent": "100",
                        "FinancialActivity": {
                           "FinActivityType": {
                              "@tc": "1",
                              "$": "General Account"
                           }
                        }
                     }
                  }
               },
               {
                  "@id": "Holding_Banking",
                  "HoldingTypeCode": {
                     "@tc": "7",
                     "$": "Banking"
                  },
                  "Banking": {
                     "BankAcctType": {
                        "@tc": "1",
                        "$": "Saving Account"
                     },
                     "AccountNumber": "1234567489",
                     "RoutingNum": "321171184",
                     "AcctHolderName": "Ms. Bank Test11",
                     "BankName": "Bank of California"
                  }
               }
            ],
            "Party": [
               {
                  "@id": "Party_PrimaryAnnuitant",
                  "PartyTypeCode": {
                     "@tc": "1",
                     "$": "Person"
                  },
                  "FullName": "David Romeo",
                  "GovtID": "786765124",
                  "GovtIDTC": {
                     "@tc": "1",
                     "$": "Social Security Number US"
                  },
                  "GovtIDCertificationDate": "2008-01-01",
                  "ResidenceCountry": {
                     "@tc": "1",
                     "$": "USA"
                  },
                  "Person": {
                     "FirstName": "David",
                     "MiddleName": "K",
                     "LastName": "Romeo",
                     "Prefix": "Mr.",
                     "MarStat": {
                        "@tc": "1",
                        "$": "Married"
                     },
                     "Gender": {
                        "@tc": "1",
                        "$": "Male"
                     },
                     "BirthDate": "1988-01-01",
                     "Citizenship": {
                        "@tc": "1",
                        "$": "USA"
                     },
                     "EstGrossAnnualOtherIncome": "96000",
                     "NonResidentAlienInd": {
                        "@tc": "0",
                        "$": "False"
                     },
                     "Occupation": "Technology and Computer Sciences",
                     "OLifEExtension": {
                        "BackupWithholdingIndicator": {
                           "@tc": "0",
                           "$": "false"
                        },
                        "eDeliveryOptOutOptionIndicator": {
                           "@tc": "0",
                           "$": "false"
                        },
                        "BDValidationDate": "2016-01-01"
                     }
                  },
                  "Address": {
                     "AddressTypeCode": {
                        "@tc": "0",
                        "$": "Mailing"
                     },
                     "Line1": "100 Main Street5",
                     "Line2": "Phoenix",
                     "Line3": "line3",
                     "City": "Morris Plains",
                     "AddressStateTC": {
                        "@tc": "37",
                        "$": "NY"
                     },
                     "Zip": "07950",
                     "AddressCountryTC": {
                        "@tc": "1",
                        "$": "USA"
                     },
                     "PrefAddr": {
                        "@tc": "1",
                        "$": "true"
                     },
                     "SolicitationInd": {
                        "@tc": "0",
                        "$": "false"
                     },
                     "PostalDropCode": [],
                     "AddressValidInd": {
                        "@tc": "1",
                        "$": "true"
                     }
                  },
                  "Phone": {
                     "PhoneTypeCode": {
                        "@tc": "1",
                        "$": "Home"
                     },
                     "AreaCode": "555",
                     "DialNumber": "1233332",
                     "SolicitationInd": {
                        "@tc": "0",
                        "$": "false"
                     }
                  },
                  "EMailAddress": {
                     "EMailType": {
                        "@tc": "5",
                        "$": "Primary"
                     },
                     "AddrLine": "david.romeo@gmail.com",
                     "SolicitationInd": {
                        "@tc": "1",
                        "$": "true"
                     }
                  }
               },
               {
                  "@id": "Party_Agent",
                  "PartyTypeCode": {
                     "@tc": "1",
                     "$": "Person"
                  },
                  "Person": {
                     "FirstName": "John",
                     "LastName": "Miller"
                  },
                  "Producer": {
                     "NIPRNumber": "VL730"
                  },
                  "EMailAddress": {
                     "AddrLine": "ajames@gmail.com"
                  }
               },
               {
                  "@id": "Party_Joint_Owner_Company",
                  "PartyTypeCode": {
                     "@tc": "2",
                     "$": "Organization"
                  },
                  "FullName": "Revive Inn",
                  "GovtID": "452233211",
                  "GovtIDTC": {
                     "@tc": "2",
                     "$": "Taxpayer Identification Number"
                  },
                  "GovtIDCertificationDate": "2008-01-01",
                  "ResidenceCountry": {
                     "@tc": "1",
                     "$": "USA"
                  },
                  "Organization": {
                     "OrgForm": {
                        "@tc": "23",
                        "$": "Organization"
                     }
                  },
                  "Address": {
                     "AddressTypeCode": {
                        "@tc": "1",
                        "$": "Residence"
                     },
                     "Line1": "100 Main Street",
                     "Line2": "aaaa",
                     "Line3": "bbbb",
                     "City": "Avenel",
                     "AddressStateTC": {
                        "@tc": "37",
                        "$": "NY"
                     },
                     "Zip": "07001",
                     "AddressCountryTC": {
                        "@tc": "1",
                        "$": "USA"
                     },
                     "PrefAddr": {
                        "@tc": "1",
                        "$": "true"
                     },
                     "SolicitationInd": {
                        "@tc": "0",
                        "$": "false"
                     },
                     "PostalDropCode": [],
                     "AddressValidInd": {
                        "@tc": "1",
                        "$": "true"
                     }
                  },
                  "Phone": [
                     {
                        "PhoneTypeCode": {
                           "@tc": "2147483647",
                           "$": "Phone One"
                        },
                        "AreaCode": "414",
                        "DialNumber": "7878788",
                        "SolicitationInd": {
                           "@tc": "0",
                           "$": "false"
                        }
                     },
                     {
                        "PhoneTypeCode": {
                           "@tc": "0",
                           "$": "Contact Phone"
                        },
                        "AreaCode": "555",
                        "DialNumber": "7878788",
                        "SolicitationInd": {
                           "@tc": "0",
                           "$": "false"
                        }
                     }
                  ],
                  "EMailAddress": {
                     "EMailType": {
                        "@tc": "5",
                        "$": "Primary"
                     },
                     "AddrLine": "rob@gmail.com",
                     "SolicitationInd": {
                        "@tc": "0",
                        "$": "false"
                     }
                  },
                  "OLifEExtension": {
                     "BeneficiaryContactName": "Soyab Malpura",
                     "BeneficiaryToOwnerRelation": "Friend"
                  }
               },
               {
                  "@id": "Party_Joint_Owner_Individual",
                  "PartyTypeCode": {
                     "@tc": "1",
                     "$": "Person"
                  },
                  "FullName": "Saurabh Kale",
                  "GovtID": "784662124",
                  "GovtIDTC": {
                     "@tc": "1",
                     "$": "Social Security Number US"
                  },
                  "GovtIDCertificationDate": "2008-01-01",
                  "ResidenceCountry": {
                     "@tc": "1",
                     "$": "USA"
                  },
                  "Person": {
                     "FirstName": "Saurabh",
                     "MiddleName": "K",
                     "LastName": "Kale",
                     "Prefix": "Mr.",
                     "MarStat": {
                        "@tc": "1",
                        "$": "Married"
                     },
                     "Gender": {
                        "@tc": "1",
                        "$": "Male"
                     },
                     "BirthDate": "1980-01-01",
                     "Citizenship": {
                        "@tc": "1",
                        "$": "USA"
                     },
                     "EstGrossAnnualOtherIncome": "96000",
                     "NonResidentAlienInd": {
                        "@tc": "0",
                        "$": "False"
                     },
                     "Occupation": "Technology and Computer Sciences",
                     "OLifEExtension": {
                        "BackupWithholdingIndicator": {
                           "@tc": "0",
                           "$": "false"
                        },
                        "eDeliveryOptOutOptionIndicator": {
                           "@tc": "0",
                           "$": "false"
                        },
                        "BDValidationDate": "2016-01-01"
                     }
                  },
                  "Address": {
                     "AddressTypeCode": {
                        "@tc": "0",
                        "$": "Mailing"
                     },
                     "Line1": "100 Main Street5",
                     "Line2": "Phoenix",
                     "Line3": "line3",
                     "City": "Morris Plains",
                     "AddressStateTC": {
                        "@tc": "37",
                        "$": "NY"
                     },
                     "Zip": "07950",
                     "AddressCountryTC": {
                        "@tc": "1",
                        "$": "USA"
                     },
                     "PrefAddr": {
                        "@tc": "1",
                        "$": "true"
                     },
                     "SolicitationInd": {
                        "@tc": "0",
                        "$": "false"
                     },
                     "PostalDropCode": [],
                     "AddressValidInd": {
                        "@tc": "1",
                        "$": "true"
                     }
                  },
                  "Phone": {
                     "PhoneTypeCode": {
                        "@tc": "1",
                        "$": "Home"
                     },
                     "AreaCode": "555",
                     "DialNumber": "1233332",
                     "SolicitationInd": {
                        "@tc": "0",
                        "$": "false"
                     }
                  },
                  "EMailAddress": {
                     "EMailType": {
                        "@tc": "5",
                        "$": "Primary"
                     },
                     "AddrLine": "saurabh.kale@gmail.com",
                     "SolicitationInd": {
                        "@tc": "1",
                        "$": "true"
                     }
                  }
               }
            ],
            "Relation": [
               {
                  "@OriginatingObjectID": "Holding_ProposedPolicy",
                  "@RelatedObjectID": "Party_Agent",
                  "@id": "R_Agent_to_Holding",
                  "OriginatingObjectType": {
                     "@tc": "4",
                     "$": "Holding"
                  },
                  "RelatedObjectType": {
                     "@tc": "6",
                     "$": "Party"
                  },
                  "RelationRoleCode": {
                     "@tc": "37",
                     "$": "Agent of Record"
                  }
               },
               {
                  "@OriginatingObjectID": "Holding_ProposedPolicy",
                  "@RelatedObjectID": "Party_PrimaryAnnuitant",
                  "@id": "Party_Annuitant",
                  "OriginatingObjectType": {
                     "@tc": "4",
                     "$": "Holding"
                  },
                  "RelatedObjectType": {
                     "@tc": "6",
                     "$": "Party"
                  },
                  "RelationRoleCode": {
                     "@tc": "35",
                     "$": "Annuitant"
                  },
                  "InterestPercent": "100"
               },
               {
                  "@OriginatingObjectID": "Holding_ProposedPolicy",
                  "@RelatedObjectID": "Party_PrimaryAnnuitant",
                  "@id": "Party_Owner",
                  "OriginatingObjectType": {
                     "@tc": "4",
                     "$": "Holding"
                  },
                  "RelatedObjectType": {
                     "@tc": "6",
                     "$": "Party"
                  },
                  "RelationRoleCode": {
                     "@tc": "8",
                     "$": "Owner"
                  },
                  "InterestPercent": "100"
               },
               {
                  "@OriginatingObjectID": "Holding_ProposedPolicy",
                  "@RelatedObjectID": "Party_Joint_Owner_Company",
                  "@id": "Party_JOwner_Com",
                  "OriginatingObjectType": {
                     "@tc": "4",
                     "$": "Holding"
                  },
                  "RelatedObjectType": {
                     "@tc": "6",
                     "$": "Party"
                  },
                  "RelationRoleCode": {
                     "@tc": "184",
                     "$": "Joint Owner"
                  },
                  "InterestPercent": "60"
               },
               {
                  "@OriginatingObjectID": "Holding_ProposedPolicy",
                  "@RelatedObjectID": "Party_Joint_Owner_Individual",
                  "@id": "Party_JOwner_Ind",
                  "OriginatingObjectType": {
                     "@tc": "4",
                     "$": "Holding"
                  },
                  "RelatedObjectType": {
                     "@tc": "6",
                     "$": "Party"
                  },
                  "RelationRoleCode": {
                     "@tc": "184",
                     "$": "Joint Owner"
                  },
                  "InterestPercent": "40"
               }
            ]
         }
      }
   }
}

