{
   "TXLife": {
      "TXLifeResponse": {
         "TransRefGUID": "57643891-dcae-5341-8976-fecad5864931",
         "TransType": {
            "@tc": "103",
            "$": "New Business Submit"
         },
         "TransSubType": {
            "@tc": "10302",
            "$": "NBSubmit"
         },
         "TransExeDate": "2018-11-30",
         "TransExeTime": "19:27:14",
         "TransResult": {
            "ResultCode": {
               "@tc": "1",
               "$": "Success"
            },
            "ResultInfo": {
               "ResultInfoDesc": "Application was successfully received"
            }
         },
         "OLifE": {
            "Holding": {
               "@id": "Holding_ProposedPolicy",
               "HoldingTypeCode": {
                  "@tc": "2",
                  "$": "Policy"
               },
               "Policy": {
                  "ApplicationInfo": {
                     "TrackingID": "8203"
                  }
               }
            }
         }
      }
   }
}