{
   "TXLife": {
      "TXLifeResponse": {
         "TransRefGUID": "28ed4786-80ed-4236-92c7-00c805ccc28f",
         "TransType": {
            "@tc": "103",
            "$": "New Business Save"
         },
         "TransSubType": {
            "@tc": "10306",
            "$": "NBSave"
         },
         "TransExeDate": "2018-10-25",
         "TransExeTime": "08:46:54-04:00",
         "TransResult": {
            "ResultCode": {
               "@tc": "1",
               "$": "Success"
            },
            "ResultInfo": {
               "ResultInfoDesc": "Application was successfully received."
            }
         },
         "OLifE": {
            "Holding": {
               "@id": "Holding_ProposedPolicy",
               "HoldingTypeCode": {
                  "@tc": "2",
                  "$": "Policy"
               },
               "Policy": {
                  "ApplicationInfo": {
                     "TrackingID": "9188"
                  }
               }
            }
         }
      }
   }
}
