{
   "TXLife": {
      "TXLifeResponse": {
         "TransRefGUID": "ec9050a5-2b2b-83ce-536f-eaa23dd0a67a",
         "TransType": {
            "@tc": "302",
            "$": "Holding Search"
         },
         "TransSubType": {
            "@tc": "30200",
            "$": "Get applications for an agent"
         },
         "TransExeDate": "2018-03-05",
         "TransExeTime": "04:07:01",
         "TransResult": {
            "ResultCode": {
               "@tc": "1",
               "$": "Success"
            },
            "ConfirmationID": "2014-08-1313:03:01TWYLXMLC"
         },
         "OLifE": {
            "@Version": "2.33.00",
            "Holding": {
               "@id": "holding1",
               "Policy": {
                  "PolNumber": "07660",
                  "ApplicationInfo": {
                     "HOAssignedAppNumber": "4338",
                     "SubmissionDate": "2018-03-02T05:20:54-05:00",
                     "HOAppFormNumber": "0",
                     "OLifEExtension": {
                        "ApplicationStatus": "Submitted"
                     }
                  }
               }
            },
            "Relation": [
               {
                  "@OriginatingObjectID": "holding1",
                  "@RelatedObjectID": "party1",
                  "OriginatingObjectType": "Holding",
                  "RelationDescription": "Owner",
                  "RelationRoleCode": []
               },
               {
                  "@OriginatingObjectID": "holding1",
                  "@RelatedObjectID": "party1",
                  "OriginatingObjectType": "Holding",
                  "RelationDescription": "Insured",
                  "RelationRoleCode": []
               }
            ],
            "Party": [
               {
                  "@id": "party1",
                  "Person": {
                     "FirstName": {
                        "sFirstName": "Tim"
                     },
                     "LastName": {
                        "sLastName": "Wilson"
                     },
                     "BirthDate": {
                        "sDOB": "1970-01-01 00:00:00.0"
                     }
                  }
               },
               {
                  "@id": "party1",
                  "Person": {
                     "FirstName": {
                        "sFirstName": "Tim"
                     },
                     "LastName": {
                        "sLastName": "Wilson"
                     },
                     "BirthDate": {
                        "sDOB": "1970-01-01 00:00:00.0"
                     }
                  }
               }
            ]
         }
      }
   }
}