{
	"TXLife" : {
		"TXLifeRequest" : {
			"TransRefGUID" : "c6dc0a5d-2f26-49fc-80dd-3a46010f00ab",
			"TransEffDate" : "2018-06-02",
			"TransType" : {
				"@tc" : "107",
				"$" : "107"
			},
			"TransMode" : {
				"@tc" : "2",
				"$" : "Original request"
			},
			"OLifE" : {
				"Holding" : {
					"@id" : "Holding_1",
					"HoldingTypeCode" : {
						"@tc" : "2",
						"$" : "Policy"
					},
					"Policy" : {
						"PolNumber" : "086349",
						"ProductCode" : "086",
						"CarrierCode" : "ABC"
					},
					"Investment" : {
						"@id" : "Investment_1",
						"SubAccount" : {
							"@id" : "SubAccount_1",
							"SubAccountKey" : "0F-04"
						}
					},
					"Arrangement" : {
						"@id" : "Arrangement_1",
						"ArrMode" : {
							"@tc" : "1",
							"$" : "Annually"
						},
						"ArrType" : {
							"@tc" : "38",
							"$" : "Systematic WithDrawal"
						},
						"ArrSubType" : {
							"@tc" : "4",
							"$" : "Systematic WithDrawal"
						},
						"StartDate" : "2018-06-02",
						"EndDate" : "2018-06-02",
						"SourceTransferAmtType" : {
							"@tc" : "3",
							"$" : "Percent"
						},
						"ModalPct" : "100",
						"AmountQualifier" : {
							"@tc" : "1",
							"$" : "Net"
						},
						"ArrSource" : {
							"@SubAcctID" : "SubAccount_1",
							"@id" : "ArrSource_1",
							"TransferPct" : "100"
						}
					}
				}
			}
		}
	}
}
