{
  "$schema": "http://json-schema.org/draft-04/schema#",
  "definitions": {},
  "id": "http://example.com/example.json",

      "TXLife": {
      "id": "/properties/TXLife",
      "properties": {
    "TXLifeResponse": {
      "id": "/properties/TXLifeResponse",
      "properties": {
        "InquiryLevel": {
          "id": "/properties/TXLifeResponse/properties/InquiryLevel",
          "properties": {
            "$": {
              "id": "/properties/TXLifeResponse/properties/InquiryLevel/properties/$",
              "type": "string"
            },
            "@tc": {
              "id": "/properties/TXLifeResponse/properties/InquiryLevel/properties/@tc",
              "type": "string"
            }
          },
          "type": "object"
        },
        "OLifE": {
          "id": "/properties/TXLifeResponse/properties/OLifE",
          "properties": {
            "Holding": {
              "id": "/properties/TXLifeResponse/properties/OLifE/properties/Holding",
              "properties": {
                "@id": {
                  "id": "/properties/TXLifeResponse/properties/OLifE/properties/Holding/properties/@id",
                  "type": "string"
                },
                "Arrangement": {
                  "id": "/properties/TXLifeResponse/properties/OLifE/properties/Holding/properties/Arrangement",
                  "properties": {
                    "ArrDestination": {
                      "id": "/properties/TXLifeResponse/properties/OLifE/properties/Holding/properties/Arrangement/properties/ArrDestination",
                      "properties": {
                        "@SubAcctID": {
                          "id": "/properties/TXLifeResponse/properties/OLifE/properties/Holding/properties/Arrangement/properties/ArrDestination/properties/@SubAcctID",
                          "type": "string"
                        },
                        "TransferPct": {
                          "id": "/properties/TXLifeResponse/properties/OLifE/properties/Holding/properties/Arrangement/properties/ArrDestination/properties/TransferPct",
                          "type": "string"
                        }
                      },
                      "type": "object"
                    },
                    "ArrMode": {
                      "id": "/properties/TXLifeResponse/properties/OLifE/properties/Holding/properties/Arrangement/properties/ArrMode",
                      "properties": {
                        "#text": {
                          "id": "/properties/TXLifeResponse/properties/OLifE/properties/Holding/properties/Arrangement/properties/ArrMode/properties/#text",
                          "type": "string"
                        },
                        "@tc": {
                          "id": "/properties/TXLifeResponse/properties/OLifE/properties/Holding/properties/Arrangement/properties/ArrMode/properties/@tc",
                          "type": "string"
                        }
                      },
                      "type": "object"
                    },
                    "ArrSubType": {
                      "id": "/properties/TXLifeResponse/properties/OLifE/properties/Holding/properties/Arrangement/properties/ArrSubType",
                      "properties": {
                        "#text": {
                          "id": "/properties/TXLifeResponse/properties/OLifE/properties/Holding/properties/Arrangement/properties/ArrSubType/properties/#text",
                          "type": "string"
                        },
                        "@tc": {
                          "id": "/properties/TXLifeResponse/properties/OLifE/properties/Holding/properties/Arrangement/properties/ArrSubType/properties/@tc",
                          "type": "string"
                        }
                      },
                      "type": "object"
                    },
                    "ArrType": {
                      "id": "/properties/TXLifeResponse/properties/OLifE/properties/Holding/properties/Arrangement/properties/ArrType",
                      "properties": {
                        "#text": {
                          "id": "/properties/TXLifeResponse/properties/OLifE/properties/Holding/properties/Arrangement/properties/ArrType/properties/#text",
                          "type": "string"
                        },
                        "@tc": {
                          "id": "/properties/TXLifeResponse/properties/OLifE/properties/Holding/properties/Arrangement/properties/ArrType/properties/@tc",
                          "type": "string"
                        }
                      },
                      "type": "object"
                    },
                    "ArrangementSysKey": {
                      "id": "/properties/TXLifeResponse/properties/OLifE/properties/Holding/properties/Arrangement/properties/ArrangementSysKey",
                      "type": "string"
                    },
                    "DestTransferAmtType": {
                      "id": "/properties/TXLifeResponse/properties/OLifE/properties/Holding/properties/Arrangement/properties/DestTransferAmtType",
                      "properties": {
                        "#text": {
                          "id": "/properties/TXLifeResponse/properties/OLifE/properties/Holding/properties/Arrangement/properties/DestTransferAmtType/properties/#text",
                          "type": "string"
                        },
                        "@tc": {
                          "id": "/properties/TXLifeResponse/properties/OLifE/properties/Holding/properties/Arrangement/properties/DestTransferAmtType/properties/@tc",
                          "type": "string"
                        }
                      },
                      "type": "object"
                    },
                    "EndDate": {
                      "id": "/properties/TXLifeResponse/properties/OLifE/properties/Holding/properties/Arrangement/properties/EndDate",
                      "type": "string"
                    },
                    "ModalAmt": {
                      "id": "/properties/TXLifeResponse/properties/OLifE/properties/Holding/properties/Arrangement/properties/ModalAmt",
                      "type": "string"
                    },
                    "SourceTransferAmtType": {
                      "id": "/properties/TXLifeResponse/properties/OLifE/properties/Holding/properties/Arrangement/properties/SourceTransferAmtType",
                      "properties": {
                        "#text": {
                          "id": "/properties/TXLifeResponse/properties/OLifE/properties/Holding/properties/Arrangement/properties/SourceTransferAmtType/properties/#text",
                          "type": "string"
                        },
                        "@tc": {
                          "id": "/properties/TXLifeResponse/properties/OLifE/properties/Holding/properties/Arrangement/properties/SourceTransferAmtType/properties/@tc",
                          "type": "string"
                        }
                      },
                      "type": "object"
                    },
                    "StartDate": {
                      "id": "/properties/TXLifeResponse/properties/OLifE/properties/Holding/properties/Arrangement/properties/StartDate",
                      "type": "string"
                    }
                  },
                  "type": "object"
                },
                "AsOfDate": {
                  "id": "/properties/TXLifeResponse/properties/OLifE/properties/Holding/properties/AsOfDate",
                  "type": "string"
                },
                "HoldingName": {
                  "id": "/properties/TXLifeResponse/properties/OLifE/properties/Holding/properties/HoldingName",
                  "items": {},
                  "type": "array"
                },
                "HoldingTypeCode": {
                  "id": "/properties/TXLifeResponse/properties/OLifE/properties/Holding/properties/HoldingTypeCode",
                  "properties": {
                    "#text": {
                      "id": "/properties/TXLifeResponse/properties/OLifE/properties/Holding/properties/HoldingTypeCode/properties/#text",
                      "type": "string"
                    },
                    "@tc": {
                      "id": "/properties/TXLifeResponse/properties/OLifE/properties/Holding/properties/HoldingTypeCode/properties/@tc",
                      "type": "string"
                    }
                  },
                  "type": "object"
                },
                "Investment": {
                  "id": "/properties/TXLifeResponse/properties/OLifE/properties/Holding/properties/Investment",
                  "properties": {
                    "AccountValue": {
                      "id": "/properties/TXLifeResponse/properties/OLifE/properties/Holding/properties/Investment/properties/AccountValue",
                      "type": "string"
                    },
                    "SubAccount": {
                      "id": "/properties/TXLifeResponse/properties/OLifE/properties/Holding/properties/Investment/properties/SubAccount",
                      "items": {
                        "id": "/properties/TXLifeResponse/properties/OLifE/properties/Holding/properties/Investment/properties/SubAccount/items",
                        "properties": {
                          "@id": {
                            "id": "/properties/TXLifeResponse/properties/OLifE/properties/Holding/properties/Investment/properties/SubAccount/items/properties/@id",
                            "type": "string"
                          },
                          "AssetClass": {
                            "id": "/properties/TXLifeResponse/properties/OLifE/properties/Holding/properties/Investment/properties/SubAccount/items/properties/AssetClass",
                            "properties": {
                              "#text": {
                                "id": "/properties/TXLifeResponse/properties/OLifE/properties/Holding/properties/Investment/properties/SubAccount/items/properties/AssetClass/properties/#text",
                                "type": "string"
                              },
                              "@tc": {
                                "id": "/properties/TXLifeResponse/properties/OLifE/properties/Holding/properties/Investment/properties/SubAccount/items/properties/AssetClass/properties/@tc",
                                "type": "string"
                              }
                            },
                            "type": "object"
                          },
                          "CurrNumberUnits": {
                            "id": "/properties/TXLifeResponse/properties/OLifE/properties/Holding/properties/Investment/properties/SubAccount/items/properties/CurrNumberUnits",
                            "type": "string"
                          },
                          "ProductFullName": {
                            "id": "/properties/TXLifeResponse/properties/OLifE/properties/Holding/properties/Investment/properties/SubAccount/items/properties/ProductFullName",
                            "type": "string"
                          },
                          "Purpose": {
                            "id": "/properties/TXLifeResponse/properties/OLifE/properties/Holding/properties/Investment/properties/SubAccount/items/properties/Purpose",
                            "properties": {
                              "#text": {
                                "id": "/properties/TXLifeResponse/properties/OLifE/properties/Holding/properties/Investment/properties/SubAccount/items/properties/Purpose/properties/#text",
                                "type": "string"
                              },
                              "@tc": {
                                "id": "/properties/TXLifeResponse/properties/OLifE/properties/Holding/properties/Investment/properties/SubAccount/items/properties/Purpose/properties/@tc",
                                "type": "string"
                              }
                            },
                            "type": "object"
                          },
                          "SubAccountKey": {
                            "id": "/properties/TXLifeResponse/properties/OLifE/properties/Holding/properties/Investment/properties/SubAccount/items/properties/SubAccountKey",
                            "type": "string"
                          },
                          "TotValue": {
                            "id": "/properties/TXLifeResponse/properties/OLifE/properties/Holding/properties/Investment/properties/SubAccount/items/properties/TotValue",
                            "type": "string"
                          }
                        },
                        "type": "object"
                      },
                      "type": "array"
                    }
                  },
                  "type": "object"
                },
                "Policy": {
                  "id": "/properties/TXLifeResponse/properties/OLifE/properties/Holding/properties/Policy",
                  "properties": {
                    "OLifEExtension": {
                      "id": "/properties/TXLifeResponse/properties/OLifE/properties/Holding/properties/Policy/properties/OLifEExtension",
                      "properties": {
                        "isTrad": {
                          "id": "/properties/TXLifeResponse/properties/OLifE/properties/Holding/properties/Policy/properties/OLifEExtension/properties/isTrad",
                          "type": "string"
                        }
                      },
                      "type": "object"
                    },
                    "PolNumber": {
                      "id": "/properties/TXLifeResponse/properties/OLifE/properties/Holding/properties/Policy/properties/PolNumber",
                      "type": "string"
                    }
                  },
                  "type": "object"
                }
              },
              "type": "object"
            }
          },
          "type": "object"
        },
        "TransExeDate": {
          "id": "/properties/TXLifeResponse/properties/TransExeDate",
          "type": "string"
        },
        "TransExeTime": {
          "id": "/properties/TXLifeResponse/properties/TransExeTime",
          "type": "string"
        },
        "TransMode": {
          "id": "/properties/TXLifeResponse/properties/TransMode",
          "properties": {
            "#text": {
              "id": "/properties/TXLifeResponse/properties/TransMode/properties/#text",
              "type": "string"
            },
            "@tc": {
              "id": "/properties/TXLifeResponse/properties/TransMode/properties/@tc",
              "type": "string"
            }
          },
          "type": "object"
        },
        "TransRefGUID": {
          "id": "/properties/TXLifeResponse/properties/TransRefGUID",
          "type": "string"
        },
        "TransResult": {
          "id": "/properties/TXLifeResponse/properties/TransResult",
          "properties": {
            "ResultCode": {
              "id": "/properties/TXLifeResponse/properties/TransResult/properties/ResultCode",
              "properties": {
                "#text": {
                  "id": "/properties/TXLifeResponse/properties/TransResult/properties/ResultCode/properties/#text",
                  "type": "string"
                },
                "@tc": {
                  "id": "/properties/TXLifeResponse/properties/TransResult/properties/ResultCode/properties/@tc",
                  "type": "string"
                }
              },
              "type": "object"
            }
          },
          "type": "object"
        },
        "TransType": {
          "id": "/properties/TXLifeResponse/properties/TransType",
          "properties": {
            "#text": {
              "id": "/properties/TXLifeResponse/properties/TransType/properties/#text",
              "type": "string"
            },
            "@tc": {
              "id": "/properties/TXLifeResponse/properties/TransType/properties/@tc",
              "type": "string"
            }
          },
          "type": "object"
        }
      },
      "type": "object"
    }
  },
  "type": "object"
  }
  
  
}