{
   "TXLife": {
   "@version": "version_1",
   "userAuthRequest": {
      "UserLoginName":"sysadmin"
	  },
      "TXLifeRequest": {
         "TransRefGUID": "2628944e-db6d-a45d-a433-0e6f438756e9",
         "TransType": {
            "@tc": "502",
            "$": "Holding Change"
         },
         "TransSubType": {
            "@tc": "50204",
            "$": "Change Existing Holding"
         },
         "TransEffDate": "2018-01-05",
         "TransMode": {
            "@tc": "2",
            "$": "Original request"
         },
         "OLifE": {
            "Holding": [
               {
                  "@id": "Holding_1",
                  "HoldingTypeCode": {
                     "@tc": "7",
                     "$": "Banking"
                  },
                  "Banking": {
                     "@id": "Banking1",
                     "@DataRep": "Removed",
                     "BankingSysKey": {
                        "$": "5"
                     },
                     "BankAcctType": {
                        "@tc": "2",
                        "$": "Checking"
                     },
                     "AccountNumber": "152364995",
                     "RoutingNum": "122100024",
                     "AcctHolderName": "Akshay Mango",
                     "BankName": "HDFC Bank"
                  }
               },
               {
                  "@id": "Holding_2",
                  "HoldingTypeCode": {
                     "@tc": "7",
                     "$": "Banking"
                  },
                  "Banking": {
                     "@id": "Banking2",
                     "@DataRep": "Full",
                     "BankingSysKey": {
                        "$": "5"
                     },
                     "BankAcctType": {
                        "@tc": "2",
                        "$": "Checking"
                     },
                     "AccountNumber": "152364995",
                     "RoutingNum": "122100024",
                     "AcctHolderName": "Akshay Mango",
                     "BankName":  "BANK OF DELHI"
                  }
               }
            ],
            "Party": [{
               "@id": "Party_1",
               "PartySysKey": {
                  "$": "470"
               },
               "PartyTypeCode": {
                  "@tc": "1",
                  "$": "Person"
               }
            }],
            "Relation": {
			   "@id": "Relation_1",
               "@RelatedObjectID": "Party_1",
               "@OriginatingObjectID": "Holding_1 Holding_2",
               "RelationRoleCode": {
                  "@tc": "8",
                  "$": "Owner"
               }
            }
         }
      }
   }
}