{
  "TXLife": {
   "TXLifeResponse": [{
      "TransRefGUID": "RGGUID027",
      "TransType": {
        "@tc": "502",
        "$": "Holding Change"
      },
      "TransSubType": {
        "@tc": "50204",
        "$": "Change Existing Holding"
      },
      "TransExeDate": "2017-05-05",
      "TransExeTime": "13:43:52",
      "TransResult": {
         "ResultCode": {
            "@tc": "5",
            "$": "Failure"
         },
         "ResultInfo": [{
            "ResultInfoDesc": "Process failed"
         }]
      }
   }]
  }
}
