{
  "TXLife": {
    "TXLifeRequest": {
      "TransRefGUID": "a345ea48-c4a9-d4fc-7bf1-70d8a6c32efd",
      "TransType": {
        "tc": "502",
        "$": "Holding Change"
      },
      "TransSubType": {
        "tc": "50204",
        "$": "Change Existing Holding"
      },
      "TransEffDate": "2015-08-21",
      "TransMode": {
        "tc": "2",
        "$": "Original request"
      },
      "OLifE": {
        "Holding": [{
          "id": "Holding_1",
          "HoldingTypeCode": {
            "tc": "7",
            "$": "Banking"
          },
          "Banking": {
            "id": "Banking1",
            "DataRep": "Full",
            "BankAcctType": {
              "tc": "2",
              "$": "Checking"
            },
            "AccountNumber": "1122334455",
            "RoutingNum": "021200339",
            "AcctHolderName": "Walt Mello",
            "BankName": "Best Bank of America"
          }
        }]
      }
    }
  }
}