{
   "TXLife": {
      "TXLifeRequest": {
         "TransRefGUID": "58d66cbf-ca36-f27e-d8cf-521ce00a7a9d",
         "TransType": {
            "@tc": "502",
            "$": "Holding Change"
         },
         "TransSubType": {
            "@tc": "50204",
            "$": "Change Existing Holding"
         },
         "TransEffDate": "2017-05-19",
         "TransMode": {
            "@tc": "2",
            "$": "Original request"
         },
         "OLifE": {
            "Holding": [{
               "@id": "holding1",
               "Banking": {
                  "@DataRep": "Removed",
                  "BankingSysKey": {
                    "$":"507"
                  },
                  "BankingType": "0"
               }
            }],
            "Party": [{
               "@id": "Party_1",
               "PartySysKey": {
                 "$":"3657"
                },
               "PartyTypeCode": {
                  "@tc": "1",
                  "$": "Person"
               }
            }],
            "Relation": [{
               "@id": "Relation_2",
               "@RelatedObjectID": "Party_1",
               "@OriginatingObjectID": "holding1",
               "RelationRoleCode": {
                  "@tc": "8",
                  "$": "Owner"
               }
            }]
         }
      }
   }
}