{
   "TXLife": {
      "TXLifeResponse": [{
         "TransRefGUID": "198834c9-6c98-b4ae-318a-0e902f9406ab",
         "TransType": {
            "@tc": "502",
            "$": "Holding Change"
         },
         "TransSubType": {
            "@tc": "50204",
            "$": "Change Existing Holding"
         },
         "TransExeDate": "2017-11-23-05:00",
         "TransExeTime": "23:06:50.927-05:00",
         "TransResult": {
            "ResultCode": {
               "@tc": "5",
               "$": "Failure"
            },
            "ResultInfo": [{
               "ResultInfoCode": {
                  "@tc": "",
                  "$": "General Error"
               },
               "ResultInfoDesc": "Process failed :Payment source timestamp invalid for Account Number :null"
            }]
         }
      }]
   }
}