{
	"TXLife": {
		"TXLifeRequest": {
			"TransRefGUID": "4c225fbc-6bea-68c1-1ef4-f860f9bcda3f",
			"TransType": {
				"@tc": "502",
				"$": "Holding Change"
			},
			"TransSubType": {
				"@tc": "50204",
				"$": "Change Existing Holding"
			},
			"TransEffDate": "2017-05-19",
			"TransMode": {
				"@tc": "2",
				"$": "Original request"
			},
			"OLifE": {
				"Holding": {
					"@id": "Holding_1",
					"HoldingTypeCode": {
						"@tc": "7",
						"$": "Banking"
					},
					"Banking": {
						"@id": "Banking1",
						"@DataRep": "Removed",
						"CreditDebitType": {
							"@tc": "1",
							"$": "Credit"
						},
						"BankAcctType": {
							"@tc": "3",
							"$": "Credit Card"
						},
						"CreditCardType": {
							"@tc": "4",
							"$": "American Express"
						},
						"CreditCardExpDate": "2022-05",
						"AccountNumber": "9914345634545355",
						"AcctHolderName": "smith jones",
						"CardVerificationNum": "000"
					}
				}
			}
		}
	}
}