{
    "TXLife": {
        "TXLifeResponse": {
            "TransRefGUID": "47c1a239-3442-6c81-a167-97b521e81874",
            "TransType": {
                "@tc": "502",
                "$": "Holding Change"
            },
            "TransSubType": {
                "@tc": "50204",
                "$": "Holding Change Delete"
            },
            "TransExeDate": "2017-09-05",
            "TransExeTime": "02:46:09",
            "TransResult": {
                "ResultCode": {
                    "@tc": "1",
                    "$": "Success"
                }
            }
        }
    }
}