{
  "TXLife": {
   "TXLifeResponse": {
      "TransRefGUID": "RGGUID027",
      "TransType": {
         "@tc": "502",
         "#text": "Holding Search"
      },
      "TransSubType": {
         "@tc": "50204",
         "#text": "Holding Change Delete"
      },
      "TransExeDate": "2017-05-05",
      "TransExeTime": "13:43:52",
      "TransResult": {
         "ResultCode": {
            "@tc": "5",
            "#text": "Failure"
         },
         "ResultInfo": {
            "ResultInfoDesc": "Process failed"
         }
      },
      "OLifE": {
         "@Version": "2.36.00",
         "Holding": {
            "Policy": {
               "PolNumber": "839415"
            }
         }
      }
   }
  } 
}
