{
   "TXLife": {
      "TXLifeResponse": [{
         "TransRefGUID": "58d66cbf-ca36-f27e-d8cf-521ce00a7a9d",
         "TransType": {
            "@tc": "502",
            "$": "Holding Change"
         },
         "TransSubType": {
            "@tc": "50204",
            "$": "Change Existing Holding"
         },
         "TransExeDate": "2018-09-14-04:00",
         "TransExeTime": "07:55:39.391-04:00",
         "TransResult": {
            "ResultCode": {
               "@tc": "1",
               "$": "Success"
            },
            "ResultInfo": [{
               "ResultInfoDesc": "The transaction was processed successfully"
            }]
         }
      }]
   }
}