{
  "TXLife": {
   "TXLifeResponse": {
      "TransRefGUID": "RGGUID027",
      "TransType": {
         "@tc": "2035",
         "$": "Holding Search"
      },
      "TransExeDate": "2017-05-05",
      "TransExeTime": "13:43:52",
      "TransResult": {
         "ResultCode": {
            "@tc": "5",
            "$": "Failure"
         },
         "ResultInfo": {
            "ResultInfoDesc": "Process failed"
         }
      },
      "OLifE": {
         "@Version": "2.36.00",
         "Holding": {
            "Policy": {
               "PolNumber": "839415"
            }
         }
      }
   }
  }
}
