{
                "TXLife": {
                  "TXLifeResponse": [{
                  "TransRefGUID": "d68b61ec-e641-60c6-6b8d-fca6bae52e52",
                    "TransType": {
                      "@tc": "2035",
                      "$": "Get Banking"
                    },                  
                    "TransExeDate": "2018-07-24-04:00",
                    "TransExeTime": "08:44:36",
                    "TransResult": {
                      "ResultCode": {
                        "@tc": "5",
                        "$": "Failure"
                      },
                      "ResultInfo": [
                        {
                          "ResultInfoCode": {
                            "@tc": "20",
                            "$": "General Error"
                          },
                          "ResultInfoDesc": "Process failed : Get Banking"

                        }
                      ]
                    }
                  }]
                }
              }