{
       "TXLife" : {
              "TXLifeResponse" : [{
                     "TransRefGUID" : "a345eb41-c4bf-d4fc-7ef2-79d8a6c52efd",
                     "TransType" : {
                           "@tc" : "2035",
                           "$" : "Holding Search"
                     },
                     "TransExeDate" : "2017-09-01",
                     "TransExeTime" : "09:22:15",
                     "TransResult" : {
                           "ResultCode" : {
                                  "@tc" : "1",
                                  "$" : "Success"
                           }
                     },
                     "OLifE" : {
                           "Holding" : [ {
                                  "@id" : "Holding_1",
                                  "HoldingTypeCode" : {
                                         "@tc" : "7",
                                         "$" : "Banking"
                                  },
                                  "Banking" : {
                                         "@id" : "Banking1",
                                         "BankingSysKey" : "1294",
                                         "BankAcctType" : {
                                                "@tc" : "2",
                                                "$" : "Checking"
                                         },
                                         "AccountNumber" : "1122334457",
                                         "RoutingNum" : "021200339",
                                         "AcctHolderName" : "Peter Parker",
                                         "BankName" : "bank of america"
                                  },
                                  "OLifEExtension" : {
                                         "BankingType" : "1",
                                         "RoleCount" : "2",
                                         "PolicyId" : "8391305",
                                         "billId" : "1355",
                                         "billingType" : "1",
                                         "PolicyNumber" : "8391305"
                                  }
                           }, {
                                  "@id" : "Holding_2",
                                  "HoldingTypeCode" : {
                                         "@tc" : "7",
                                         "$" : "Banking"
                                  },
                                  "Banking" : {
                                         "@id" : "Banking2",
                                         "BankingSysKey" : "391",
                                         "BankAcctType" : {
                                                "@tc" : "1",
                                                "$" : "Savings"
                                         },
                                         "AccountNumber" : "0210000217744",
                                         "RoutingNum" : "021000021",
                                         "AcctHolderName" : "Peter Parker",
                                         "BankName" : "Chase"
                                  },
                                  "OLifEExtension" : {
                                         "BankingType" : "2",
                                         "RoleCount" : "2",
                                         "PolicyId" : "8391305",
                                         "billId" : "1653",
                                         "billingType" : "2",
                                         "PolicyNumber" : "8391305"
                                  }
                           } ]
                     }
              }]
       }
}
