{
	"TXLife": {
		"TXLifeRequest": {
			"TransRefGUID": "d986209e-64a4-a729-ac4f-92e33958c9a2",
			"TransType": {
				"@tc": "502",
				"$": "Holding Change"
			},
			"TransSubType": {
				"@tc": "50204",
				"$": "Change Existing Holding"
			},
			"TransEffDate": "2017-05-19",
			"TransMode": {
				"@tc": "2",
				"$": "Original request"
			},
			"OLifE": [{
				"Holding": {
					"@id": "Holding_1",
					"HoldingTypeCode": {
						"@tc": "7",
						"$": "Banking"
					},
					"Banking": {
						"@id": "Banking1",
						"@DataRep": "Removed",
						"BankingSysKey": 495,
						"CreditDebitType": {
							"@tc": "1",
							"$": "Credit Card"
						},
						"BankAcctType": {
							"@tc": "3",
							"$": "credit-card"
						},
						"CreditCardType": {
							"@tc": "2",
							"$": "Visa"
						},
						"CreditCardExpDate": "2022-05",
						"AccountNumber": "9914345634545366",
						"AcctHolderName": "smith jones",
						"CardVerificationNum": "000"
					}
				}
			}, {
				"Holding": {
					"@id": "Holding_2",
					"HoldingTypeCode": {
						"@tc": "7",
						"$": "Banking"
					},
					"Banking": {
						"@id": "Banking2",
						"@DataRep": "Full",
						"CreditDebitType": {
							"@tc": "1",
							"$": "Credit Card"
						},
						"BankAcctType": {
							"@tc": "3",
							"$": "Credit Card"
						},
						"CreditCardType": {
							"@tc": "2",
							"$": "Visa"
						},
						"CreditCardExpDate": "2022-05",
						"AccountNumber": "9914345634545354",
						"AcctHolderName": "smith jones",
						"CardVerificationNum": "000"
					}
				}
			}]
		}
	}
}