{
  "TXLife": {
    "TXLifeRequest": {
      "@PrimaryObjectID": "Holding_1",
      "TransRefGUID": "47c1a239-34b2-6a46-a167-97b521e8187",
      "TransType": {
        "tc": "502",
        "$": "Holding Change"
      },
      "TransSubType": {
        "tc": "50204",
        "$": "Change Existing Holding"
      },
      "TransEffDate": "2015-08-21",
      "TransMode": {
        "tc": "2",
        "$": "Original request"
      },
      "OLifE": {
        "Holding": [
          {
            "id": "Holding_1",
            "HoldingTypeCode": {
              "tc": "7",
              "$": "Banking"
            },
            "Banking": {
              "id": "Banking1",
              "DataRep": "Removed",
              "BankingSysKey": "32",
              "BankAcctType": {
                "tc": "2",
                "$": "Checking"
              },
              "AccountNumber": "1122334455",
              "RoutingNum": "1234567890",
              "AcctHolderName": "Walt Mello",
              "BankName": "Best Bank of America"
            }
          },
          {
            "id": "Holding_2",
            "HoldingTypeCode": {
              "tc": "7",
              "$": "Banking"
            },
            "Banking": {
              "id": "Banking2",
              "DataRep": "Full",
              "BankingSysKey": "32",
              "BankAcctType": {
                "tc": "2",
                "$": "Checking"
              },
              "AccountNumber": "1122334456",
              "RoutingNum": "1234567890",
              "AcctHolderName": "Walt Mello",
              "BankName": "Best Bank of America"
            }
          }
        ]
      }
    }
  }
}