{
   "TXLife": {
      "TXLifeResponse": {
         "TransRefGUID": "4a235fbc-6be4-64c1-1e74-f86089bcda3f",
         "TransType": {
            "@tc": "230",
            "$": "Bank Information Inquiry"
         },
         "TransSubType": {
            "@tc": "23002",
            "$": "Bank Information Inquiry"
         },
         "TransExeDate": "2018-01-30-05:00",
         "TransExeTime": "04:46:26.182-05:00",
         "TransResult": {
            "ResultCode": {
               "@tc": "5",
               "$": "Failure"
            },
            "ResultInfo": [{
               "ResultInfoCode": {
                  "@tc": "100",
                  "$": "General Error"
               },
               "ResultInfoDesc": "Duplicate Exception",
               "ResultInfoSeverity": {
                  "@tc": "2",
                  "$": "High"
               }
            }]
         }
      }
   }
}