{
  "TXLife": {
    "UserAuthRequest": {
      "UserLoginName": "SUPERVIS"
    },
    "TXLifeRequest": {
      "TransRefGUID": "4a235fbc-6be4-64c1-1e74-f86089bcda3f",
      "TransType": {
        "@tc": "230",
        "$": "Bank Information Inquiry"
      },
      "TransSubType": {
        "@tc": "23002",
        "$": "Bank Information Inquiry"
      },
      "TransExeDate": "2019-03-04",
      "TransExeTime": "07:19:52",
      "OLifE": {
        "Holding": [{
          "@id": "Holding_1",
          "HoldingTypeCode": {
            "@tc": "7",
            "$": "Banking"
          },
          "Banking": {
            "RoutingNum": "111111111"
          }
        }]
      }
    }
  }
}
