{
	"TXLife" : {
		"TXLifeResponse" : {
			"TransRefGUID" : "4a235fbc-6be-64c1-1a74-f86089bcda3f",
			"TransType" : {
				"@tc" : "230",
				"$" : "Bank Information Inquiry"
			},
			"TransSubType" : {
				"@tc" : "23002",
				"$" : "Bank Information Inquiry"
			},
			"TransExeDate" : "2018-11-16",
			"TransExeTime" : "05:13:24-05:00",
			"TransResult" : {
				"ResultCode" : {
					"@tc" : "5",
					"$" : "Failure"
				},
				"ResultInfo" : {
					"ResultInfoCode" : {
						"@tc" : "100",
						"$" : "General Error"
					},
					"ResultInfoDesc" : "Multiple causes: cvc-pattern-valid: Value is not facet-valid with respect to pattern for type 'TransRefGUIDString'. cvc-type.3.1.3: The value of element 'TransRefGUID' is not valid.",
					"ResultInfoSeverity" : {
						"@tc" : "2",
						"$" : "High"
					}
				}
			}
		}
	}
}  