{
   "TXLife": {
      "TXLifeResponse": {
         "TransRefGUID": "4a235fbc-6be4-64c1-1e74-f86089bcda3f",
         "TransType": {
            "@tc": "230",
            "$": "Bank Information Inquiry"
         },
         "TransSubType": {
            "@tc": "23002",
            "$": "Bank Information Inquiry"
         },
         "TransExeDate": "2018-01-30-05:00",
         "TransExeTime": "04:52:27.207-05:00",
         "TransResult": {
            "ResultCode": {
               "@tc": "1",
               "$": "Success"
            },
            "ResultInfo": [{
               "ResultInfoDesc": "Valid Routing Number"
            }]
         },
         "OLifE": {
            "Holding": [{
               "@id": "Holdind_1",
               "HoldingTypeCode": {
                  "@tc": "7",
                  "$": "Banking"
               },
               "HoldingName": "Bank Details",
               "Banking": {
                  "RoutingNum": "111000119",
                  "InstitutionNumber": "183",
                  "BankName": "Yes Bank",
                  "OLifEExtension": {
                     "EffectiveDate": "2007-07-07"
                  }
               }
            }]
         }
      }
   }
}