{
   "TXLife": {
      "UserAuthRequest": {
         "UserLoginName": "SUPERVIS"
      },
      "TXLifeRequest": [{
         "TransRefGUID": "89d8976a-3b3f-4659-a68d-796431cbafcd",
         "TransType": {
            "@tc": "502",
            "$": "Process Beneficiary Request"
         },
         "TransSubType": {
            "@tc": "50204",
            "$": "Process Beneficiary Request"
         },
         "TransExeDate": "2018-02-12",
         "TransExeTime": "15:48:20Z",
         "ChangeSubType": [{
            "ChangeTC": {
               "@tc": "22",
               "$": "Change a Relationship"
            }
         }],
         "OLifE": {
            "Holding": [{
               "@id": "Holding_ProposedPolicy",
               "Policy": {
                  "PolNumber": "839113",
                  "ProductCode": "100"
               }
            }],
            "Party": [
               {
                  "@id": "Primary_Beneficiary1",
                  "PartyTypeCode": {
                     "@tc": "1",
                     "$": "Person"
                  },
                  "GovtID": "1000000000",
                  "GovtIDTC": {
                     "@tc": "1",
                     "$": "1"
                  },
                  "Person": [{
                     "FirstName": "uhbhasd",
                     "MiddleName": "ee",
                     "LastName": "sdjhbsdbhj",
                     "Prefix": "Mr",
                     "Suffix": "",
                     "Gender": {
                        "@tc": "1",
                        "$": "MALE"
                     },
                     "BirthDate": "1988-01-22",
                     "Citizenship": {
                        "@tc": "1",
                        "$": "USA"
                     },
                     "NonResidentAlienInd": {
                        "@tc": "0",
                        "$": "false"
                     }
                  }],
                  "EMailAddress": {
                     "EMailType": {
                        "@tc": "5",
                        "$": "Personal"
                     },
                     "AddrLine": "primary@gov-cref.org"
                  },
                  "OLifEExtension": {
                     "ALIPClientID": "4155"
                  }
               },
               {
                  "@id": "Primary_Ben1",
                  "PartyTypeCode": {
                     "@tc": "2",
                     "$": "Organization"
                  },
                  "FullName": "Trust1",
                  "GovtID": "1000000000",
                   "GovtIDTC": {
                     "@tc": "1",
                     "$": "1"
                  },                 
                  "Organization": [{
                     "TrustType": {
                        "@tc": "6",
                        "$": "Trust"
                     },
                     "EstabDate": "2018-11-12"
                  }],
                  "OLifEExtension": {
                     "ALIPClientID": "2353"
                  }
               },
               {
                  "@id": "Primary_Ben2",
                  "PartyTypeCode": {
                     "@tc": "2",
                     "$": "Organization"
                  },
                  "FullName": "Trust2",
                  "GovtID": "1000000000",
                   "GovtIDTC": {
                     "@tc": "1",
                     "$": "1"
                  },
                  
                  "Organization": [{
                     "TrustType": {
                        "@tc": "6",
                        "$": "Trust"
                     },
                     "EstabDate": "2018-11-12"
                  }],
                  "OLifEExtension": {
                     "ALIPClientID": "1945"
                  }
               }
            ],
            "Relation": [
               {
                  "@OriginatingObjectID": "Holding_ProposedPolicy",
                  "@RelatedObjectID": "Primary_Beneficiary1",
                  "@id": "Party_BEN1",
                  "RelationRoleCode": {
                     "@tc": "34",
                     "$": "Primary Beneficiary"
                  },
                  "InterestPercent": "100",
                  "OLifEExtension": {
                     "BeneficiaryToOwnerRelation": "Brother"
                  }
               },
               {
                  "@OriginatingObjectID": "Holding_ProposedPolicy",
                  "@RelatedObjectID": "Primary_Ben1",
                  "@id": "Party_BEN3",
                  "RelationRoleCode": {
                     "@tc": "34",
                     "$": "Primary Beneficiary"
                  },
                  "InterestPercent": "0",
                  "OLifEExtension": {
                     "BeneficiaryToOwnerRelation": "Brother"
                  }
               },
               {
                  "@OriginatingObjectID": "Holding_ProposedPolicy",
                  "@RelatedObjectID": "Primary_Ben2",
                  "@id": "Party_BEN4",
                  "RelationRoleCode": {
                     "@tc": "34",
                     "$": "Primary Beneficiary"
                  },
                  "InterestPercent": "0",
                  "OLifEExtension": {
                     "BeneficiaryToOwnerRelation": "Brother"
                  }
               }
            ]
         }
      }]
   }
}