{
   "TXLife": {
      "UserAuthRequest": {
         "UserLoginName": "SUPERVIS"
      },
      "TXLifeRequest": {
         "TransRefGUID": "4bc8be60-9d19-5710-c520-01dce5e35d11",
         "TransType": {
            "@tc": "182",
            "$": "Party Update"
         },
         "TransSubType": {
            "@tc": "18200",
            "$": "Phone Update Request"
         },
         "TransExeDate": "2018-03-14",
         "TransExeTime": "15:48:20Z",
         "OLifE": {
            "Party": {
               "@id": "Party_1",
               "Phone": {
                  "PhoneTypeCode": {
                     "@tc": "12",
                     "$": "MP"
                  },
                  "AreaCode": "134",
                  "DialNumber": "8935641"
               },
               "OLifEExtension": {
                  "ALIPClientID": "3457"
               }
            }
         }
      }
   }
}