{
   "TXLife": {
      "UserAuthRequest": {
         "UserLoginName": "www"
      },
      "TXLifeRequest": {
         "TransRefGUID": "d1921a0e-7383-b09e-29d8-e9980cf0ad67",
         "TransType": {
            "@tc": "181",
            "$": "Address Change Request"
         },
         "TransSubType": {
            "@tc": "18100",
            "$": "Address Change Request"
         },
         "TransExeDate": "2017-11-24",
         "TransExeTime": "15:48:20Z",
         "OLifE": {
            "Party": {
               "@id": "Party_1",
               "Address": {
                  "AddressTypeCode": {
                     "@tc": "0",
                     "$": "Mailing"
                  },
                  "Line1": "1A Mailing",
                  "Line2": "BBB",
                  "Line3": "CCC",
                  "City": "Hoboken",
                  "AddressStateTC": {
                     "@tc": "35",
                     "$": "NJ"
                  },
                  "Zip": "07030",
                  "AddressCountryTC": {
                     "@tc": "1",
                     "$": "USA"
                  },
                  "PrefAddr": {
                     "@tc": "1",
                     "$": "true"
                  },
                  "StartDate": "2017-08-01",
                  "EndDate": "2019-12-31"
               },
               "OLifEExtension": {
                  "ALIPClientID": "1219"
               }
            }
         }
      }
   }
}