{
   "TXLife": {
      "UserAuthRequest": {
         "UserLoginName": "SUPERVIS"
      },
      "TXLifeRequest": {
         "TransRefGUID": "22c04cd3-2942-43a3-b419-9fc81a36bc1d",
         "TransType": {
            "@tc": "183",
            "$": "EMail Address Change Request"
         },
         "TransSubType": {
            "@tc": "18300",
            "$": "EMail Address Change Request"
         },
         "TransExeDate": "2017-08-22",
         "TransExeTime": "15:48:20Z",
         "OLifE": {
            "Party": {
               "@id": "Party_1",
               "PartySysKey": "414",
               "EMailAddress": {
                  "@DataRep": "Removed",
                  "EMailType": {
                     "@tc": "6",
                     "$": "Secondary"
                  },
                  "AddrLine": "one1677@test.com"
               }
            }
         }
      }
   }
}