{
  "TXLife" : {
	  "UserAuthRequest":{
		"UserLoginName":"super"
	  },
		"TXLifeRequest" : {
			"TransRefGUID" : "e2382649-1aa5-4a92-8af3-4aa4d7c7200a",
			"TransType" : {
				"@tc" : "183",
				"$" : "EMail Address Change Request"
			},
			"TransSubType" : {
				"@tc" : "18300",
				"$" : "EMail Address Change Request"
			},
			"TransExeDate": "2018-01-09",
			"TransExeTime": "15:48:20Z",
			"OLifE" : {
				"Party" : [{
					"@id" : "Party_1",
					"EMailAddress" : [{
						"EMailType" : {
							"@tc" : "5",
							"$" : "Primary"
						},
						"AddrLine" : "eeeeeee@added.com"
					}],
					"OLifEExtension": {
						"ALIPClientID": "2353"
					}
				}]
			}
		}
	}
}