{
   "TXLife": {
      "TXLifeRequest": {
         "TransRefGUID": "5b85a052-28c4-9193-ba4a-cc2167f9faa5",
         "TransType": {
            "@tc": "189",
            "$": "Set Delivery Instructions"
         },
         "TransSubType": {
            "@tc": "18903",
			"$": "Set Delivery Instructions"
         },
		 "TransExeDate": "2019-05-15",
		 "TransExeTime": "15:48:20Z",
         "OLifE": {
            "Party": {
               "@id": "Party_1",
               "PartySysKey": "4154"
            },
            "Holding": {
               "@id": "Holding_1",
               "HoldingTypeCode": {
                  "@tc": "2",
                  "$": "Policy"
               },
               "Policy": {
                  "PolNumber": "086299",
                  "Annuity": {
                     "Rider": {
                        "Participant": {
                           "ParticipantRoleCode": {
                              "@tc": "18",
                              "$": "Owner"
                           },
                           "DeliveryInfo": {
                              "DocumentCategory": {
                                 "@tc": "1",
                                 "$": "Statement"
                              },
                              "DeliveryDestination": {
                                 "DocumentDestinationType": {
                                    "@tc": "3",
                                    "$": "EMail"
                                 }
                              }
                           }
                        }
                     }
                  }
               }
            }
         }
      }
   }
}