{
   "TXLife": {
      "UserAuthRequest": {
         "UserLoginName": "SUPERVIS"
      },
      "TXLifeRequest": {
         "TransRefGUID": "faead87c-8005-4241-a8a8-95d1c2b42985",
         "TransType": {
            "@tc": "186",
            "$": "Process Beneficiary Request"
         },
		 "TransSubType": {
            "@tc": "18600",
            "$": "Process Beneficiary Request"
         },
         "TransExeDate": "2018-02-12",
         "TransExeTime": "15:48:20Z",
         "OLifE": {
            "Holding": {
               "@id": "Holding_ProposedPolicy",
               "HoldingTypeCode": {
                  "@tc": "2",
                  "$": "Policy"
               },
               "Policy": {
                  "PolNumber": "839113",
                  "CarrierCode": "-999",
                  "ProductCode": "100",
                  "LineOfBusiness": {
                     "@tc": "1",
                     "$": "Life - Both"
                  }
               }
            },
            "Party": {
               "@id": "Primary_Beneficiary",
               "PartySysKey": "4154",
               "FullName": "uhbhasd sdjhbsdbhj",
               "GovtID": "1000000000",
               "GovtIDTC": {
                  "@tc": "1",
                  "$": "1"
               },
               "Person": {
                  "FirstName": "uhbhasd",
                  "MiddleName": "",
                  "LastName": "sdjhbsdbhj",
                  "Occupation": "",
                  "Gender": {
                     "@tc": "1",
					 "$": ""
                  },
                  "BirthDate": "1988-01-22",
                  "Citizenship": {
                     "@tc": "1",
					 "$": ""
                  },
                  "BirthJurisdiction": "",
                  "OLifEExtension": {
                     "PersonExtension": {
                        "TobaccoUse": {
                           "@tc": "0",
						   "$": ""
                        }
                     }
                  }
               }
            },
            "Relation": {
               "@OriginatingObjectID": "Holding_ProposedPolicy",
               "@RelatedObjectID": "Primary_Beneficiary",
               "@id": "Party_BEN1",
               "OriginatingObjectType": {
                  "@tc": "4",
                  "$": "Holding"
               },
               "RelatedObjectType": {
                  "@tc": "6",
                  "$": "Party"
               },
               "RelationRoleCode": {
                  "@tc": "34",
                  "$": "Primary Beneficiary"
               },
               "RelationDescription": {
                  "@tc": "0",
				  "$": ""
               },
               "InterestPercent": "100",
               "OLifEExtension": {
                  "RelationStatus": "Active"
               }
            }
         }
      }
   }
}