{
  "swagger": "2.0",
  "info": {
    "title": "alip-transaction",
    "description": "ALIP Transaction API",
    "version": "v1"
  },
  "host": "alipmule.eastus.cloudapp.azure.com",
  "basePath": "/alip-transactions",
  "schemes": [
    "http"
  ],
  "paths": {
    "/contracts/{id}/transactions": {
      "x-amf-description": "Withdrawal/Loan/Rebalance/Fund Transfer Request API",
      "post": {
        "description": "Withdrawal/Loan/Rebalance/Fund Transfer Request API",
        "parameters": [
          {
            "name": "id",
            "description": "Contract Number",
            "required": true,
            "in": "path",
            "default": "07675",
            "type": "string"
          },
          {
            "x-amf-mediaType": "application/json",
            "in": "body",
            "name": "generated",
            "schema": {
              "x-amf-examples": {
                "withDrawalCheck": {
                  "TXLife": {
                    "TXLifeRequest": {
                      "TransType": {
                        "@tc": "105",
                        "$": "Withdrawal"
                      },
                      "TransRefGUID": "06f484dd-26c8-9873-f0dd-adb8e4169388",
                      "TransEffDate": "2015-01-30",
                      "OLifE": {
                        "@Version": "2.36.00",
                        "Holding": {
                          "Arrangement": {
                            "@id": "Arrangement_1",
                            "ArrType": {
                              "@tc": "58",
                              "$": "One Time Withdrawal"
                            },
                            "AmountQualifier": {
                              "@tc": "1",
                              "$": "Net"
                            },
                            "ModalAmt": "1000",
                            "ArrMode": {
                              "@tc": "9",
                              "$": "Single Payment"
                            },
                            "ArrSubType": {
                              "@tc": "4",
                              "$": "Specified Amount Withdrawal"
                            },
                            "ArrSource": {
                              "@id": "ArrSource_1",
                              "@SubAcctID": "SubAccount_1",
                              "TransferAmt": "1000"
                            }
                          },
                          "@id": "Holding_1",
                          "HoldingTypeCode": {
                            "@tc": "2",
                            "$": "Policy"
                          },
                          "Policy": {
                            "PolNumber": "086346",
                            "ProductCode": "086",
                            "CarrierCode": "ABC",
                            "FinancialActivity": {
                              "@ArrangementRefID": "Arrangement_1",
                              "Payment": {
                                "@id": "Payment_1",
                                "PaymentForm": {
                                  "@tc": "10",
                                  "$": "Corporate Check"
                                },
                                "CreateCheckInd": {
                                  "@tc": "1",
                                  "$": "True"
                                }
                              },
                              "FinActivityNetAmt": "1000",
                              "@id": "FinActivity_1",
                              "FinActivityType": {
                                "@tc": "6",
                                "$": "Specified Dollar Amount Withdrawal (Net)"
                              },
                              "OrderDate": "2003-05-09",
                              "FinEffDate": "2003-05-12"
                            }
                          },
                          "Investment": {
                            "@id": "Investment_1",
                            "SubAccount": {
                              "@id": "SubAccount_1",
                              "SubAccountKey": "0D_07"
                            }
                          }
                        }
                      },
                      "@PrimaryObjectID": "Holding_1",
                      "TransMode": {
                        "@tc": "2",
                        "$": "Original request"
                      }
                    }
                  }
                },
                "withDrawalEFT": {
                  "TXLife": {
                    "TXLifeRequest": {
                      "TransMode": {
                        "@tc": "2",
                        "$": "Original request"
                      },
                      "TransType": {
                        "@tc": "105",
                        "$": "Withdrawal"
                      },
                      "TransEffDate": "2015-01-19",
                      "OLifE": {
                        "@Version": "2.36.00",
                        "Holding": [
                          {
                            "Policy": {
                              "PolNumber": "086346",
                              "ProductCode": "086",
                              "CarrierCode": "ABC",
                              "FinancialActivity": {
                                "OrderDate": "2015-01-16",
                                "FinEffDate": "2015-01-17",
                                "@ArrangementRefID": "Arrangement_1",
                                "@id": "FinActivity_1",
                                "FinActivityType": {
                                  "@tc": "6",
                                  "$": "Specified Dollar Amount Withdrawal (Net)"
                                },
                                "Payment": {
                                  "@id": "Payment_1",
                                  "PayeeRelationRoleCode": {
                                    "@tc": "18",
                                    "$": "Owner"
                                  },
                                  "CreateCheckInd": {
                                    "@tc": "0",
                                    "$": "False"
                                  },
                                  "@PayeeID": "Party_1",
                                  "PayeeName": "Walt Mello",
                                  "@BankHoldingID": "Disbursement_Bank",
                                  "PaymentForm": {
                                    "@tc": "7",
                                    "$": "Electronic Funds Transfer"
                                  }
                                },
                                "FinActivityNetAmt": "1000"
                              }
                            },
                            "Investment": {
                              "@id": "Investment_1",
                              "SubAccount": [
                                {
                                  "@id": "SubAccount_1",
                                  "SubAccountKey": "0A_0D"
                                },
                                {
                                  "@id": "SubAccount_2",
                                  "SubAccountKey": "0A_0E"
                                }
                              ]
                            },
                            "@id": "Holding_1",
                            "Arrangement": {
                              "AmountQualifier": {
                                "@tc": "1",
                                "$": "Net"
                              },
                              "ArrSubType": {
                                "@tc": "4",
                                "$": "Specified Amount Withdrawal"
                              },
                              "ArrType": {
                                "@tc": "58",
                                "$": "One Time Withdrawal"
                              },
                              "ArrMode": {
                                "@tc": "9",
                                "$": "Single Payment"
                              },
                              "ArrSource": [
                                {
                                  "@id": "ArrSource_1",
                                  "@SubAcctID": "SubAccount_1",
                                  "TransferAmt": "600"
                                },
                                {
                                  "@id": "ArrSource_2",
                                  "@SubAcctID": "SubAccount_2",
                                  "TransferAmt": "400"
                                }
                              ],
                              "ModalAmt": "1000",
                              "@id": "Arrangement_1"
                            },
                            "HoldingTypeCode": {
                              "@tc": "2",
                              "$": "Policy"
                            }
                          },
                          {
                            "@id": "Disbursement_Bank",
                            "HoldingTypeCode": {
                              "@tc": "7",
                              "$": "Banking"
                            },
                            "Banking": {
                              "@id": "Banking1",
                              "BankAcctType": {
                                "@tc": "2",
                                "$": "Checking"
                              },
                              "RoutingNum": "1234567890",
                              "BankName": "Best Bank of America",
                              "@AppliesToPartyID": "Party_1",
                              "AccountNumber": "1122334455",
                              "AcctHolderName": "Walt Mello"
                            }
                          }
                        ],
                        "Party": {
                          "@id": "Party_1",
                          "PartyTypeCode": {
                            "@tc": "1",
                            "$": "Person"
                          },
                          "Person": {
                            "FirstName": "Walt",
                            "LastName": "Mello"
                          }
                        },
                        "Relation": {
                          "@id": "Relation_2",
                          "@RelatedObjectID": "Party_1",
                          "@OriginatingObjectID": "Holding_1",
                          "RelationRoleCode": {
                            "@tc": "8",
                            "$": "Owner"
                          }
                        }
                      },
                      "TransRefGUID": "123456789",
                      "@PrimaryObjectID": "Holding_1"
                    }
                  }
                },
                "loan": {
                  "TXLife": {
                    "TXLifeRequest": {
                      "TransMode": {
                        "@tc": "2",
                        "$": "Original request"
                      },
                      "TransRefGUID": "06f483dd-26c8-9873-f0dd-ada6e4169345",
                      "TransEffDate": "2016-02-07",
                      "OLifE": {
                        "@Version": "2.36.00",
                        "Holding": [
                          {
                            "HoldingTypeCode": {
                              "@tc": "2",
                              "$": "Policy"
                            },
                            "@id": "Holding_1",
                            "Investment": {
                              "@id": "Investment_1",
                              "SubAccount": {
                                "@id": "SubAccount_1",
                                "SubAccountKey": "0D_07"
                              }
                            },
                            "Arrangement": {
                              "@id": "Arrangement_1",
                              "ArrType": {
                                "@tc": "50",
                                "$": "Loan"
                              },
                              "SourceTransferAmtType": {
                                "@tc": "2",
                                "$": "Amount"
                              },
                              "ArrSource": {
                                "@id": "ArrSource_1",
                                "@SubAcctID": "SubAccount_1",
                                "TransferAmt": "1000"
                              }
                            },
                            "Policy": {
                              "PolNumber": "086346",
                              "ProductCode": "086",
                              "CarrierCode": "ABC",
                              "FinancialActivity": {
                                "Payment": {
                                  "PayeeName": "Walt Mello",
                                  "PaymentForm": {
                                    "@tc": "7",
                                    "$": "Electronic Funds Transfer"
                                  },
                                  "@PayeeID": "Party_1",
                                  "PayeeRelationRoleCode": {
                                    "@tc": "18",
                                    "$": "Owner"
                                  },
                                  "@id": "Payment_1",
                                  "@BankHoldingID": "Disbursement_Bank",
                                  "CreateCheckInd": {
                                    "@tc": "0",
                                    "$": "False"
                                  }
                                },
                                "@ArrangementRefID": "Arrangement_1",
                                "OrderDate": "2015-01-19",
                                "FinActivityType": {
                                  "@tc": "300",
                                  "$": "Net Loan"
                                },
                                "FinEffDate": "2015-01-19",
                                "@id": "FinActivity_1",
                                "FinActivityNetAmt": "1000"
                              }
                            }
                          },
                          {
                            "@id": "Disbursement_Bank",
                            "HoldingTypeCode": {
                              "@tc": "7",
                              "$": "Banking"
                            },
                            "Banking": {
                              "BankAcctType": {
                                "@tc": "2",
                                "$": "Checking"
                              },
                              "BankName": "Best Bank of America",
                              "RoutingNum": "1234567890",
                              "@AppliesToPartyID": "Party_1",
                              "AcctHolderName": "Walt Mello",
                              "@id": "Banking1",
                              "AccountNumber": "1122334455"
                            }
                          }
                        ],
                        "Party": {
                          "@id": "Party_1",
                          "PartyTypeCode": {
                            "@tc": "1",
                            "$": "Person"
                          },
                          "Person": {
                            "FirstName": "Walt",
                            "LastName": "Mello"
                          },
                          "Address": {
                            "AddressCountryTC": {
                              "@tc": "1",
                              "$": "USA"
                            },
                            "AddressState": "Kansas",
                            "Line1": "277 Main Street",
                            "@id": "Address_1",
                            "Line3": [],
                            "Line2": [],
                            "AddressStateTC": {
                              "@tc": "20",
                              "$": "KS"
                            },
                            "Zip": "67212",
                            "AddressTypeCode": {
                              "@tc": "1",
                              "$": "Home"
                            },
                            "City": "WICHITA",
                            "AddressCountry": "United States of America"
                          }
                        },
                        "Relation": {
                          "@id": "Relation_2",
                          "@RelatedObjectID": "Party_1",
                          "@OriginatingObjectID": "Holding_1",
                          "RelationRoleCode": {
                            "@tc": "8",
                            "$": "Owner"
                          }
                        }
                      },
                      "TransType": {
                        "@tc": "509",
                        "$": "Loan Processing"
                      },
                      "@PrimaryObjectID": "Holding_1"
                    }
                  }
                },
                "rebalance": {
                  "TXLife": {
                    "TXLifeRequest": {
                      "TransEffDate": "2016-02-24",
                      "@PrimaryObjectID": "Holding_1",
                      "TransType": {
                        "@tc": "185",
                        "$": "Financial Activity"
                      },
                      "TransMode": {
                        "@tc": "2",
                        "$": "Original request"
                      },
                      "OLifE": {
                        "@Version": "2.36.00",
                        "Holding": {
                          "@id": "Holding_1",
                          "HoldingTypeCode": {
                            "@tc": "2",
                            "$": "Policy"
                          },
                          "Policy": {
                            "PolNumber": "08695",
                            "ProductCode": "086",
                            "CarrierCode": "ABC",
                            "FinancialActivity": {
                              "@id": "fa_pol_1",
                              "FinActivityType": {
                                "@tc": "18",
                                "$": "Asset Rebalancing"
                              },
                              "FinEffDate": "2016-02-24",
                              "FinancialActivityInfo": [
                                {
                                  "@id": "fai_sa_1",
                                  "@FinancialActivityID": "fa_sa_1"
                                },
                                {
                                  "@id": "fai_sa_2",
                                  "@FinancialActivityID": "fa_sa_2"
                                }
                              ]
                            }
                          },
                          "Investment": {
                            "@id": "Investment_1",
                            "SubAccount": [
                              {
                                "@id": "SubAccount_1",
                                "SubAccountKey": "0F_04",
                                "FinancialActivity": {
                                  "@id": "fa_sa_1",
                                  "FinActivityType": {
                                    "@tc": "18",
                                    "$": "Asset Rebalancing"
                                  },
                                  "FinActivityPct": "60",
                                  "FinEffDate": "2016-02-24"
                                }
                              },
                              {
                                "@id": "SubAccount_2",
                                "SubAccountKey": "0D_07",
                                "FinancialActivity": {
                                  "@id": "fa_sa_2",
                                  "FinActivityType": {
                                    "@tc": "18",
                                    "$": "Asset Rebalancing"
                                  },
                                  "FinActivityPct": "40",
                                  "FinEffDate": "2016-02-24"
                                }
                              }
                            ]
                          }
                        }
                      },
                      "TransRefGUID": "06f484bd-14c8-9873-f0ba-adb8e4169488"
                    }
                  }
                },
                "fundTransfer": {
                  "TXLife": {
                    "UserAuthRequest": {
                      "UserLoginName": "PRATHAMESH"
                    },
                    "TXLifeRequest": {
                      "TransEffDate": "2017-05-03",
                      "OLifE": {
                        "@Version": "2.36.00",
                        "Holding": [
                          {
                            "HoldingTypeCode": {
                              "@tc": "2",
                              "$": "Policy"
                            },
                            "Investment": {
                              "@id": "Investment_1",
                              "SubAccount": [
                                {
                                  "@id": "SubAccount_1",
                                  "SubAccountKey": "0P_01"
                                },
                                {
                                  "@id": "SubAccount_2",
                                  "SubAccountKey": "0F_05"
                                }
                              ]
                            },
                            "Arrangement": {
                              "DestTransferAmtType": {
                                "@tc": "3",
                                "$": "Percentage"
                              },
                              "ModalAmt": 13.2817,
                              "SourceTransferAmtType": {
                                "@tc": "3",
                                "$": "Percentage"
                              },
                              "ArrSource": [
                                {
                                  "@id": "ArrSource_1",
                                  "@SubAcctID": "SubAccount_1",
                                  "TransferPct": 1
                                }
                              ],
                              "@DataRep": "Full",
                              "@id": "Arrangement_1",
                              "ArrType": {
                                "@tc": "1",
                                "$": "Transfer"
                              },
                              "ArrDestination": [
                                {
                                  "@id": "ArrDestination_1",
                                  "@SubAcctID": "SubAccount_2",
                                  "TransferPct": 100
                                }
                              ],
                              "ArrMode": {
                                "@tc": "9",
                                "$": "Single Payment"
                              }
                            },
                            "Policy": {
                              "PolNumber": 839438,
                              "ProductCode": 839,
                              "CarrierCode": -999
                            },
                            "@id": "Holding_1"
                          }
                        ]
                      },
                      "TransSubType": {
                        "@tc": "10200",
                        "$": "Fund Transfer Only"
                      },
                      "TransMode": {
                        "@tc": "2",
                        "$": "Original request"
                      },
                      "TransType": {
                        "@tc": "102",
                        "$": "Fund Transfer"
                      },
                      "TransRefGUID": "ec9736e1-41d9-4905-8c6a-ea7b96474bad",
                      "@PrimaryObjectID": "Holding_1"
                    }
                  }
                },
                "fundTransferPercentage": {
                  "TXLife": {
                    "TXLifeRequest": {
                      "@PrimaryObjectID": "Holding_1",
                      "TransMode": {
                        "@tc": "2",
                        "$": "Original request"
                      },
                      "TransType": {
                        "@tc": "102",
                        "$": "Fund Transfer"
                      },
                      "TransEffDate": "2017-05-03",
                      "TransRefGUID": "ec9736e1-41d9-4905-8c6a-ea7b96474bad",
                      "OLifE": {
                        "@Version": "2.36.00",
                        "Holding": [
                          {
                            "HoldingTypeCode": {
                              "@tc": "2",
                              "$": "Policy"
                            },
                            "Investment": {
                              "@id": "Investment_1",
                              "SubAccount": [
                                {
                                  "@id": "SubAccount_1",
                                  "SubAccountKey": "0P_01"
                                },
                                {
                                  "@id": "SubAccount_2",
                                  "SubAccountKey": "0F_05"
                                }
                              ]
                            },
                            "Policy": {
                              "PolNumber": 839438,
                              "ProductCode": 839,
                              "CarrierCode": -999
                            },
                            "@id": "Holding_1",
                            "Arrangement": {
                              "@id": "Arrangement_1",
                              "ArrType": {
                                "@tc": "1",
                                "$": "Transfer"
                              },
                              "SourceTransferAmtType": {
                                "@tc": "3",
                                "$": "Percentage"
                              },
                              "DestTransferAmtType": {
                                "@tc": "3",
                                "$": "Percentage"
                              },
                              "ModalAmt": 13.2817,
                              "ArrDestination": [
                                {
                                  "@id": "ArrDestination_1",
                                  "@SubAcctID": "SubAccount_2",
                                  "TransferPct": 100
                                }
                              ],
                              "ArrMode": {
                                "@tc": "9",
                                "$": "Single Payment"
                              },
                              "ArrSource": [
                                {
                                  "@id": "ArrSource_1",
                                  "@SubAcctID": "SubAccount_1",
                                  "TransferPct": 1
                                }
                              ],
                              "@DataRep": "Full"
                            }
                          }
                        ]
                      },
                      "TransSubType": {
                        "@tc": "10200",
                        "$": "Fund Transfer Only"
                      }
                    }
                  }
                }
              }
            }
          }
        ],
        "responses": {
          "200": {
            "description": ""
          },
          "400": {
            "description": "",
            "x-amf-mediaType": "application/json",
            "schema": {
              "x-amf-examples": {
                "withdrawalErrorResponse": {
                  "TXLife": {
                    "TXLifeResponse": {
                      "TransRefGUID": "d3ac00aa-6ab6-6769-6fbf-cfe35785d674",
                      "TransExeDate": "2017-05-01",
                      "TransMode": {
                        "@tc": "2",
                        "$": "Original request"
                      },
                      "TransResult": {
                        "ResultCode": {
                          "@tc": "5",
                          "$": "Failure"
                        },
                        "ResultInfo": {
                          "@id": "ResultInfo_1",
                          "ResultInfoDesc": "Error ocured during Operation"
                        }
                      },
                      "TransType": {
                        "@tc": "105",
                        "$": "Withdrawal"
                      },
                      "TransExeTime": "10:26:55"
                    }
                  }
                },
                "loanErrorResponse": {
                  "TXLife": {
                    "TXLifeResponse": {
                      "TransExeDate": "2017-05-01",
                      "TransMode": {
                        "@tc": "2",
                        "$": "Original request"
                      },
                      "TransType": {
                        "@tc": "509",
                        "$": "Loan Processing"
                      },
                      "TransResult": {
                        "ResultCode": {
                          "@tc": "5",
                          "$": "Failure"
                        },
                        "ResultInfo": {
                          "@id": "ResultInfo_1",
                          "ResultInfoDesc": "Error ocured during Operation"
                        }
                      },
                      "TransExeTime": "10:26:55",
                      "TransRefGUID": "d3ac00aa-6ab6-6769-6fbf-cfe35785d674"
                    }
                  }
                },
                "rebalanceErrorResponse": {
                  "TXLife": {
                    "TXLifeResponse": {
                      "TransType": {
                        "@tc": "185",
                        "$": "Rebalance"
                      },
                      "TransExeTime": "10:26:55",
                      "TransResult": {
                        "ResultCode": {
                          "@tc": "5",
                          "$": "Failure"
                        },
                        "ResultInfo": {
                          "@id": "ResultInfo_1",
                          "ResultInfoDesc": "Error ocured during Operation"
                        }
                      },
                      "TransRefGUID": "d3ac00aa-6ab6-6769-6fbf-cfe35785d674",
                      "TransExeDate": "2017-05-01",
                      "TransMode": {
                        "@tc": "2",
                        "$": "Original request"
                      }
                    }
                  }
                },
                "fundTransferResponse": {
                  "TXLife": {
                    "TXLifeResponse": {
                      "TransSubType": {
                        "@tc": "10200",
                        "$": "Fund Transfer Only"
                      },
                      "TransResult": {
                        "ResultCode": {
                          "@tc": "5",
                          "$": "Failure"
                        },
                        "ResultInfo": {
                          "@id": "ResultInfo_1",
                          "ResultInfoDesc": "Invalid operation path followed.Please follow correct path for the opertion"
                        }
                      },
                      "TransRefGUID": "d3ac00aa-6ab6-6769-6fbf-cfe35785d674",
                      "TransType": {
                        "@tc": "102",
                        "$": "Fund Transfer"
                      },
                      "TransMode": {
                        "@tc": "2",
                        "$": "Original request"
                      },
                      "TransExeDate": "2017-05-01",
                      "TransExeTime": "10:26:55"
                    }
                  }
                }
              }
            }
          }
        },
        "security": []
      }
    },
    "/transactions/contract/{id}/available": {
      "x-amf-description": "Get Available Transaction For Contract API",
      "get": {
        "parameters": [
          {
            "name": "id",
            "description": "Contract Number",
            "required": true,
            "in": "path",
            "default": "07675",
            "type": "string"
          }
        ],
        "responses": {
          "200": {
            "description": "",
            "x-amf-mediaType": "application/json",
            "schema": {
              "example": {
                "TXLife": {
                  "TXLifeResponse": {
                    "OLifE": {
                      "@Version": "2.36.00",
                      "Holding": {
                        "@id": "Holding_1",
                        "HoldingTypeCode": {
                          "@tc": "2",
                          "$": "Policy"
                        },
                        "Policy": {
                          "PolNumber": "839438",
                          "ProductCode": "839",
                          "CarrierCode": "048"
                        }
                      },
                      "PolicyProduct": {
                        "LifeProduct": {
                          "FeatureTransactionProduct": [
                            {
                              "@id": "ftp_1",
                              "TransType": {
                                "@tc": "19",
                                "$": "Initial Premium"
                              }
                            },
                            {
                              "@id": "ftp_5",
                              "TransType": {
                                "@tc": "30",
                                "$": "Free Look Transfer"
                              }
                            },
                            {
                              "@id": "ftp_13",
                              "TransType": {
                                "@tc": "230",
                                "$": "Unplanned Premium"
                              }
                            },
                            {
                              "@id": "ftp_15",
                              "TransType": {
                                "@tc": "1",
                                "$": "Transfer"
                              }
                            },
                            {
                              "@id": "ftp_18",
                              "Arrangement": {
                                "ArrType": {
                                  "@tc": "2",
                                  "$": "Dollar Cost Average"
                                }
                              }
                            },
                            {
                              "@id": "ftp_19",
                              "ArrType": {
                                "@tc": "3",
                                "$": "Automatic Rebalance"
                              }
                            },
                            {
                              "@id": "ftp_26",
                              "ArrType": {
                                "@tc": "38",
                                "$": "Systematic Withdrawal"
                              }
                            },
                            {
                              "@id": "ftp_27",
                              "TransType": {
                                "@tc": "58",
                                "$": "Withdrawal"
                              }
                            },
                            {
                              "@id": "ftp_31",
                              "TransType": {
                                "@tc": "50",
                                "$": "Loan"
                              },
                              "OLifEExtension": {
                                "ObjectType": {
                                  "@tc": "31",
                                  "$": "Investment"
                                }
                              }
                            }
                          ]
                        },
                        "@id": "pp_1",
                        "ProductCode": 839,
                        "Description": "Term Life",
                        "PolicyProductKey": "P01"
                      }
                    },
                    "TransRefGUID": "bd98f5fa-f8a0-00f4-1bcf-8534a2601203",
                    "TransExeTime": "11:07:53",
                    "TransSubType": {
                      "@tc": "21300",
                      "$": "Allowed Transaction on the Policy"
                    },
                    "TransResult": {
                      "ResultCode": {
                        "@tc": "1",
                        "$": "Success"
                      }
                    },
                    "TransExeDate": "2017-05-04",
                    "InquiryLevel": {
                      "@tc": "3",
                      "$": "Level"
                    },
                    "TransType": {
                      "@tc": "213",
                      "$": "Holding Product Inquiry"
                    },
                    "TransMode": {
                      "@tc": "2",
                      "$": "Original"
                    }
                  }
                }
              }
            }
          },
          "400": {
            "description": "",
            "x-amf-mediaType": "application/json",
            "schema": {
              "example": {
                "TXLife": {
                  "TXLifeResponse": {
                    "TransExeTime": "23:53:22.448-05:00",
                    "TransResult": {
                      "ResultCode": {
                        "@tc": "5",
                        "$": "Failure"
                      },
                      "ResultInfo": {
                        "ResultInfoCode": {
                          "@tc": "10",
                          "$": "General Error"
                        },
                        "ResultInfoDesc": "Contract does not exist in ALIP."
                      }
                    },
                    "TransRefGUID": "381f01fd-63ad-3d43-db18-d4bc1bccaecf",
                    "TransExeDate": "2018-11-18-05:00",
                    "TransType": {
                      "@tc": "213",
                      "$": "Financial Activity Inquiry"
                    },
                    "TransSubType": {
                      "@tc": "21300",
                      "$": "Allowed Transactions on the Policy"
                    }
                  }
                }
              }
            }
          }
        },
        "security": []
      }
    },
    "/transactions/contract/{id}/history/{startDate}/{endDate}": {
      "x-amf-description": "Get Transaction History from startDate to endDateAPI",
      "get": {
        "parameters": [
          {
            "name": "id",
            "description": "Contract Number",
            "required": true,
            "in": "path",
            "default": "07675",
            "type": "string"
          },
          {
            "name": "startDate",
            "description": "yyyymmdd",
            "required": true,
            "in": "path",
            "default": "20180101",
            "type": "string"
          },
          {
            "name": "endDate",
            "description": "yyyymmdd",
            "required": true,
            "in": "path",
            "default": "20181231",
            "type": "string"
          }
        ],
        "responses": {
          "200": {
            "description": "",
            "x-amf-mediaType": "application/json",
            "schema": {
              "example": {
                "TXLife": {
                  "TXLifeResponse": {
                    "TransExeTime": "00:25:35",
                    "TransRefGUID": "191c39e8-9a82-60b5-0543-9e9cbbcf0d37",
                    "TransSubType": {
                      "@tc": "21301",
                      "$": "History of Allowed Transactions on the Policy"
                    },
                    "TransResult": {
                      "ResultCode": {
                        "@tc": "1",
                        "$": "Success"
                      }
                    },
                    "TransType": {
                      "@tc": "213",
                      "$": "Financial Activity Inquiry"
                    },
                    "TransExeDate": "2018-11-19",
                    "OLifE": {
                      "Holding": {
                        "@id": "Holding_1",
                        "HoldingTypeCode": {
                          "@tc": "2",
                          "$": "Policy"
                        },
                        "HoldingName": "Term Life Insurance",
                        "Policy": {
                          "PolicyValue": "",
                          "PolNumber": "0761",
                          "FinancialActivity": {
                            "FinancialActivitySysKey": 4,
                            "FinActivityType": {
                              "@tc": "7",
                              "$": "Trad Initial Premium"
                            },
                            "@id": "fa_1",
                            "FinActivityDate": "2017-01-01",
                            "FinActivityStatus": {
                              "@tc": "2",
                              "$": "Completed"
                            },
                            "FinEffDate": "2017-01-01",
                            "ReversalInd": {
                              "@tc": "0",
                              "$": "False"
                            },
                            "FinActivityGrossAmt": 4000
                          },
                          "ProductCode": 2,
                          "OLifEExtension": {
                            "isTrad": true
                          },
                          "CarrierCode": "076"
                        }
                      }
                    }
                  }
                }
              }
            }
          },
          "400": {
            "description": "",
            "x-amf-mediaType": "application/json",
            "schema": {
              "example": {
                "TXLife": {
                  "TXLifeResponse": {
                    "TransExeDate": "2018-11-19-05:00",
                    "TransExeTime": "00:12:57.179-05:00",
                    "TransType": {
                      "@tc": "213",
                      "$": "Financial Activity Inquiry"
                    },
                    "TransRefGUID": "06f484dd-26c8-9873-f0dd-adf8e5159388",
                    "TransSubType": {
                      "@tc": "21301",
                      "$": "History of Allowed Transactions on the Policy"
                    },
                    "TransResult": {
                      "ResultCode": {
                        "@tc": "5",
                        "$": "Failure"
                      },
                      "ResultInfo": {
                        "ResultInfoCode": {
                          "@tc": "10",
                          "$": "General Error"
                        },
                        "ResultInfoDesc": "Contract does not exist in ALIP."
                      }
                    }
                  }
                }
              }
            }
          }
        },
        "security": []
      }
    },
    "/transactions/contract/{id}/history/{startDate}/": {
      "x-amf-description": "Get Transaction History from startDate API",
      "get": {
        "parameters": [
          {
            "name": "id",
            "description": "Contract Number",
            "required": true,
            "in": "path",
            "default": "07675",
            "type": "string"
          },
          {
            "name": "startDate",
            "description": "yyyymmdd",
            "required": true,
            "in": "path",
            "default": "20180101",
            "type": "string"
          }
        ],
        "responses": {
          "200": {
            "description": "",
            "x-amf-mediaType": "application/json",
            "schema": {
              "example": {
                "TXLife": {
                  "TXLifeResponse": {
                    "TransType": {
                      "@tc": "213",
                      "$": "Financial Activity Inquiry"
                    },
                    "TransExeTime": "00:18:32",
                    "TransExeDate": "2018-11-19",
                    "TransSubType": {
                      "@tc": "21301",
                      "$": "History of Allowed Transactions on the Policy"
                    },
                    "OLifE": {
                      "Holding": {
                        "@id": "Holding_1",
                        "HoldingTypeCode": {
                          "@tc": "2",
                          "$": "Policy"
                        },
                        "HoldingName": "Term Life Insurance",
                        "Policy": {
                          "CarrierCode": "076",
                          "PolNumber": "0761",
                          "ProductCode": 2,
                          "PolicyValue": "",
                          "OLifEExtension": {
                            "isTrad": true
                          },
                          "FinancialActivity": [
                            {
                              "FinActivityGrossAmt": 4000,
                              "FinActivityDate": "2017-01-01",
                              "FinActivityType": {
                                "@tc": "7",
                                "$": "Trad Initial Premium"
                              },
                              "ReversalInd": {
                                "@tc": "0",
                                "$": "False"
                              },
                              "FinActivityStatus": {
                                "@tc": "2",
                                "$": "Completed"
                              },
                              "FinancialActivitySysKey": 4,
                              "FinEffDate": "2017-01-01",
                              "@id": "fa_1"
                            },
                            {
                              "@id": "fa_6",
                              "FinEffDate": "2017-01-11",
                              "FinActivityStatus": {
                                "@tc": "2",
                                "$": "Completed"
                              },
                              "FinActivityGrossAmt": 0,
                              "FinActivityType": {
                                "@tc": "30",
                                "$": "Free Look Transfer"
                              },
                              "FinActivityDate": "2017-02-01",
                              "ReversalInd": {
                                "@tc": "0",
                                "$": "False"
                              },
                              "FinancialActivitySysKey": 310
                            }
                          ]
                        }
                      }
                    },
                    "TransResult": {
                      "ResultCode": {
                        "@tc": "1",
                        "$": "Success"
                      }
                    },
                    "TransRefGUID": "398d2032-ea3f-a10f-7222-d369198f94c5"
                  }
                }
              }
            }
          },
          "400": {
            "description": "",
            "x-amf-mediaType": "application/json",
            "schema": {
              "example": {
                "TXLife": {
                  "TXLifeResponse": {
                    "TransRefGUID": "06f484dd-26c8-9873-f0dd-adf8e5159388",
                    "TransExeDate": "2018-11-19-05:00",
                    "TransResult": {
                      "ResultCode": {
                        "@tc": "5",
                        "$": "Failure"
                      },
                      "ResultInfo": {
                        "ResultInfoCode": {
                          "@tc": "10",
                          "$": "General Error"
                        },
                        "ResultInfoDesc": "Contract does not exist in ALIP."
                      }
                    },
                    "TransExeTime": "00:12:57.179-05:00",
                    "TransSubType": {
                      "@tc": "21301",
                      "$": "History of Allowed Transactions on the Policy"
                    },
                    "TransType": {
                      "@tc": "213",
                      "$": "Financial Activity Inquiry"
                    }
                  }
                }
              }
            }
          }
        },
        "security": []
      }
    },
    "/transactions/contract/{id}/history/": {
      "x-amf-description": "Get Transaction History API",
      "get": {
        "parameters": [
          {
            "name": "id",
            "description": "Contract Number",
            "required": true,
            "in": "path",
            "default": "07675",
            "type": "string"
          }
        ],
        "responses": {
          "200": {
            "description": "",
            "x-amf-mediaType": "application/json",
            "schema": {
              "example": {
                "TXLife": {
                  "TXLifeResponse": {
                    "TransExeTime": "00:03:35",
                    "TransResult": {
                      "ResultCode": {
                        "@tc": "1",
                        "$": "Success"
                      }
                    },
                    "TransRefGUID": "3f942175-38e7-4545-0ced-36e3b1dbba14",
                    "TransExeDate": "2018-11-19",
                    "TransSubType": {
                      "@tc": "21301",
                      "$": "History of Allowed Transactions on the Policy"
                    },
                    "OLifE": {
                      "Holding": {
                        "@id": "Holding_1",
                        "HoldingTypeCode": {
                          "@tc": "2",
                          "$": "Policy"
                        },
                        "HoldingName": "Term Life Insurance",
                        "Policy": {
                          "ProductCode": 2,
                          "CarrierCode": "076",
                          "PolicyValue": "",
                          "PolNumber": "0761",
                          "OLifEExtension": {
                            "isTrad": true
                          }
                        }
                      }
                    },
                    "TransType": {
                      "@tc": "213",
                      "$": "Financial Activity Inquiry"
                    }
                  }
                }
              }
            }
          },
          "400": {
            "description": "",
            "x-amf-mediaType": "application/json",
            "schema": {
              "example": {
                "TXLife": {
                  "TXLifeResponse": {
                    "TransExeDate": "2018-11-19-05:00",
                    "TransSubType": {
                      "@tc": "21301",
                      "$": "History of Allowed Transactions on the Policy"
                    },
                    "TransRefGUID": "06f484dd-26c8-9873-f0dd-adf8e5159388",
                    "TransType": {
                      "@tc": "213",
                      "$": "Financial Activity Inquiry"
                    },
                    "TransResult": {
                      "ResultCode": {
                        "@tc": "5",
                        "$": "Failure"
                      },
                      "ResultInfo": {
                        "ResultInfoCode": {
                          "@tc": "10",
                          "$": "General Error"
                        },
                        "ResultInfoDesc": "Contract does not exist in ALIP."
                      }
                    },
                    "TransExeTime": "00:12:57.179-05:00"
                  }
                }
              }
            }
          }
        },
        "security": []
      }
    },
    "/Suspense/contract": {
      "x-amf-description": "Create Suspense API",
      "post": {
        "parameters": [
          {
            "x-amf-mediaType": "application/json",
            "in": "body",
            "name": "generated",
            "schema": {
              "example": {
                "TXLife": {
                  "TXLifeRequest": {
                    "OLifE": {
                      "@Version": "2.36.00",
                      "Holding": {
                        "@id": "Holding_1",
                        "HoldingTypeCode": {
                          "@tc": "2",
                          "$": "Policy"
                        },
                        "CurrencyTypeCode": {
                          "@tc": "840",
                          "$": "USD (United States Dollar)"
                        },
                        "Policy": {
                          "PolNumber": {
                            "$": "08610"
                          },
                          "CarrierCode": {
                            "$": "Default Company"
                          },
                          "FinancialActivity": {
                            "OrderDate": {
                              "$": "2019-03-07"
                            },
                            "Payment": {
                              "PaymentForm": {
                                "@tc": "1",
                                "$": "Cash"
                              },
                              "CheckNo": {
                                "$": "A1234"
                              },
                              "SourceOfFundsTC": {
                                "@tc": "17",
                                "$": "Rollover/Transfer - Another Insurance Policy"
                              },
                              "OLifEExtension": {
                                "PreviousSourceType": {
                                  "@tc": "2147483647",
                                  "$": "Internal 1035: Life"
                                }
                              }
                            },
                            "FinActivityGrossAmt": {
                              "$": "4500"
                            },
                            "OLifEExtension": {
                              "PreviousTaxYear": {
                                "$": "2020"
                              },
                              "SuspenseReason": {
                                "$": "Loan"
                              },
                              "PreviousContributionAmount": {
                                "$": "3000"
                              },
                              "ApplySuspense": {
                                "$": "Yes"
                              },
                              "CurrentContributionAmount": {
                                "$": "3000"
                              }
                            },
                            "FinEffDate": {
                              "$": "2019-03-07"
                            },
                            "FinActivityNetAmt": {
                              "$": "4500"
                            },
                            "ReportingTaxYear": {
                              "$": "2020"
                            },
                            "FinActivityType": {
                              "@tc": "2",
                              "$": "Loan Payment"
                            },
                            "@id": "FinActivity_1"
                          }
                        }
                      },
                      "Party": {
                        "IDReferenceNo": {
                          "$": "EXT12345"
                        },
                        "Person": {
                          "FirstName": {
                            "$": "Walt"
                          },
                          "LastName": {
                            "$": "Mello"
                          }
                        },
                        "GovtIDTC": {
                          "@tc": "1",
                          "$": "123456789"
                        },
                        "PartyTypeCode": {
                          "@tc": "1",
                          "$": "Person"
                        },
                        "@id": "Party_1"
                      },
                      "Relation": {
                        "OriginatingObjectType": {
                          "@tc": "4",
                          "$": "Holding"
                        },
                        "RelatedObjectType": {
                          "@tc": "6",
                          "$": "Party"
                        },
                        "@OriginatingObjectID": "Holding_1",
                        "RelationRoleCode": {
                          "@tc": "8",
                          "$": "Owner"
                        },
                        "@RelatedObjectID": "Party_1",
                        "@id": "Relation_1"
                      }
                    },
                    "@PrimaryObjectID": "Holding_1",
                    "TransExeDate": {
                      "$": "2018-02-07"
                    },
                    "TransSubType": {
                      "@tc": "50800",
                      "$": "Payment Transaction"
                    },
                    "TransMode": {
                      "@tc": "2",
                      "$": "Original request"
                    },
                    "TransExeTime": {
                      "$": "13:43:52"
                    },
                    "TransRefGUID": {
                      "$": "ec9736e1-41d9-4925-8c6a-e97b96274bbd"
                    },
                    "TransType": {
                      "@tc": "508",
                      "$": "Payment Transaction"
                    }
                  }
                }
              }
            }
          }
        ],
        "responses": {
          "200": {
            "description": "",
            "x-amf-mediaType": "application/json",
            "schema": {
              "example": {
                "TXLife": {
                  "TXLifeResponse": {
                    "TransRefGUID": {
                      "$": "ec9736e1-41d9-4925-8c6a-e97b96274bbd"
                    },
                    "TransExeDate": {
                      "$": "2018-02-14-05:00"
                    },
                    "TransResult": {
                      "ResultCode": {
                        "@tc": "1",
                        "$": "Success"
                      },
                      "ResultInfo": {
                        "ResultInfoDesc": {
                          "$": "The transaction was processed successfully"
                        },
                        "OLifEExtension": {
                          "SuspenseID": {
                            "$": "7760"
                          }
                        }
                      }
                    },
                    "TransType": {
                      "@tc": "508",
                      "$": "Payment Transaction"
                    },
                    "TransExeTime": {
                      "$": "09:01:08.937-05:00"
                    },
                    "TransSubType": {
                      "@tc": "50800",
                      "$": "Payment Transaction"
                    }
                  }
                }
              }
            }
          },
          "400": {
            "description": "",
            "x-amf-mediaType": "application/json",
            "schema": {
              "example": {
                "TXLife": {
                  "TXLifeResponse": {
                    "TransExeTime": {
                      "$": "08:02:23.677-05:00"
                    },
                    "TransResult": {
                      "ResultCode": {
                        "@tc": "5",
                        "$": "Failure"
                      },
                      "ResultInfo": {
                        "ResultInfoCode": {
                          "@tc": "100",
                          "$": "General Error"
                        },
                        "ResultInfoDesc": {
                          "Message": "1031:A loan trans must proceed creating a loan repayment trans."
                        }
                      }
                    },
                    "TransExeDate": {
                      "$": "2018-02-08-05:00"
                    },
                    "TransRefGUID": {
                      "$": "ec9736e1-41d9-4925-8c6a-e97b96274bbd"
                    },
                    "TransType": {
                      "@tc": "508",
                      "$": "Payment Transaction"
                    },
                    "TransSubType": {
                      "@tc": "50800",
                      "$": "Payment Transaction"
                    }
                  }
                }
              }
            }
          }
        },
        "security": []
      }
    },
    "/PaymentReject/Transaction": {
      "x-amf-description": "Payment Reject Transaction API",
      "post": {
        "parameters": [
          {
            "x-amf-mediaType": "application/json",
            "in": "body",
            "name": "generated",
            "schema": {
              "example": {
                "TXLife": {
                  "UserAuthRequest": {
                    "UserLoginName": {
                      "$": "SUPERVIS"
                    }
                  },
                  "TXLifeRequest": {
                    "TransExeTime": {
                      "$": "00:00:00"
                    },
                    "TransExeDate": {
                      "$": "2018-01-01"
                    },
                    "TransType": {
                      "@tc": "508",
                      "$": "Payment Transaction"
                    },
                    "TransSubType": {
                      "@tc": "18507",
                      "$": "Payment Reverse"
                    },
                    "TransRefGUID": {
                      "$": "ec9736e1-41b9-4625-8b64-e97b86274bbd"
                    },
                    "OLifE": {
                      "Holding": {
                        "@id": "H_1324",
                        "Policy": {
                          "PolNumber": {
                            "$": "086142"
                          },
                          "FinancialActivity": {
                            "TransConfirmNum": {
                              "$": "18941"
                            },
                            "OLifEExtension": {
                              "ReversalReasonCode": {
                                "$": "13"
                              },
                              "ReversalReason": {
                                "$": "Eft Return"
                              }
                            }
                          }
                        }
                      }
                    }
                  }
                }
              }
            }
          }
        ],
        "responses": {
          "200": {
            "description": "",
            "x-amf-mediaType": "application/json",
            "schema": {
              "example": {
                "TXLife": {
                  "TXLifeResponse": {
                    "TransSubType": {
                      "@tc": "18507",
                      "$": "Payment Reversal"
                    },
                    "TransResult": {
                      "ResultCode": {
                        "@tc": "1",
                        "$": "Success"
                      },
                      "ResultInfo": {
                        "ResultInfoDesc": "The Transaction was processed successfully"
                      }
                    },
                    "TransExeDate": "2018-03-13-04:00",
                    "TransExeTime": "13:35:23.747-04:00",
                    "TransRefGUID": "ec9736e1-41d9-4925-8c6a-e97b96274bbd",
                    "TransType": {
                      "@tc": "508",
                      "$": "Payment Transaction"
                    }
                  }
                }
              }
            }
          },
          "400": {
            "description": "",
            "x-amf-mediaType": "application/json",
            "schema": {
              "example": {
                "TXLife": {
                  "TXLifeResponse": {
                    "TransResult": {
                      "ResultCode": {
                        "@tc": "5",
                        "$": "Failure"
                      },
                      "ResultInfo": {
                        "ResultInfoCode": {
                          "@tc": "100",
                          "$": "General Error"
                        },
                        "ResultInfoDesc": "Transaction is in Pending Reversal Status"
                      }
                    },
                    "TransType": {
                      "@tc": "508",
                      "$": "Payment Transaction"
                    },
                    "TransRefGUID": "ec9736e1-41d9-4925-8c6a-e97b96274bbd",
                    "TransExeDate": "2018-03-13-04:00",
                    "TransExeTime": "07:59:14.839-04:00",
                    "TransSubType": {
                      "@tc": "18507",
                      "$": "Payment Reversal"
                    }
                  }
                }
              }
            }
          }
        },
        "security": []
      }
    }
  }
}
