{
  "swagger": "2.0",
  "info": {
    "title": "alip-transaction",
    "description": "ALIP Transaction API",
    "version": "v1"
  },
  "host": "alipmule.eastus.cloudapp.azure.com",
  "basePath": "/alip-transactions",
  "schemes": [
    "http"
  ],
  "paths": {

    "/transactions/contract/{id}/available": {
      "x-amf-description": "Get Available Transaction For Contract API",
      "get": {
        "parameters": [
          {
            "name": "id",
            "description": "Contract Number",
            "required": true,
            "in": "path",
            "default": "07675",
            "type": "string"
          }
        ],
        "responses": {
          "200": {
            "description": "",
            "x-amf-mediaType": "application/json",
            "schema": {
              "example": {
                "TXLife": {
                  "TXLifeResponse": {
                    "OLifE": {
                      "@Version": "2.36.00",
                      "Holding": {
                        "@id": "Holding_1",
                        "HoldingTypeCode": {
                          "@tc": "2",
                          "$": "Policy"
                        },
                        "Policy": {
                          "PolNumber": "839438",
                          "ProductCode": "839",
                          "CarrierCode": "048"
                        }
                      },
                      "PolicyProduct": {
                        "LifeProduct": {
                          "FeatureTransactionProduct": [
                            {
                              "@id": "ftp_1",
                              "TransType": {
                                "@tc": "19",
                                "$": "Initial Premium"
                              }
                            },
                            {
                              "@id": "ftp_5",
                              "TransType": {
                                "@tc": "30",
                                "$": "Free Look Transfer"
                              }
                            },
                            {
                              "@id": "ftp_13",
                              "TransType": {
                                "@tc": "230",
                                "$": "Unplanned Premium"
                              }
                            },
                            {
                              "@id": "ftp_15",
                              "TransType": {
                                "@tc": "1",
                                "$": "Transfer"
                              }
                            },
                            {
                              "@id": "ftp_18",
                              "Arrangement": {
                                "ArrType": {
                                  "@tc": "2",
                                  "$": "Dollar Cost Average"
                                }
                              }
                            },
                            {
                              "@id": "ftp_19",
                              "ArrType": {
                                "@tc": "3",
                                "$": "Automatic Rebalance"
                              }
                            },
                            {
                              "@id": "ftp_26",
                              "ArrType": {
                                "@tc": "38",
                                "$": "Systematic Withdrawal"
                              }
                            },
                            {
                              "@id": "ftp_27",
                              "TransType": {
                                "@tc": "58",
                                "$": "Withdrawal"
                              }
                            },
                            {
                              "@id": "ftp_31",
                              "TransType": {
                                "@tc": "50",
                                "$": "Loan"
                              },
                              "OLifEExtension": {
                                "ObjectType": {
                                  "@tc": "31",
                                  "$": "Investment"
                                }
                              }
                            }
                          ]
                        },
                        "@id": "pp_1",
                        "ProductCode": 839,
                        "Description": "Term Life",
                        "PolicyProductKey": "P01"
                      }
                    },
                    "TransRefGUID": "bd98f5fa-f8a0-00f4-1bcf-8534a2601203",
                    "TransExeTime": "11:07:53",
                    "TransSubType": {
                      "@tc": "21300",
                      "$": "Allowed Transaction on the Policy"
                    },
                    "TransResult": {
                      "ResultCode": {
                        "@tc": "1",
                        "$": "Success"
                      }
                    },
                    "TransExeDate": "2017-05-04",
                    "InquiryLevel": {
                      "@tc": "3",
                      "$": "Level"
                    },
                    "TransType": {
                      "@tc": "213",
                      "$": "Holding Product Inquiry"
                    },
                    "TransMode": {
                      "@tc": "2",
                      "$": "Original"
                    }
                  }
                }
              }
            }
          },
          "400": {
            "description": "",
            "x-amf-mediaType": "application/json",
            "schema": {
              "example": {
                "TXLife": {
                  "TXLifeResponse": {
                    "TransExeTime": "23:53:22.448-05:00",
                    "TransResult": {
                      "ResultCode": {
                        "@tc": "5",
                        "$": "Failure"
                      },
                      "ResultInfo": {
                        "ResultInfoCode": {
                          "@tc": "10",
                          "$": "General Error"
                        },
                        "ResultInfoDesc": "Contract does not exist in ALIP."
                      }
                    },
                    "TransRefGUID": "381f01fd-63ad-3d43-db18-d4bc1bccaecf",
                    "TransExeDate": "2018-11-18-05:00",
                    "TransType": {
                      "@tc": "213",
                      "$": "Financial Activity Inquiry"
                    },
                    "TransSubType": {
                      "@tc": "21300",
                      "$": "Allowed Transactions on the Policy"
                    }
                  }
                }
              }
            }
          }
        },
        "security": []
      }
    },
    "/transactions/contract/{id}/history/{startDate}/{endDate}": {
      "x-amf-description": "Get Transaction History from startDate to endDateAPI",
      "get": {
        "parameters": [
          {
            "name": "id",
            "description": "Contract Number",
            "required": true,
            "in": "path",
            "default": "07675",
            "type": "string"
          },
          {
            "name": "startDate",
            "description": "yyyymmdd",
            "required": true,
            "in": "path",
            "default": "20180101",
            "type": "string"
          },
          {
            "name": "endDate",
            "description": "yyyymmdd",
            "required": true,
            "in": "path",
            "default": "20181231",
            "type": "string"
          }
        ],
        "responses": {
          "200": {
            "description": "",
            "x-amf-mediaType": "application/json",
            "schema": {
              "example": {
                "TXLife": {
                  "TXLifeResponse": {
                    "TransExeTime": "00:25:35",
                    "TransRefGUID": "191c39e8-9a82-60b5-0543-9e9cbbcf0d37",
                    "TransSubType": {
                      "@tc": "21301",
                      "$": "History of Allowed Transactions on the Policy"
                    },
                    "TransResult": {
                      "ResultCode": {
                        "@tc": "1",
                        "$": "Success"
                      }
                    },
                    "TransType": {
                      "@tc": "213",
                      "$": "Financial Activity Inquiry"
                    },
                    "TransExeDate": "2018-11-19",
                    "OLifE": {
                      "Holding": {
                        "@id": "Holding_1",
                        "HoldingTypeCode": {
                          "@tc": "2",
                          "$": "Policy"
                        },
                        "HoldingName": "Term Life Insurance",
                        "Policy": {
                          "PolicyValue": "",
                          "PolNumber": "0761",
                          "FinancialActivity": {
                            "FinancialActivitySysKey": 4,
                            "FinActivityType": {
                              "@tc": "7",
                              "$": "Trad Initial Premium"
                            },
                            "@id": "fa_1",
                            "FinActivityDate": "2017-01-01",
                            "FinActivityStatus": {
                              "@tc": "2",
                              "$": "Completed"
                            },
                            "FinEffDate": "2017-01-01",
                            "ReversalInd": {
                              "@tc": "0",
                              "$": "False"
                            },
                            "FinActivityGrossAmt": 4000
                          },
                          "ProductCode": 2,
                          "OLifEExtension": {
                            "isTrad": true
                          },
                          "CarrierCode": "076"
                        }
                      }
                    }
                  }
                }
              }
            }
          },
          "400": {
            "description": "",
            "x-amf-mediaType": "application/json",
            "schema": {
              "example": {
                "TXLife": {
                  "TXLifeResponse": {
                    "TransExeDate": "2018-11-19-05:00",
                    "TransExeTime": "00:12:57.179-05:00",
                    "TransType": {
                      "@tc": "213",
                      "$": "Financial Activity Inquiry"
                    },
                    "TransRefGUID": "06f484dd-26c8-9873-f0dd-adf8e5159388",
                    "TransSubType": {
                      "@tc": "21301",
                      "$": "History of Allowed Transactions on the Policy"
                    },
                    "TransResult": {
                      "ResultCode": {
                        "@tc": "5",
                        "$": "Failure"
                      },
                      "ResultInfo": {
                        "ResultInfoCode": {
                          "@tc": "10",
                          "$": "General Error"
                        },
                        "ResultInfoDesc": "Contract does not exist in ALIP."
                      }
                    }
                  }
                }
              }
            }
          }
        },
        "security": []
      }
    },
    "/transactions/contract/{id}/history/{startDate}/": {
      "x-amf-description": "Get Transaction History from startDate API",
      "get": {
        "parameters": [
          {
            "name": "id",
            "description": "Contract Number",
            "required": true,
            "in": "path",
            "default": "07675",
            "type": "string"
          },
          {
            "name": "startDate",
            "description": "yyyymmdd",
            "required": true,
            "in": "path",
            "default": "20180101",
            "type": "string"
          }
        ],
        "responses": {
          "200": {
            "description": "",
            "x-amf-mediaType": "application/json",
            "schema": {
              "example": {
                "TXLife": {
                  "TXLifeResponse": {
                    "TransType": {
                      "@tc": "213",
                      "$": "Financial Activity Inquiry"
                    },
                    "TransExeTime": "00:18:32",
                    "TransExeDate": "2018-11-19",
                    "TransSubType": {
                      "@tc": "21301",
                      "$": "History of Allowed Transactions on the Policy"
                    },
                    "OLifE": {
                      "Holding": {
                        "@id": "Holding_1",
                        "HoldingTypeCode": {
                          "@tc": "2",
                          "$": "Policy"
                        },
                        "HoldingName": "Term Life Insurance",
                        "Policy": {
                          "CarrierCode": "076",
                          "PolNumber": "0761",
                          "ProductCode": 2,
                          "PolicyValue": "",
                          "OLifEExtension": {
                            "isTrad": true
                          },
                          "FinancialActivity": [
                            {
                              "FinActivityGrossAmt": 4000,
                              "FinActivityDate": "2017-01-01",
                              "FinActivityType": {
                                "@tc": "7",
                                "$": "Trad Initial Premium"
                              },
                              "ReversalInd": {
                                "@tc": "0",
                                "$": "False"
                              },
                              "FinActivityStatus": {
                                "@tc": "2",
                                "$": "Completed"
                              },
                              "FinancialActivitySysKey": 4,
                              "FinEffDate": "2017-01-01",
                              "@id": "fa_1"
                            },
                            {
                              "@id": "fa_6",
                              "FinEffDate": "2017-01-11",
                              "FinActivityStatus": {
                                "@tc": "2",
                                "$": "Completed"
                              },
                              "FinActivityGrossAmt": 0,
                              "FinActivityType": {
                                "@tc": "30",
                                "$": "Free Look Transfer"
                              },
                              "FinActivityDate": "2017-02-01",
                              "ReversalInd": {
                                "@tc": "0",
                                "$": "False"
                              },
                              "FinancialActivitySysKey": 310
                            }
                          ]
                        }
                      }
                    },
                    "TransResult": {
                      "ResultCode": {
                        "@tc": "1",
                        "$": "Success"
                      }
                    },
                    "TransRefGUID": "398d2032-ea3f-a10f-7222-d369198f94c5"
                  }
                }
              }
            }
          },
          "400": {
            "description": "",
            "x-amf-mediaType": "application/json",
            "schema": {
              "example": {
                "TXLife": {
                  "TXLifeResponse": {
                    "TransRefGUID": "06f484dd-26c8-9873-f0dd-adf8e5159388",
                    "TransExeDate": "2018-11-19-05:00",
                    "TransResult": {
                      "ResultCode": {
                        "@tc": "5",
                        "$": "Failure"
                      },
                      "ResultInfo": {
                        "ResultInfoCode": {
                          "@tc": "10",
                          "$": "General Error"
                        },
                        "ResultInfoDesc": "Contract does not exist in ALIP."
                      }
                    },
                    "TransExeTime": "00:12:57.179-05:00",
                    "TransSubType": {
                      "@tc": "21301",
                      "$": "History of Allowed Transactions on the Policy"
                    },
                    "TransType": {
                      "@tc": "213",
                      "$": "Financial Activity Inquiry"
                    }
                  }
                }
              }
            }
          }
        },
        "security": []
      }
    },
    "/transactions/contract/{id}/history/": {
      "x-amf-description": "Get Transaction History API",
      "get": {
        "parameters": [
          {
            "name": "id",
            "description": "Contract Number",
            "required": true,
            "in": "path",
            "default": "07675",
            "type": "string"
          }
        ],
        "responses": {
          "200": {
            "description": "",
            "x-amf-mediaType": "application/json",
            "schema": {
              "example": {
                "TXLife": {
                  "TXLifeResponse": {
                    "TransExeTime": "00:03:35",
                    "TransResult": {
                      "ResultCode": {
                        "@tc": "1",
                        "$": "Success"
                      }
                    },
                    "TransRefGUID": "3f942175-38e7-4545-0ced-36e3b1dbba14",
                    "TransExeDate": "2018-11-19",
                    "TransSubType": {
                      "@tc": "21301",
                      "$": "History of Allowed Transactions on the Policy"
                    },
                    "OLifE": {
                      "Holding": {
                        "@id": "Holding_1",
                        "HoldingTypeCode": {
                          "@tc": "2",
                          "$": "Policy"
                        },
                        "HoldingName": "Term Life Insurance",
                        "Policy": {
                          "ProductCode": 2,
                          "CarrierCode": "076",
                          "PolicyValue": "",
                          "PolNumber": "0761",
                          "OLifEExtension": {
                            "isTrad": true
                          }
                        }
                      }
                    },
                    "TransType": {
                      "@tc": "213",
                      "$": "Financial Activity Inquiry"
                    }
                  }
                }
              }
            }
          },
          "400": {
            "description": "",
            "x-amf-mediaType": "application/json",
            "schema": {
              "example": {
                "TXLife": {
                  "TXLifeResponse": {
                    "TransExeDate": "2018-11-19-05:00",
                    "TransSubType": {
                      "@tc": "21301",
                      "$": "History of Allowed Transactions on the Policy"
                    },
                    "TransRefGUID": "06f484dd-26c8-9873-f0dd-adf8e5159388",
                    "TransType": {
                      "@tc": "213",
                      "$": "Financial Activity Inquiry"
                    },
                    "TransResult": {
                      "ResultCode": {
                        "@tc": "5",
                        "$": "Failure"
                      },
                      "ResultInfo": {
                        "ResultInfoCode": {
                          "@tc": "10",
                          "$": "General Error"
                        },
                        "ResultInfoDesc": "Contract does not exist in ALIP."
                      }
                    },
                    "TransExeTime": "00:12:57.179-05:00"
                  }
                }
              }
            }
          }
        },
        "security": []
      }
    }


  }
}
