{
	"$schema": "http://json-schema.org/draft-04/schema#",
	"definitions": {
		
	},
	"id": "http://example.com/example.json",
	"properties": {
		"TXLife": {
			"id": "/properties/TXLife",
			"properties": {
				"TXLifeRequest": {
					"id": "/properties/TXLife/properties/TXLifeRequest",
					"properties": {
						"@PrimaryObjectID": {
							"id": "/properties/TXLife/properties/TXLifeRequest/properties/@PrimaryObjectID",
							"type": "string"
						},
						"OLifE": {
							"id": "/properties/TXLife/properties/TXLifeRequest/properties/OLifE",
							"properties": {
								"Holding": {
									"id": "/properties/TXLife/properties/TXLifeRequest/properties/OLifE/properties/Holding",
									"properties": {
										"@id": {
											"id": "/properties/TXLife/properties/TXLifeRequest/properties/OLifE/properties/Holding/properties/@id",
											"type": "string"
										},
										"Arrangement": {
											"id": "/properties/TXLife/properties/TXLifeRequest/properties/OLifE/properties/Holding/properties/Arrangement",
											"properties": {
												"@DataRep": {
													"id": "/properties/TXLife/properties/TXLifeRequest/properties/OLifE/properties/Holding/properties/Arrangement/properties/@DataRep",
													"type": "string"
												},
												"@id": {
													"id": "/properties/TXLife/properties/TXLifeRequest/properties/OLifE/properties/Holding/properties/Arrangement/properties/@id",
													"type": "string"
												},
												"ArrDestination": {
													"id": "/properties/TXLife/properties/TXLifeRequest/properties/OLifE/properties/Holding/properties/Arrangement/properties/ArrDestination",
													"properties": {
														"@SubAcctID": {
															"id": "/properties/TXLife/properties/TXLifeRequest/properties/OLifE/properties/Holding/properties/Arrangement/properties/ArrDestination/properties/@SubAcctID",
															"type": "string"
														},
														"@id": {
															"id": "/properties/TXLife/properties/TXLifeRequest/properties/OLifE/properties/Holding/properties/Arrangement/properties/ArrDestination/properties/@id",
															"type": "string"
														},
														"TransferAmt": {
															"id": "/properties/TXLife/properties/TXLifeRequest/properties/OLifE/properties/Holding/properties/Arrangement/properties/ArrDestination/properties/TransferAmt",
															"type": "integer"
														}
													},
													"type": "object"
												},
												"ArrMode": {
													"id": "/properties/TXLife/properties/TXLifeRequest/properties/OLifE/properties/Holding/properties/Arrangement/properties/ArrMode",
													"properties": {
														"$": {
															"id": "/properties/TXLife/properties/TXLifeRequest/properties/OLifE/properties/Holding/properties/Arrangement/properties/ArrMode/properties/$",
															"type": "string"
														},
														"@tc": {
															"id": "/properties/TXLife/properties/TXLifeRequest/properties/OLifE/properties/Holding/properties/Arrangement/properties/ArrMode/properties/@tc",
															"type": "string"
														}
													},
													"type": "object"
												},
												"ArrSource": {
													"id": "/properties/TXLife/properties/TXLifeRequest/properties/OLifE/properties/Holding/properties/Arrangement/properties/ArrSource",
													"properties": {
														"@SubAcctID": {
															"id": "/properties/TXLife/properties/TXLifeRequest/properties/OLifE/properties/Holding/properties/Arrangement/properties/ArrSource/properties/@SubAcctID",
															"type": "string"
														},
														"@id": {
															"id": "/properties/TXLife/properties/TXLifeRequest/properties/OLifE/properties/Holding/properties/Arrangement/properties/ArrSource/properties/@id",
															"type": "string"
														},
														"TransferAmt": {
															"id": "/properties/TXLife/properties/TXLifeRequest/properties/OLifE/properties/Holding/properties/Arrangement/properties/ArrSource/properties/TransferAmt",
															"type": "integer"
														}
													},
													"type": "object"
												},
												"ArrSubType": {
													"id": "/properties/TXLife/properties/TXLifeRequest/properties/OLifE/properties/Holding/properties/Arrangement/properties/ArrSubType",
													"properties": {
														"$": {
															"id": "/properties/TXLife/properties/TXLifeRequest/properties/OLifE/properties/Holding/properties/Arrangement/properties/ArrSubType/properties/$",
															"type": "string"
														},
														"@tc": {
															"id": "/properties/TXLife/properties/TXLifeRequest/properties/OLifE/properties/Holding/properties/Arrangement/properties/ArrSubType/properties/@tc",
															"type": "string"
														}
													},
													"type": "object"
												},
												"ArrType": {
													"id": "/properties/TXLife/properties/TXLifeRequest/properties/OLifE/properties/Holding/properties/Arrangement/properties/ArrType",
													"properties": {
														"$": {
															"id": "/properties/TXLife/properties/TXLifeRequest/properties/OLifE/properties/Holding/properties/Arrangement/properties/ArrType/properties/$",
															"type": "string"
														},
														"@tc": {
															"id": "/properties/TXLife/properties/TXLifeRequest/properties/OLifE/properties/Holding/properties/Arrangement/properties/ArrType/properties/@tc",
															"type": "string"
														}
													},
													"type": "object"
												},
												"ArrangementSysKey": {
													"id": "/properties/TXLife/properties/TXLifeRequest/properties/OLifE/properties/Holding/properties/Arrangement/properties/ArrangementSysKey",
													"type": "integer"
												},
												"DestTransferAmtType": {
													"id": "/properties/TXLife/properties/TXLifeRequest/properties/OLifE/properties/Holding/properties/Arrangement/properties/DestTransferAmtType",
													"properties": {
														"$": {
															"id": "/properties/TXLife/properties/TXLifeRequest/properties/OLifE/properties/Holding/properties/Arrangement/properties/DestTransferAmtType/properties/$",
															"type": "string"
														},
														"@tc": {
															"id": "/properties/TXLife/properties/TXLifeRequest/properties/OLifE/properties/Holding/properties/Arrangement/properties/DestTransferAmtType/properties/@tc",
															"type": "string"
														}
													},
													"type": "object"
												},
												"EndDate": {
													"id": "/properties/TXLife/properties/TXLifeRequest/properties/OLifE/properties/Holding/properties/Arrangement/properties/EndDate",
													"type": "string"
												},
												"ModalAmt": {
													"id": "/properties/TXLife/properties/TXLifeRequest/properties/OLifE/properties/Holding/properties/Arrangement/properties/ModalAmt",
													"type": "integer"
												},
												"SourceTransferAmtType": {
													"id": "/properties/TXLife/properties/TXLifeRequest/properties/OLifE/properties/Holding/properties/Arrangement/properties/SourceTransferAmtType",
													"properties": {
														"$": {
															"id": "/properties/TXLife/properties/TXLifeRequest/properties/OLifE/properties/Holding/properties/Arrangement/properties/SourceTransferAmtType/properties/$",
															"type": "string"
														},
														"@tc": {
															"id": "/properties/TXLife/properties/TXLifeRequest/properties/OLifE/properties/Holding/properties/Arrangement/properties/SourceTransferAmtType/properties/@tc",
															"type": "string"
														}
													},
													"type": "object"
												},
												"StartDate": {
													"id": "/properties/TXLife/properties/TXLifeRequest/properties/OLifE/properties/Holding/properties/Arrangement/properties/StartDate",
													"type": "string"
												}
											},
											"type": "object"
										},
										"HoldingTypeCode": {
											"id": "/properties/TXLife/properties/TXLifeRequest/properties/OLifE/properties/Holding/properties/HoldingTypeCode",
											"properties": {
												"$": {
													"id": "/properties/TXLife/properties/TXLifeRequest/properties/OLifE/properties/Holding/properties/HoldingTypeCode/properties/$",
													"type": "string"
												},
												"@tc": {
													"id": "/properties/TXLife/properties/TXLifeRequest/properties/OLifE/properties/Holding/properties/HoldingTypeCode/properties/@tc",
													"type": "string"
												}
											},
											"type": "object"
										},
										"Investment": {
											"id": "/properties/TXLife/properties/TXLifeRequest/properties/OLifE/properties/Holding/properties/Investment",
											"properties": {
												"@id": {
													"id": "/properties/TXLife/properties/TXLifeRequest/properties/OLifE/properties/Holding/properties/Investment/properties/@id",
													"type": "string"
												},
												"SubAccount": {
													"id": "/properties/TXLife/properties/TXLifeRequest/properties/OLifE/properties/Holding/properties/Investment/properties/SubAccount",
														"properties": {
															"@id": {
																"id": "/properties/TXLife/properties/TXLifeRequest/properties/OLifE/properties/Holding/properties/Investment/properties/SubAccount/items/properties/@id",
																"type": "string"
															},
															"SubAccountKey": {
																"id": "/properties/TXLife/properties/TXLifeRequest/properties/OLifE/properties/Holding/properties/Investment/properties/SubAccount/items/properties/SubAccountKey",
																"type": "string"
															}
														},
														"type": "object",
													
													"type": "object"
												}
											},
											"type": "object"
										},
										"Policy": {
											"id": "/properties/TXLife/properties/TXLifeRequest/properties/OLifE/properties/Holding/properties/Policy",
											"properties": {
												"CarrierCode": {
													"id": "/properties/TXLife/properties/TXLifeRequest/properties/OLifE/properties/Holding/properties/Policy/properties/CarrierCode",
													"type": "string"
												},
												"PolNumber": {
													"id": "/properties/TXLife/properties/TXLifeRequest/properties/OLifE/properties/Holding/properties/Policy/properties/PolNumber",
													"type": "string"
												},
												"ProductCode": {
													"id": "/properties/TXLife/properties/TXLifeRequest/properties/OLifE/properties/Holding/properties/Policy/properties/ProductCode",
													"type": "string"
												}
											},
											"type": "object"
										}
									},
									"type": "object"
								}
							},
							"type": "object"
						},
						"TransEffDate": {
							"id": "/properties/TXLife/properties/TXLifeRequest/properties/TransEffDate",
							"type": "string"
						},
						"TransMode": {
							"id": "/properties/TXLife/properties/TXLifeRequest/properties/TransMode",
							"properties": {
								"$": {
									"id": "/properties/TXLife/properties/TXLifeRequest/properties/TransMode/properties/$",
									"type": "string"
								},
								"@tc": {
									"id": "/properties/TXLife/properties/TXLifeRequest/properties/TransMode/properties/@tc",
									"type": "string"
								}
							},
							"type": "object"
						},
						"TransRefGUID": {
							"id": "/properties/TXLife/properties/TXLifeRequest/properties/TransRefGUID",
							"type": "string"
						},
						"TransType": {
							"id": "/properties/TXLife/properties/TXLifeRequest/properties/TransType",
							"properties": {
								"$": {
									"id": "/properties/TXLife/properties/TXLifeRequest/properties/TransType/properties/$",
									"type": "string"
								},
								"@tc": {
									"id": "/properties/TXLife/properties/TXLifeRequest/properties/TransType/properties/@tc",
									"type": "string"
								}
							},
							"type": "object"
						}
					},
					"type": "object"
				}
			},
			"type": "object"
		}
	},
	"type": "object"
}