{
    "TXLife": {
        "TXLifeResponse": {
            "TransRefGUID": "9f047109-1be8-4d06-8574-56e61fa3bb06",
            "TransType": {
                "@tc": "107",
                "$": "Arrangement Administration"
            },
            "TransSubType": {
                "@tc": ""
            },
            "TransExeDate": "2019-03-27Z",
            "TransExeTime": "14:46:58.194Z",
            "TransResult": {
                "ResultCode": {
                    "@tc": "1",
                    "$": "Success"
                },
                "ResultInfo": {
                    "ResultInfoDesc": "The transaction was processed successfully"
                }
            }
        }
    }
}