{
	"TXLife" : {
		"TXLifeRequest" : {
			"TransEffDate" : "2018-01-12",

			"TransRefGUID" : "1f370701-95ef-4c9b-8b18-7e04eea7f3cc",
			"TransType" : {
				"@tc" : "107",
				"$" : "107"
			},
			"TransMode" : {
				"@tc" : "2",
				"$" : "Original request"
			},
			"OLifE" : {
				"Holding" : {
					"@id" : "Holding_1",
					"HoldingTypeCode" : {
						"@tc" : "2",
						"$" : "Policy"
					},
					"Policy" : {
						"PolNumber" : "08610001",
						"ProductCode" : "086",
						"CarrierCode" : "999"
					},
					"Investment" : {
						"@id" : "Investment_1",
						"SubAccount" : {
							"@id" : "SubAccount_1",
							"SubAccountKey" : "0N-02"
						}
					},
					"Arrangement" : {
						"@id" : "Arrangement_1",
						"ArrMode" : {
							"@tc" : "1",
							"$" : "Annually"
						},
						"ArrType" : {
							"@tc" : "22",
							"$" : "EFT Draw"
						},
						"ArrSubType" : {
							"@tc" : "4",
							"$" : "EFT Draw"
						},
						"StartDate" : "2019-08-01",
						"EndDate" : "2021-09-01",
						"DestTransferAmtType" : {
							"@tc" : "2",
							"$" : "Amount"
						},
						"ModalAmt" : "100",
						"AmountQualifier" : {
							"@tc" : "1",
							"$" : "Net"
						},
						"ArrDestination" : {
							"@SubAcctID" : "SubAccount_1",
							"@id" : "ArrDest_1",
							"TransferAmt" : "100"
						}
					}
				}
			}
		}
	}
}
