{
    "TXLife": {
        "TXLifeResponse": {
            "TransRefGUID": "15b43693-e786-7fc2-ab00-34ce3fc275fe",
            "TransType": {
                "@tc": "215",
                "$": "Arrangements Inquiry"
            },
            "TransExeDate": "2018-11-19",
            "TransExeTime": "07:40:01",
            "TransMode": {
                "@tc": "2",
                "$": "Original"
            },
            "InquiryLevel": {
                "@tc": "3",
                "$": "Level"
            },
            "TransResult": {
                "ResultCode": {
                    "@tc": "1",
                    "$": "Success"
                }
            },
            "OLifE": {
                "Holding": [
                    {
                        "@id": "Holding_Fund_6292_1",
                        "HoldingTypeCode": {
                            "@tc": "2",
                            "$": "Policy"
                        },
                        "HoldingName": null,
                        "Policy": {
                            "PolNumber": 839118,
                            "ProductCode": 839,
                            "OLifEExtension": {
                                "isTrad": false
                            }
                        },
                        "AsOfDate": "2018-10-03",
                        "Arrangement": [
                            {
                                "@id": "Arrangement_1",
                                "ArrangementSysKey": 9671,
                                "ArrMode": {
                                    "@tc": "4",
                                    "$": "Monthly"
                                },
                                "ArrType": {
                                    "@tc": "38",
                                    "$": "Sys Partial Wthdrwl(Gross)"
                                },
                                "StartDate": "2018-06-25",
                                "EndDate": "2019-10-31",
                                "ArrSubType": {
                                    "@tc": "29",
                                    "$": "Specified Amount Transfer"
                                },
                                "SourceTransferAmtType": {
                                    "@tc": "2",
                                    "$": "Amount"
                                },
                                "DestTransferAmtType": {
                                    "@tc": "2",
                                    "$": "Amount"
                                },
                                "ArrSource": {
                                    "@SubAcctID": "SubAccount_0B_01",
                                    "TransferAmt": 1000,
                                    "SubAcctName": "Fixed Fund 1"
                                },
                                "ModalAmt": 1000
                            },
                            {
                                "@id": "Arrangement_2",
                                "ArrangementSysKey": 9672,
                                "ArrMode": {
                                    "@tc": "4",
                                    "$": "Monthly"
                                },
                                "ArrType": {
                                    "@tc": "38",
                                    "$": "Sys Partial Wthdrwl(Net/Net)"
                                },
                                "StartDate": "2018-07-25",
                                "EndDate": "2019-10-31",
                                "ArrSubType": {
                                    "@tc": "29",
                                    "$": "Specified Amount Transfer"
                                },
                                "SourceTransferAmtType": {
                                    "@tc": "1",
                                    "$": "Amount"
                                },
                                "DestTransferAmtType": {
                                    "@tc": "1",
                                    "$": "Amount"
                                },
                                "ArrDestination": {
                                    "@SubAcctID": "SubAccount_$$_$$",
                                    "TransferAmt": 100,
                                    "SubAcctName": "None"
                                },
                                "ModalAmt": 100
                            }
                        ],
                        "Investment": {
                            "AccountValue": 790.02,
                            "SubAccount": {
                                "@id": "SubAccount_0B_01",
                                "ProductFullName": "02 General Account",
                                "CurrNumberUnits": 0,
                                "TotValue": 0,
                                "SubAccountKey": "0B_01",
                                "AssetClass": {
                                    "@tc": "1",
                                    "$": "Fixed"
                                },
                                "Purpose": {
                                    "@tc": "7",
                                    "$": "Investment"
                                }
                            }
                        }
                    },
                    {
                        "@id": "Bank_Holding_1",
                        "HoldingTypeCode": {
                            "@tc": "7",
                            "$": "Banking"
                        },
                        "Banking": {
                            "@id": "Yes_Bank_Checking_1",
                            "BankAcctType": {
                                "@tc": "1",
                                "$": "Checking"
                            },
                            "RoutingNum": 222000228,
                            "AccountNumber": 3212121,
                            "BankName": "Yes Bank"
                        }
                    },
                    {
                        "@id": "Bank_Holding_2",
                        "HoldingTypeCode": {
                            "@tc": "7",
                            "$": "Banking"
                        },
                        "Banking": {
                            "@id": "Yes_Bank_Checking_2",
                            "BankAcctType": {
                                "@tc": "1",
                                "$": "Checking"
                            },
                            "RoutingNum": 222000228,
                            "AccountNumber": 252520,
                            "BankName": "Yes Bank"
                        }
                    }
                ]
            }
        }
    }
}