{
   "TXLife": {
      "UserAuthRequest": {
         "UserLoginName": "InterfaceUser"
      },
      "TXLifeRequest": {
         "TransRefGUID": "b4726042-685a-405c-a8fc-1b940451c6a1",
         "TransType": {
            "@tc": "106",
            "$": "New Business Policy Number Request"
         },
         "TransSubType": {
            "@tc": "10600",
            "$": "New Business Policy Number Request"
         },
         "TransExeDate": "2019-02-07",
         "TransExeTime": "19:27:14",
         "OLifE": {
            "Holding": {
               "@id": "Holding_ProposedPolicy",
               "HoldingTypeCode": {
                  "@tc": "2",
                  "$": "Policy"
               },
               "Policy": {
                  "ProductType": {
                     "@tc": "1",
                     "$": "Deferred Annuity"
                  },
                  "PlanName": "Variable Annuity",
                  "EffDate": "2019-02-07",
                  "CarrierCode": "Athene",
                  "ApplicationInfo": {
                     "HOAssignedAppNumber": "41790ContGenTest",
                     "ApplicationJurisdiction": {
                        "@tc": "35",
                        "$": "NJ"
                     },
                     "SignatureInfo": {
                        "SignatureDate": "2019-02-07"
                     }
                  }
               }
            },
            "OLifEExtension": [{
               "GenContNumInd": "Yes",
               "SaveAppInd": "Yes"
            }]
         }
      }
   }
}