{
   "TXLife": {
      "@Version": "2.36.00",
      "TXLifeRequest": {
      "TransRefGUID": "77dfe46a-0c03-4981-8dc2-0fc2fd92e339",
         "TransType": {
            "@tc": "103",
            "$": "New Business Submit"
         },
         "TransSubType": {
            "@tc": "10306",
            "$": "New Business Submit"
         },
      "TransExeDate": "2019-05-07",
      "TransExeTime": "11:03:52",
         "OLifE": {
            "Holding": [{
               "@id": "Holding_ProposedPolicy",
               "HoldingTypeCode": {
                  "@tc": "2",
                  "$": "Policy"
               },
               "Policy": {
                  "ProductType": {
                     "@tc": "10",
                     "$": "Deferred Annuity"
                  },
                  "ProductCode": "1",
                  "CarrierCode": "Default Company",
                  "PlanName": "Fixed And MVA Annuity",
                  "EffDate":"2018-01-12",
                  "PaymentDraftDay": "2018-01-18"
                  
               }
            }]
         }
      }
   }
}