{
   "TXLife": {
		"UserAuthRequest" : {
			"UserLoginName" : "PRANJAN"
		},
   "TXLifeRequest": {
      "TransRefGUID": "57642291-dcae-5341-8976-fecad5864931",
      "TransType": {
         "@tc": "103",
         "$": "New Business Submit"
      },
      "TransSubType": {
         "@tc": "10302",
         "$": "New Business Submit"
      },
			"TransExeDate" : "2019-05-08",
      "TransExeTime": "19:27:14",
      "OLifE": {
         "Holding": [
            {
               "@id": "Holding_ProposedPolicy",
               "HoldingTypeCode": {
                  "@tc": "2",
                  "$": "Policy"
               },
               "Policy": {
                  "ProductType": {
                     "@tc": "10",
                     "$": "Deferred Annuity"
                  },
                  "ProductCode": "15",
                  "CarrierCode": "Default Company",
                  "PlanName": "Variable Annuity",
                  "PolicyStatus": {
                     "@tc": "2",
                     "$": "Active"
                  },
                  "Jurisdiction": {
                     "@tc": "35",
                     "$": "NJ"
                  },
                  "EffDate": "2018-11-30",
                  "Annuity": {
                     "QualPlanType": {
                        "@tc": "1",
                        "$": "Non-Qualified"
                     },
                     "InitDepositDate": "2018-11-30",
                     "Payout": [{
                        "AnnuityStartingDate": "2055-07-26",
                        "PayoutMode": {
                           "@tc": "1",
                           "$": "Annual"
                        }
                     }]
                  },
                  "ApplicationInfo": {
                     "HOAssignedAppNumber": "A1435",
                     "ApplicationJurisdiction": {
                        "@tc": "35",
                        "$": "NJ"
                     },
                     "SignedDate": "2018-11-30",
                     "SignatureInfo": [{
                        "SignatureDate": "2018-11-30"
                     }]
                  }
               },
               "Investment": {
                  "SubAccount":[ {
                     "@id": "PremiumFund_3",
                     "ProductCode": "0B-04",
                     "ProductFullName": "General Account",
                     "InvestType": {
                        "@tc": "20",
                        "$": "Fixed Fund"
                     },
                     "AllocPercent": "100.00",
							"FinancialActivity" : [{
                        "FinActivityType": {
                           "@tc": "1",
                           "$": "General Account"
                        }
							}]
                  }]
               }
            },
            {
               "@id": "Holding_Banking",
               "HoldingTypeCode": {
                  "@tc": "7",
                  "$": "Banking"
               },
               "Banking": {
                  "BankAcctType": {
                     "@tc": "1",
                     "$": "Saving Account"
                  },
                  "AccountNumber": "1234567489",
                  "RoutingNum": "063100277",
                  "AcctHolderName": "Ms. Bank Test11",
                  "BankName": "Bank of California"
               }
            }
         ],
         "Party": [
            {
               "@id": "Party_PrimaryAnnuitant",
               "PartyTypeCode": {
                  "@tc": "1",
                  "$": "Person"
               },
               "FullName": "David Juliet",
               "GovtID": "784093234",
               "GovtIDTC": {
                  "@tc": "1",
                  "$": "Social Security Number US"
               },
               "GovtIDCertificationDate": "2008-01-01",
               "ResidenceCountry": {
                  "@tc": "1",
                  "$": "USA"
               },
               "Person": {
                  "FirstName": "David",
                  "MiddleName": "K",
                  "LastName": "Juliet",
                  "Prefix": "Mr.",
                  "MarStat": {
                     "@tc": "1",
                     "$": "Married"
                  },
                  "Gender": {
                     "@tc": "1",
                     "$": "Male"
                  },
                  "BirthDate": "1988-01-01",
                  "Citizenship": {
                     "@tc": "1",
                     "$": "USA"
                  },
                  "EstGrossAnnualOtherIncome": "96000",
                  "NonResidentAlienInd": {
                     "@tc": "0",
                     "$": "False"
                  },
                  "Occupation": "Technology and Computer Sciences",
                  "OLifEExtension": [{
							"BackupWithholdingIndicator" : [{
                        "@tc": "0",
                        "$": "false"
							}],
							"eDeliveryOptOutOptionIndicator" : [{
                        "@tc": "0",
                        "$": "false"
							}],
                     "BDValidationDate": ["2016-01-01"]
                  }]
               },
               "Address": [{
                  "AddressTypeCode": {
                     "@tc": "1",
                     "$": "Residence"
                  },
                  "Line1": "100 Main Street5",
                  "Line2": "Phoenix",
                  "Line3": "line3",
                  "City": "Morris Plains",
                  "AddressStateTC": {
                     "@tc": "35",
                     "$": "NJ"
                  },
                  "Zip": "07950",
                  "AddressCountryTC": {
                     "@tc": "1",
                     "$": "USA"
                  },
                  "PrefAddr": {
                     "@tc": "1",
                     "$": "true"
                  },
                  "SolicitationInd": {
                     "@tc": "0",
                     "$": "false"
                  },
                  "PostalDropCode": "null",
                  "AddressValidInd": {
                     "@tc": "1",
                     "$": "true"
                  }
               }],
               "Phone": [{
                  "PhoneTypeCode": {
                     "@tc": "1",
                     "$": "Home"
                  },
                  "AreaCode": "555",
                  "DialNumber": "1233332",
                  "SolicitationInd": {
                     "@tc": "0",
                     "$": "false"
                  }
               }],
               "EMailAddress": [{
                  "EMailType": {
                     "@tc": "5",
                     "$": "Primary"
                  },
                  "AddrLine": "david.romeo@gmail.com",
                  "SolicitationInd": {
                     "@tc": "1",
                     "$": "true"
                  }
               }]
            },
            {
               "@id": "Party_Agent",
               "PartyTypeCode": {
                  "@tc": "1",
                  "$": "Person"
               },
               "Person": {
                  "FirstName": "STEPHANIE",
                  "LastName": "MISHAK"
               },
               "Producer": {
                  "NIPRNumber": "VL730"
               },
               "EMailAddress": [{
                  "AddrLine": "ajames@tiaa-cref.org"
               }]
            }
         ],
         "Relation": [
            {
               "@id": "R_Agent_to_Holding",
               "@OriginatingObjectID": "Holding_ProposedPolicy",
               "@RelatedObjectID": "Party_Agent",
               "OriginatingObjectType": {
                  "@tc": "4",
                  "$": "Holding"
               },
               "RelatedObjectType": {
                  "@tc": "6",
                  "$": "Party"
               },
               "RelationRoleCode": {
                  "@tc": "37",
                  "$": "Agent of Record"
               }
            },
            {
               "@id": "Party_PI",
               "@OriginatingObjectID": "Holding_ProposedPolicy",
               "@RelatedObjectID": "Party_PrimaryAnnuitant",
               "OriginatingObjectType": {
                  "@tc": "4",
                  "$": "Holding"
               },
               "RelatedObjectType": {
                  "@tc": "6",
                  "$": "Party"
               },
               "RelationRoleCode": {
                  "@tc": "35",
                  "$": "Annuitant"
               },
               "InterestPercent": "100"
            },
            {
               "@id": "Party_Owner",
               "@OriginatingObjectID": "Holding_ProposedPolicy",
               "@RelatedObjectID": "Party_PrimaryAnnuitant",
               "OriginatingObjectType": {
                  "@tc": "4",
                  "$": "Holding"
               },
               "RelatedObjectType": {
                  "@tc": "6",
                  "$": "Party"
               },
               "RelationRoleCode": {
                  "@tc": "8",
                  "$": "Owner"
               },
               "InterestPercent": "100"
            }
         ]
      }
   }
}
}
