{
  "$schema": "http://json-schema.org/draft-04/schema#",
  "definitions": {},
  "id": "http://example.com/example.json",
  "properties": {
    "TXLifeRequest": {
      "id": "/properties/TXLifeRequest",
      "properties": {
        "@PrimaryObjectID": {
          "id": "/properties/TXLifeRequest/properties/@PrimaryObjectID",
          "type": "string"
        },
        "OLifE": {
          "id": "/properties/TXLifeRequest/properties/OLifE",
          "properties": {
            "@Version": {
              "id": "/properties/TXLifeRequest/properties/OLifE/properties/@Version",
              "type": "string"
            },
            "Holding": {
              "id": "/properties/TXLifeRequest/properties/OLifE/properties/Holding",
              "properties": {
                "@id": {
                  "id": "/properties/TXLifeRequest/properties/OLifE/properties/Holding/properties/@id",
                  "type": "string"
                },
                "HoldingTypeCode": {
                  "id": "/properties/TXLifeRequest/properties/OLifE/properties/Holding/properties/HoldingTypeCode",
                  "properties": {
                    "$": {
                      "id": "/properties/TXLifeRequest/properties/OLifE/properties/Holding/properties/HoldingTypeCode/properties/$",
                      "type": "string"
                    },
                    "@tc": {
                      "id": "/properties/TXLifeRequest/properties/OLifE/properties/Holding/properties/HoldingTypeCode/properties/@tc",
                      "type": "string"
                    }
                  },
                  "type": "object"
                },
                "Investment": {
                  "id": "/properties/TXLifeRequest/properties/OLifE/properties/Holding/properties/Investment",
                  "properties": {
                    "@id": {
                      "id": "/properties/TXLifeRequest/properties/OLifE/properties/Holding/properties/Investment/properties/@id",
                      "type": "string"
                    },
                    "SubAccount": {
                      "id": "/properties/TXLifeRequest/properties/OLifE/properties/Holding/properties/Investment/properties/SubAccount",
                      "items": {
                        "id": "/properties/TXLifeRequest/properties/OLifE/properties/Holding/properties/Investment/properties/SubAccount/items",
                        "properties": {
                          "@id": {
                            "id": "/properties/TXLifeRequest/properties/OLifE/properties/Holding/properties/Investment/properties/SubAccount/items/properties/@id",
                            "type": "string"
                          },
                          "FinancialActivity": {
                            "id": "/properties/TXLifeRequest/properties/OLifE/properties/Holding/properties/Investment/properties/SubAccount/items/properties/FinancialActivity",
                            "properties": {
                              "@id": {
                                "id": "/properties/TXLifeRequest/properties/OLifE/properties/Holding/properties/Investment/properties/SubAccount/items/properties/FinancialActivity/properties/@id",
                                "type": "string"
                              },
                              "FinActivityPct": {
                                "id": "/properties/TXLifeRequest/properties/OLifE/properties/Holding/properties/Investment/properties/SubAccount/items/properties/FinancialActivity/properties/FinActivityPct",
                                "type": "string"
                              },
                              "FinActivityType": {
                                "id": "/properties/TXLifeRequest/properties/OLifE/properties/Holding/properties/Investment/properties/SubAccount/items/properties/FinancialActivity/properties/FinActivityType",
                                "properties": {
                                  "$": {
                                    "id": "/properties/TXLifeRequest/properties/OLifE/properties/Holding/properties/Investment/properties/SubAccount/items/properties/FinancialActivity/properties/FinActivityType/properties/$",
                                    "type": "string"
                                  },
                                  "@tc": {
                                    "id": "/properties/TXLifeRequest/properties/OLifE/properties/Holding/properties/Investment/properties/SubAccount/items/properties/FinancialActivity/properties/FinActivityType/properties/@tc",
                                    "type": "string"
                                  }
                                },
                                "type": "object"
                              },
                              "FinEffDate": {
                                "id": "/properties/TXLifeRequest/properties/OLifE/properties/Holding/properties/Investment/properties/SubAccount/items/properties/FinancialActivity/properties/FinEffDate",
                                "type": "string"
                              }
                            },
                            "type": "object"
                          },
                          "SubAccountKey": {
                            "id": "/properties/TXLifeRequest/properties/OLifE/properties/Holding/properties/Investment/properties/SubAccount/items/properties/SubAccountKey",
                            "type": "string"
                          }
                        },
                        "type": "object"
                      },
                      "type": "array"
                    }
                  },
                  "type": "object"
                },
                "Policy": {
                  "id": "/properties/TXLifeRequest/properties/OLifE/properties/Holding/properties/Policy",
                  "properties": {
                    "CarrierCode": {
                      "id": "/properties/TXLifeRequest/properties/OLifE/properties/Holding/properties/Policy/properties/CarrierCode",
                      "type": "string"
                    },
                    "FinancialActivity": {
                      "id": "/properties/TXLifeRequest/properties/OLifE/properties/Holding/properties/Policy/properties/FinancialActivity",
                      "properties": {
                        "@id": {
                          "id": "/properties/TXLifeRequest/properties/OLifE/properties/Holding/properties/Policy/properties/FinancialActivity/properties/@id",
                          "type": "string"
                        },
                        "FinActivityType": {
                          "id": "/properties/TXLifeRequest/properties/OLifE/properties/Holding/properties/Policy/properties/FinancialActivity/properties/FinActivityType",
                          "properties": {
                            "$": {
                              "id": "/properties/TXLifeRequest/properties/OLifE/properties/Holding/properties/Policy/properties/FinancialActivity/properties/FinActivityType/properties/$",
                              "type": "string"
                            },
                            "@tc": {
                              "id": "/properties/TXLifeRequest/properties/OLifE/properties/Holding/properties/Policy/properties/FinancialActivity/properties/FinActivityType/properties/@tc",
                              "type": "string"
                            }
                          },
                          "type": "object"
                        },
                        "FinEffDate": {
                          "id": "/properties/TXLifeRequest/properties/OLifE/properties/Holding/properties/Policy/properties/FinancialActivity/properties/FinEffDate",
                          "type": "string"
                        },
                        "FinancialActivityInfo": {
                          "id": "/properties/TXLifeRequest/properties/OLifE/properties/Holding/properties/Policy/properties/FinancialActivity/properties/FinancialActivityInfo",
                          "items": {
                            "id": "/properties/TXLifeRequest/properties/OLifE/properties/Holding/properties/Policy/properties/FinancialActivity/properties/FinancialActivityInfo/items",
                            "properties": {
                              "@FinancialActivityID": {
                                "id": "/properties/TXLifeRequest/properties/OLifE/properties/Holding/properties/Policy/properties/FinancialActivity/properties/FinancialActivityInfo/items/properties/@FinancialActivityID",
                                "type": "string"
                              },
                              "@id": {
                                "id": "/properties/TXLifeRequest/properties/OLifE/properties/Holding/properties/Policy/properties/FinancialActivity/properties/FinancialActivityInfo/items/properties/@id",
                                "type": "string"
                              }
                            },
                            "type": "object"
                          },
                          "type": "array"
                        }
                      },
                      "type": "object"
                    },
                    "PolNumber": {
                      "id": "/properties/TXLifeRequest/properties/OLifE/properties/Holding/properties/Policy/properties/PolNumber",
                      "type": "string"
                    },
                    "ProductCode": {
                      "id": "/properties/TXLifeRequest/properties/OLifE/properties/Holding/properties/Policy/properties/ProductCode",
                      "type": "string"
                    }
                  },
                  "type": "object"
                }
              },
              "type": "object"
            }
          },
          "type": "object"
        },
        "TransEffDate": {
          "id": "/properties/TXLifeRequest/properties/TransEffDate",
          "type": "string"
        },
        "TransMode": {
          "id": "/properties/TXLifeRequest/properties/TransMode",
          "properties": {
            "$": {
              "id": "/properties/TXLifeRequest/properties/TransMode/properties/$",
              "type": "string"
            },
            "@tc": {
              "id": "/properties/TXLifeRequest/properties/TransMode/properties/@tc",
              "type": "string"
            }
          },
          "type": "object"
        },
        "TransRefGUID": {
          "id": "/properties/TXLifeRequest/properties/TransRefGUID",
          "type": "string"
        },
        "TransType": {
          "id": "/properties/TXLifeRequest/properties/TransType",
          "properties": {
            "$": {
              "id": "/properties/TXLifeRequest/properties/TransType/properties/$",
              "type": "string"
            },
            "@tc": {
              "id": "/properties/TXLifeRequest/properties/TransType/properties/@tc",
              "type": "string"
            }
          },
          "type": "object"
        }
      },
      "type": "object"
    }
  },
  "type": "object"
}