
{
	"TXLife": {
		"UserAuthRequest": {
			"UserLoginName": "PRATHAMESH"
		},
		"TXLifeRequest": {
			"@PrimaryObjectID": "Holding_1",
			"TransRefGUID": "ec9736e1-42c8-4305-8c6a-ec7b96474bad",
			"TransType": {
				"@tc": "102",
				"$": "Fund Transfer"
			},
			"TransSubType": {
				"@tc": "10200",
				"$": "Fund Transfer Only"
			},
			"TransEffDate": "2017-05-03",
			"TransMode": {
				"@tc": "2",
				"$": "Original request"
			},
			"OLifE": {	
"Holding": [{
					"@id": "Holding_1",
					"HoldingTypeCode": {
						"@tc": "2",
						"$": "Policy"
					},
					"Policy": {
						"PolNumber": "086349",
						"ProductCode": "086",
						"CarrierCode": "-999"
					},
					"Arrangement": [{
						"@id": "Arrangement_1",
						"@DataRep": "Full",
						"ArrMode": {
							"@tc": "9",
							"$": "Single Payment"
						},
						"ArrType": {
							"@tc": "1",
							"$": "Transfer"
						},
						"ModalAmt": 13.2817,
						"SourceTransferAmtType": {
							"@tc": "3",
							"$": "Percentage"
						},
						"DestTransferAmtType": {
							"@tc": "3",
							"$": "Percentage"
						},
						"ArrSource": [{
							"@id": "ArrSource_1",
							"@SubAcctID": "SubAccount_1",
							"TransferPct": 1
						}],
						"ArrDestination": [{
							"@id": "ArrDestination_1",
							"@SubAcctID": "SubAccount_2",
							"TransferPct": 100
						}]
					}],
					"Investment": [{
						"@id": "Investment_1",
						"SubAccount": [{
							"@id": "SubAccount_1",
							"SubAccountKey": "0P_01"
						},
						{
							"@id": "SubAccount_2",
							"SubAccountKey": "0F_05"
						}]
					}]
				}]
			}
		}
	}
}