{
   "TXLife": {
      "UserAuthRequest": {
         "UserLoginName": "SUPERVIS"
      },
      "TXLifeRequest": {
         "TransRefGUID": "06f484dd-16c8-9873-f0dd-adb4e9169407",
         "TransType": {
            "@tc": "508",
            "$": "Payment Transaction"
         },
         "TransSubType": {
            "@tc": "18507",
            "$": "Payment Reverse"
         },
         "TransExeDate": "2019-04-10",
         "TransExeTime": "11:11:02",
         "OLifE": {
            "Holding": {
               "@id": "reject",
               "Policy": {
                  "PolNumber": "086332",
                  "FinancialActivity": {
                     "TransConfirmNum": "16447",
					 "Payment": {
					 "PaymentAmt": 60000
					 },
                     "OLifEExtension": {
                        "ReversalReasonCode": 2,
                        "ReversalReason": "Exchange/Transfer"
                     }
                  }
               }
            }
         }
      }
   }
}