{
   "TXLife": {
      "@Version": "2.36.00",
      "TXLifeRequest": {
         "@PrimaryObjectID": "Holding_1",
         "TransRefGUID": "06f484dd-26c8-9873-f0dd-adb8e4169305",
         "TransType": {
            "@tc": "508",
            "$": "Payment Transaction"
         },
         "TransSubType": {
            "@tc": "50800",
            "$": "Payment Transaction"
         },
          "TransExeDate": "2019-04-10",
         "TransExeTime": "11:11:11",
         "TransMode": {
            "@tc": "2",
            "$": "Original request"
         },
         "OLifE": {
            "@Version": "2.36.00",
            "Holding": {
               "@id": "Holding_1",
               "HoldingTypeCode": {
                  "@tc": "2",
                  "$": "Policy"
               },
               "CurrencyTypeCode": {
                  "@tc": "840",
                  "$": "USD (United States Dollar)"
               },
               "Policy": {
                  "PolNumber": "086332",
                  "CarrierCode": "Default Company",
                  "FinancialActivity": {
                     "@id": "FinActivity_1",
                     "FinActivityType": {
                        "@tc": "2147483647",
                        "$": "No Transaction Exists"
                     },
                     "FinActivityGrossAmt": "200",
                     "FinActivityNetAmt": "200",
                     "FinEffDate": "2018-02-02",
                     "OrderDate": "2018-02-02",
                     "ReportingTaxYear":"2018",
                     "Payment": {
                        "PaymentForm": {
                           "@tc": "1",
                           "$": "Cash"
                        },
                        "CheckNo": "A1234",
                        "SourceOfFundsTC": {
                           "@tc": "17",
                           "$": "Rollover/Transfer - Another Insurance Policy"
                        },
                        "OLifEExtension": {
                           "PreviousSourceType": {
                              "@tc": "17",
                              "$": "Rollover/Transfer - Another Insurance Policy"
                           }
                        }
                     },
                     "OLifEExtension": {
                        "PreviousTaxYear":"2017",
                        "SuspenseReason": "Billing Apply Difference",
                        "PreviousContributionAmount": 200,
                        "CurrentContributionAmount": 200,
                        "ApplySuspense":"No"
                     }
                  }
               }
            },
            "Party": {
               "@id": "Party_1",
               "PartyTypeCode": {
                  "@tc": "1",
                  "$": "Person"
               },
               "GovtIDTC": {
                  "@tc": "1",
                  "$": "123456789"
               },
               "IDReferenceNo": "EXT12345",
               "Person": {
                  "FirstName": "Walt",
                  "LastName": "Pokale"
                  }
               },
			   "Relation": {
               "@id": "Relation_1",
               "@OriginatingObjectID": "Holding_1",
               "@RelatedObjectID": "Party_1",
               "OriginatingObjectType": {
                  "@tc": "4",
                  "$": "Holding"
               },
               "RelatedObjectType": {
                  "@tc": "6",
                  "$": "Party"
               },
               "RelationRoleCode": {
                  "@tc": "8",
                  "$": "Owner"
               }
            }
           }           
         }
      }
   }
