{
   "TXLife": {
      "TXLifeRequest": {
         "TransEffDate": "2018-12-01",
         "TransRefGUID": "06f484dd-26c8-9873-f0dd-adb8e4169485",
         "TransType": {
            "@tc": "105",
            "$": "Withdrawal"
         },
         "TransMode": {
            "@tc": "2",
            "$": "Original request"
         },
         "OLifE": {
            "Holding": {
               "@id": "Holding_1",
               "HoldingTypeCode": {
                  "@tc": "2",
                  "$": "Policy"
               },
               "Policy": {
                  "PolNumber": "839118",
                  "ProductCode": "839",
                  "CarrierCode": "ABC",
                  "FinancialActivity": {
                     "@id": "FinActivity_1",
                     "@ArrangementRefID": "Arrangement_1",
                     "FinActivityType": {
                        "@tc": "6",
                        "$": "Specified Dollar Amount Withdrawal (Net)"
                     },
                     "FinActivityNetAmt": "200",
                     "FinEffDate": "2017-02-20",
                     "OrderDate": "2017-02-20",
                     "Payment": {
                        "@id": "Payment_1",
                        "PaymentForm": {
                           "@tc": "10",
                           "$": "Corporate Check"
                        },
                        "CreateCheckInd": {
                           "@tc": "1",
                           "$": "True"
                        }
                     }
                  }
               },
               "Investment": {
                  "@id": "Investment_1",
                  "SubAccount": {
                     "@id": "SubAccount_1",
                     "SubAccountKey": "0B_01"
                  }
               },
               "Arrangement": {
                  "@id": "Arrangement_1",
                  "ArrMode": {
                     "@tc": "9",
                     "$": "Single Payment"
                  },
                  "ArrType": {
                     "@tc": "58",
                     "$": "One Time Withdrawal"
                  },
                  "ArrSubType": {
                     "@tc": "4",
                     "$": "Specified Amount Withdrawal"
                  },
                  "ModalAmt": "200",
                  "AmountQualifier": {
                     "@tc": "1",
                     "$": "Net"
                  },
                  "ArrSource": {
                     "@id": "ArrSource_1",
                     "@SubAcctID": "SubAccount_1",
                     "TransferAmt": "250"
                  }
               }
            }
         }
      }
   }
}