{
  "type" : "object",
  "id" : "urn:jsonschema:org:acord:standards:life:_2:xml:cclexpression:TXLifeType",
  "properties" : {
    "Version" : {
      "type" : "string"
    },
    "TXLifeResponse" : {
      "type" : "object",
      "id" : "urn:jsonschema:org:acord:standards:life:_2:xml:cclexpression:TXLifeResponseType",
      "properties" : {
        "TransRefGUID" : {
          "type" : "string"
        },
        "TransType" : {
          "type" : "object",
          "id" : "urn:jsonschema:org:acord:standards:life:_2:xml:cclexpression:OLILUTRANSTYPECODES",
          "properties" : {
            "$" : {
              "type" : "string"
            },
            "@tc" : {
              "type" : "integer"
            }
          }
        },
        "TransSubType" : {
          "type" : "object",
          "id" : "urn:jsonschema:org:acord:standards:life:_2:xml:cclexpression:TRANSSUBTYPECODES",
          "properties" : {
            "$" : {
              "type" : "string"
            },
            "@tc" : {
              "type" : "integer"
            }
          }
        },
        "TransExeDate" : {
          "type" : "string"
        },
        "TransExeTime" : {
          "type" : "string"
        },
        "TransResult" : {
          "type" : "object",
          "id" : "urn:jsonschema:org:acord:standards:life:_2:xml:cclexpression:TransResultType",
          "properties" : {
            "ResultCode" : {
              "type" : "object",
              "id" : "urn:jsonschema:org:acord:standards:life:_2:xml:cclexpression:ResultCodeType",
              "properties" : {
                "$" : {
                  "type" : "string"
                },
                "@tc" : {
                  "type" : "integer"
                }
              }
            },
            "ResultInfo" : {
              "type" : "object",
              "id" : "urn:jsonschema:org:acord:standards:life:_2:xml:cclexpression:ResultInfoType",
              "properties" : {
                "ResultInfoCode" : {
                  "type" : "object",
                  "id" : "urn:jsonschema:org:acord:standards:life:_2:xml:cclexpression:ResultInfoCodeType",
                  "properties" : {
                    "$" : {
                      "type" : "string"
                    },
                    "@tc" : {
                      "type" : "integer"
                    }
                  }
                },
                "ResultInfoDesc" : {
                  "type" : "string"
                },
                "ResultInfoSeverity" : {
                  "type" : "object",
                  "id" : "urn:jsonschema:org:acord:standards:life:_2:xml:cclexpression:ResultInfoSeverityType",
                  "properties" : {
                    "$" : {
                      "type" : "string"
                    },
                    "@tc" : {
                      "type" : "integer"
                    }
                  }
                },
                "id" : {
                  "type" : "string"
                }
              }
            }
          }
        },
        "id" : {
          "type" : "string"
        },
        "PrimaryObjectID" : {
          "type" : "object"
        }
      }
    }
  }
}