{
  "type" : "object",
  "id" : "urn:jsonschema:org:acord:standards:life:_2:xml:nbsearch_resp:TXLifeType",
  "properties" : {
    "@Version" : {
      "type" : "string"
    },
    "TXLifeResponse" : {
      "type" : "array",
      "items" : {
        "type" : "object",
        "id" : "urn:jsonschema:org:acord:standards:life:_2:xml:nbsearch_resp:TXLifeResponseType",
        "properties" : {
          "TransRefGUID" : {
            "type" : "string",
            "required" : true
          },
          "TransType" : {
            "type" : "object",
            "id" : "urn:jsonschema:org:acord:standards:life:_2:xml:nbsearch_resp:OLILUTRANSTYPECODES",
            "required" : true,
            "properties" : {
              "@tc" : {
                "type" : "string",
                "enum" : [ "302" ]
              },
              "$" : {
                "type" : "string"
              }
            }
          },
          "TransSubType" : {
            "type" : "object",
            "id" : "urn:jsonschema:org:acord:standards:life:_2:xml:nbsearch_resp:TRANSSUBTYPECODES",
            "required" : true,
            "properties" : {
              "@tc" : {
                "type" : "string",
                "enum" : [ "30200" ]
              },
              "$" : {
                "type" : "string"
              }
            }
          },
          "TransExeDate" : {
            "type" : "string"
          },
          "TransExeTime" : {
            "type" : "string"
          },
          "OLifE" : {
            "type" : "object",
            "id" : "urn:jsonschema:org:acord:standards:life:_2:xml:nbsearch_resp:OLifEType",
            "properties" : {
              "@Version" : {
                "type" : "string"
              },
              "Holding" : {
                "type" : "array",
                "items" : {
                  "type" : "object",
                  "id" : "urn:jsonschema:org:acord:standards:life:_2:xml:nbsearch_resp:HoldingType",
                  "properties" : {
                    "@id" : {
                      "type" : "string"
                    },
                    "HoldingTypeCode" : {
                      "type" : "object",
                      "id" : "urn:jsonschema:org:acord:standards:life:_2:xml:nbsearch_resp:OLILUHOLDTYPE",
                      "properties" : {
                        "@tc" : {
                          "type" : "string",
                          "enum" : [ "2" ]
                        },
                        "$" : {
                          "type" : "string"
                        }
                      }
                    },
                    "Policy" : {
                      "type" : "object",
                      "id" : "urn:jsonschema:org:acord:standards:life:_2:xml:nbsearch_resp:PolicyType",
                      "properties" : {
                        "PolNumber" : {
                          "type" : "string"
                        },
                        "PolicyStatus" : {
                          "type" : "string"
                        },
                        "PlanName" : {
                          "type" : "string"
                        },
                        "ProductCode" : {
                          "type" : "string"
                        },
                        "ModifyDate" : {
                          "type" : "string"
                        }
                      }
                    }
                  }
                }
              },
              "Party" : {
                "type" : "array",
                "items" : {
                  "type" : "object",
                  "id" : "urn:jsonschema:org:acord:standards:life:_2:xml:nbsearch_resp:PartyType",
                  "properties" : {
                    "@id" : {
                      "type" : "string"
                    },
                    "PartyTypeCode" : {
                      "type" : "object",
                      "id" : "urn:jsonschema:org:acord:standards:life:_2:xml:nbsearch_resp:OLILUOBJECTTYPE",
                      "properties" : {
                        "@tc" : {
                          "type" : "string"
                        },
                        "$" : {
                          "type" : "string"
                        }
                      }
                    },
                    "GovtID" : {
                      "type" : "string"
                    },
                    "Person" : {
                      "type" : "object",
                      "id" : "urn:jsonschema:org:acord:standards:life:_2:xml:nbsearch_resp:PersonType",
                      "properties" : {
                        "@id" : {
                          "type" : "string"
                        },
                        "FirstName" : {
                          "type" : "string"
                        },
                        "MiddleName" : {
                          "type" : "string"
                        },
                        "LastName" : {
                          "type" : "string"
                        }
                      }
                    }
                  }
                }
              },
              "Relation" : {
                "type" : "array",
                "items" : {
                  "type" : "object",
                  "id" : "urn:jsonschema:org:acord:standards:life:_2:xml:nbsearch_resp:RelationType",
                  "properties" : {
                    "@id" : {
                      "type" : "string"
                    },
                    "@OriginatingObjectID" : {
                      "type" : "string"
                    },
                    "@RelatedObjectID" : {
                      "type" : "string"
                    },
                    "OriginatingObjectType" : {
                      "type" : "object",
                      "id" : "urn:jsonschema:org:acord:standards:life:_2:xml:nbsearch_resp:OLILUOBJECTTYPE",
                      "properties" : {
                        "@tc" : {
                          "type" : "string"
                        },
                        "$" : {
                          "type" : "string"
                        }
                      }
                    },
                    "RelatedObjectType" : {
                      "type" : "object",
                      "id" : "urn:jsonschema:org:acord:standards:life:_2:xml:nbsearch_resp:OLILUOBJECTTYPE",
                      "properties" : {
                        "@tc" : {
                          "type" : "string"
                        },
                        "$" : {
                          "type" : "string"
                        }
                      }
                    },
                    "RelationRoleCode" : {
                      "type" : "object",
                      "id" : "urn:jsonschema:org:acord:standards:life:_2:xml:nbsearch_resp:OLILUREL",
                      "properties" : {
                        "@tc" : {
                          "type" : "string"
                        },
                        "$" : {
                          "type" : "string"
                        }
                      }
                    },
                    "InterestPercent" : {
                      "type" : "number"
                    }
                  }
                }
              }
            }
          },
          "TransResult" : {
            "type" : "object",
            "id" : "urn:jsonschema:org:acord:standards:life:_2:xml:nbsearch_resp:TransResultType",
            "required" : true,
            "properties" : {
              "ResultCode" : {
                "type" : "object",
                "id" : "urn:jsonschema:org:acord:standards:life:_2:xml:nbsearch_resp:RESULTCODES",
                "required" : true,
                "properties" : {
                  "@tc" : {
                    "type" : "string",
                    "enum" : [ "1", "5" ]
                  },
                  "$" : {
                    "type" : "string"
                  }
                }
              },
              "ConfirmationID" : {
                "type" : "string"
              },
              "ResultInfo" : {
                "type" : "array",
                "items" : {
                  "type" : "object",
                  "id" : "urn:jsonschema:org:acord:standards:life:_2:xml:nbsearch_resp:ResultInfoType",
                  "properties" : {
                    "@id" : {
                      "type" : "string"
                    },
                    "ResultInfoCode" : {
                      "type" : "object",
                      "id" : "urn:jsonschema:org:acord:standards:life:_2:xml:nbsearch_resp:RESULTINFOCODES",
                      "properties" : {
                        "@tc" : {
                          "type" : "string"
                        },
                        "$" : {
                          "type" : "string"
                        }
                      }
                    },
                    "ResultInfoSeverity" : {
                      "type" : "string"
                    },
                    "ResultInfoDesc" : {
                      "type" : "string"
                    },
                    "OLifEExtension" : {
                      "type" : "object",
                      "id" : "urn:jsonschema:org:acord:standards:life:_2:xml:nbsearch_resp:OLifEExtensionType",
                      "properties" : {
                        "ResultInfoDetail" : {
                          "type" : "string"
                        }
                      }
                    }
                  }
                }
              }
            }
          }
        }
      }
    }
  }
}