{
	"$schema": "http://json-schema.org/draft-04/schema#",
	"definitions": {
		
	},
	"id": "http://example.com/example.json",
	"properties": {
		"TXLife": {
			"id": "/properties/TXLife",
			"properties": {
		"TXLifeRequest": {
			"id": "/properties/TXLifeRequest",
			"properties": {
				"OLifE": {
					"id": "/properties/TXLifeRequest/properties/OLifE",
					"properties": {
						"Holding": {
							"id": "/properties/TXLifeRequest/properties/OLifE/properties/Holding",
							"properties": {
								"Arrangement": {
									"id": "/properties/TXLifeRequest/properties/OLifE/properties/Holding/properties/Arrangement",
									"properties": {
										"@DataRep": {
											"id": "/properties/TXLifeRequest/properties/OLifE/properties/Holding/properties/Arrangement/properties/@DataRep",
											"type": "string"
										},
										"ArrType": {
											"id": "/properties/TXLifeRequest/properties/OLifE/properties/Holding/properties/Arrangement/properties/ArrType",
											"properties": {
												"@tc": {
													"id": "/properties/TXLifeRequest/properties/OLifE/properties/Holding/properties/Arrangement/properties/ArrType/properties/@tc",
													"type": "string"
												}
											},
											"type": "object"
										},
										"ArrangementSysKey": {
											"id": "/properties/TXLifeRequest/properties/OLifE/properties/Holding/properties/Arrangement/properties/ArrangementSysKey",
											"type": "string"
										}
									},
									"type": "object"
								},
								"Policy": {
									"id": "/properties/TXLifeRequest/properties/OLifE/properties/Holding/properties/Policy",
									"properties": {
										"PolNumber": {
											"id": "/properties/TXLifeRequest/properties/OLifE/properties/Holding/properties/Policy/properties/PolNumber",
											"type": "string"
										}
									},
									"type": "object"
								}
							},
							"type": "object"
						}
					},
					"type": "object"
				},
				"TransRefGUID": {
					"id": "/properties/TXLifeRequest/properties/TransRefGUID",
					"type": "string"
				},
				"TransType": {
					"id": "/properties/TXLifeRequest/properties/TransType",
					"properties": {
						"@tc": {
							"id": "/properties/TXLifeRequest/properties/TransType/properties/@tc",
							"type": "string"
						},
						"$": {
							"id": "/properties/TXLifeRequest/properties/TransType/properties/$",
							"type": "string"
						}
					},
					"type": "object"
				}
			},
			"type": "object"
		}
	},
	"type": "object"
  }
 }
	
}