{
  "definitions": {},
  "$schema": "http://json-schema.org/draft-03/schema#",
  "$id": "",
  "type": "object",
  "properties": {
    "TXLife": {
      "type": "object",
      "properties": {
        "TXLifeResponse": {
          "type": "object",
          "properties": {
            "TransRefGUID": {
              "type": "string"
            },
            "TransType": {
              "type": "object",
              "properties": {
                "@tc": {
                  "type": "string"
                },
                "$": {
                  "type": "string"
                }
              }
            },
            "TransSubType": {
              "type": "object",
              "properties": {
                "@tc": {
                  "type": "string"
                }
              }
            },
            "TransExeDate": {
              "type": "string"
            },
            "TransExeTime": {
              "type": "string"
            },
            "TransResult": {
              "type": "object",
              "properties": {
                "ResultCode": {
                  "type": "object",
                  "properties": {
                    "@tc": {
                      "type": "string"
                    },
                    "$": {
                      "type": "string"
                    }
                  }
                },
                "ResultInfo": {
                  "type": "object",
                  "properties": {
                    "ResultInfoDesc": {
                      "type": "string"
                    }
                  }
                }
              }
            }
          }
        }
      }
    }
  }
}
