{
  "definitions": {},
  "$schema": "http://json-schema.org/draft-03/schema#",
  "$id": "",
  "type": "object",
  "properties": {
    "TXLife": {
      "type": "object",
      "properties": {
    "TXLifeResponse": {
      "id": "/properties/TXLifeResponse",
      "properties": {
        "InquiryLevel": {
          "id": "/properties/TXLifeResponse/properties/InquiryLevel",
          "properties": {
            "$": {
              "id": "/properties/TXLifeResponse/properties/InquiryLevel/properties/$",
              "type": "string"
            },
            "@tc": {
              "id": "/properties/TXLifeResponse/properties/InquiryLevel/properties/@tc",
              "type": "string"
            }
          },
          "type": "object"
        },
        "OLifE": {
          "id": "/properties/TXLifeResponse/properties/OLifE",
          "properties": {
            "Holding": {
              "id": "/properties/TXLifeResponse/properties/OLifE/properties/Holding",
			  "type": "array",
			  "items": {
              "properties": {
                "@id": {
                  "id": "/properties/TXLifeResponse/properties/OLifE/properties/Holding/properties/@id",
                  "type": "string"
                },
                "Arrangement": {
				  "type" : "array",
				  "items": {
                  "id": "/properties/TXLifeResponse/properties/OLifE/properties/Holding/properties/Arrangement",
                  "properties": {
				    "@id": {
					  "id": "/properties/TXLifeResponse/properties/OLifE/properties/Holding/properties/Arrangement/@id",
					  "type": "string"
					},
                    "ArrDestination": {
                      "id": "/properties/TXLifeResponse/properties/OLifE/properties/Holding/properties/Arrangement/properties/ArrDestination",
                      "properties": {
                        "@SubAcctID": {
                          "id": "/properties/TXLifeResponse/properties/OLifE/properties/Holding/properties/Arrangement/properties/ArrDestination/properties/@SubAcctID",
                          "type": "string"
                        },
                        "TransferPct": {
                          "id": "/properties/TXLifeResponse/properties/OLifE/properties/Holding/properties/Arrangement/properties/ArrDestination/properties/TransferPct",
                          "type": "string"
                        },
						"TransferAmt": {
                          "id": "/properties/TXLifeResponse/properties/OLifE/properties/Holding/properties/Arrangement/properties/ArrDestination/properties/TransferAmt",
                          "type": "string"
                        },
						"SubAcctName": {
                          "id": "/properties/TXLifeResponse/properties/OLifE/properties/Holding/properties/Arrangement/properties/ArrDestination/properties/SubAcctName",
                          "type": "string"
                        }
                      },
                      "type": "object"
                    },
					"ArrSource": {
                      "id": "/properties/TXLifeResponse/properties/OLifE/properties/Holding/properties/Arrangement/properties/ArrSource",
                      "properties": {
                        "@SubAcctID": {
                          "id": "/properties/TXLifeResponse/properties/OLifE/properties/Holding/properties/Arrangement/properties/ArrSource/properties/@SubAcctID",
                          "type": "string"
                        },
                        "TransferPct": {
                          "id": "/properties/TXLifeResponse/properties/OLifE/properties/Holding/properties/Arrangement/properties/ArrSource/properties/TransferPct",
                          "type": "string"
                        },
						"TransferAmt": {
                          "id": "/properties/TXLifeResponse/properties/OLifE/properties/Holding/properties/Arrangement/properties/ArrSource/properties/TransferAmt",
                          "type": "string"
                        },
						"SubAcctName": {
                          "id": "/properties/TXLifeResponse/properties/OLifE/properties/Holding/properties/Arrangement/properties/ArrSource/properties/SubAcctName",
                          "type": "string"
                        }
                      },
                      "type": "object"
                    },
                    "ArrMode": {
                      "id": "/properties/TXLifeResponse/properties/OLifE/properties/Holding/properties/Arrangement/properties/ArrMode",
                      "properties": {
                        "$": {
                          "id": "/properties/TXLifeResponse/properties/OLifE/properties/Holding/properties/Arrangement/properties/ArrMode/properties/$",
                          "type": "string"
                        },
                        "@tc": {
                          "id": "/properties/TXLifeResponse/properties/OLifE/properties/Holding/properties/Arrangement/properties/ArrMode/properties/@tc",
                          "type": "string"
                        }
                      },
                      "type": "object"
                    },
                    "ArrSubType": {
                      "id": "/properties/TXLifeResponse/properties/OLifE/properties/Holding/properties/Arrangement/properties/ArrSubType",
                      "properties": {
                        "$": {
                          "id": "/properties/TXLifeResponse/properties/OLifE/properties/Holding/properties/Arrangement/properties/ArrSubType/properties/$",
                          "type": "string"
                        },
                        "@tc": {
                          "id": "/properties/TXLifeResponse/properties/OLifE/properties/Holding/properties/Arrangement/properties/ArrSubType/properties/@tc",
                          "type": "string"
                        }
                      },
                      "type": "object"
                    },
                    "ArrType": {
                      "id": "/properties/TXLifeResponse/properties/OLifE/properties/Holding/properties/Arrangement/properties/ArrType",
                      "properties": {
                        "$": {
                          "id": "/properties/TXLifeResponse/properties/OLifE/properties/Holding/properties/Arrangement/properties/ArrType/properties/$",
                          "type": "string"
                        },
                        "@tc": {
                          "id": "/properties/TXLifeResponse/properties/OLifE/properties/Holding/properties/Arrangement/properties/ArrType/properties/@tc",
                          "type": "string"
                        }
                      },
                      "type": "object"
                    },
                    "ArrangementSysKey": {
                      "id": "/properties/TXLifeResponse/properties/OLifE/properties/Holding/properties/Arrangement/properties/ArrangementSysKey",
                      "type": "number"
                    },
                    "DestTransferAmtType": {
                      "id": "/properties/TXLifeResponse/properties/OLifE/properties/Holding/properties/Arrangement/properties/DestTransferAmtType",
                      "properties": {
                        "$": {
                          "id": "/properties/TXLifeResponse/properties/OLifE/properties/Holding/properties/Arrangement/properties/DestTransferAmtType/properties/$",
                          "type": "string"
                        },
                        "@tc": {
                          "id": "/properties/TXLifeResponse/properties/OLifE/properties/Holding/properties/Arrangement/properties/DestTransferAmtType/properties/@tc",
                          "type": "string"
                        }
                      },
                      "type": "object"
                    },
                    "EndDate": {
                      "id": "/properties/TXLifeResponse/properties/OLifE/properties/Holding/properties/Arrangement/properties/EndDate",
                      "type": "string"
                    },
                    "ModalAmt": {
                      "id": "/properties/TXLifeResponse/properties/OLifE/properties/Holding/properties/Arrangement/properties/ModalAmt",
                      "type": "number"
                    },
                    "SourceTransferAmtType": {
                      "id": "/properties/TXLifeResponse/properties/OLifE/properties/Holding/properties/Arrangement/properties/SourceTransferAmtType",
                      "properties": {
                        "$": {
                          "id": "/properties/TXLifeResponse/properties/OLifE/properties/Holding/properties/Arrangement/properties/SourceTransferAmtType/properties/$",
                          "type": "string"
                        },
                        "@tc": {
                          "id": "/properties/TXLifeResponse/properties/OLifE/properties/Holding/properties/Arrangement/properties/SourceTransferAmtType/properties/@tc",
                          "type": "string"
                        }
                      },
                      "type": "object"
                    },
                    "StartDate": {
                      "id": "/properties/TXLifeResponse/properties/OLifE/properties/Holding/properties/Arrangement/properties/StartDate",
                      "type": "string"
                    },
					"EndDate": {
                      "id": "/properties/TXLifeResponse/properties/OLifE/properties/Holding/properties/Arrangement/properties/EndDate",
                      "type": "string"
                    },
					"DurationToNextActivity": {
                      "id": "/properties/TXLifeResponse/properties/OLifE/properties/Holding/properties/Arrangement/properties/EndDate",
                      "type": "string"
                    }
                  },
                  "type": "object"
                 }
				},
                "AsOfDate": {
                  "id": "/properties/TXLifeResponse/properties/OLifE/properties/Holding/properties/AsOfDate",
                  "type": "string"
                },
                "HoldingName": {
                  "id": "/properties/TXLifeResponse/properties/OLifE/properties/Holding/properties/HoldingName",
                  
                  "type": "string"
                },
                "HoldingTypeCode": {
                  "id": "/properties/TXLifeResponse/properties/OLifE/properties/Holding/properties/HoldingTypeCode",
                  "properties": {
                    "$": {
                      "id": "/properties/TXLifeResponse/properties/OLifE/properties/Holding/properties/HoldingTypeCode/properties/$",
                      "type": "string"
                    },
                    "@tc": {
                      "id": "/properties/TXLifeResponse/properties/OLifE/properties/Holding/properties/HoldingTypeCode/properties/@tc",
                      "type": "string"
                    }
                  },
                  "type": "object"
                },
                "Investment": {
				"type" : "array",
				  "items": {
                  "id": "/properties/TXLifeResponse/properties/OLifE/properties/Holding/properties/Investment",
                  "properties": {
				  "@id": {
					  "id": "/properties/TXLifeResponse/properties/OLifE/properties/Holding/properties/Investment/@id",
					  "type": "string"
					},
                    "AccountValue": {
                      "id": "/properties/TXLifeResponse/properties/OLifE/properties/Holding/properties/Investment/properties/AccountValue",
                      "type": "number"
                    },
                    "SubAccount": {
                      "id": "/properties/TXLifeResponse/properties/OLifE/properties/Holding/properties/Investment/properties/SubAccount",
                        "type": "object",
                        "id": "/properties/TXLifeResponse/properties/OLifE/properties/Holding/properties/Investment/properties/SubAccount/items",
                        "properties": {
                          "@id": {
                            "id": "/properties/TXLifeResponse/properties/OLifE/properties/Holding/properties/Investment/properties/SubAccount/items/properties/@id",
                            "type": "string"
                          },
                          "AssetClass": {
                            "id": "/properties/TXLifeResponse/properties/OLifE/properties/Holding/properties/Investment/properties/SubAccount/items/properties/AssetClass",
                            "properties": {
                              "$": {
                                "id": "/properties/TXLifeResponse/properties/OLifE/properties/Holding/properties/Investment/properties/SubAccount/items/properties/AssetClass/properties/$",
                                "type": "string"
                              },
                              "@tc": {
                                "id": "/properties/TXLifeResponse/properties/OLifE/properties/Holding/properties/Investment/properties/SubAccount/items/properties/AssetClass/properties/@tc",
                                "type": "string"
                              }
                            },
                            "type": "object"
                          },
                          "CurrNumberUnits": {
                            "id": "/properties/TXLifeResponse/properties/OLifE/properties/Holding/properties/Investment/properties/SubAccount/items/properties/CurrNumberUnits",
                            "type": "number"
                          },
                          "ProductFullName": {
                            "id": "/properties/TXLifeResponse/properties/OLifE/properties/Holding/properties/Investment/properties/SubAccount/items/properties/ProductFullName",
                            "type": "string"
                          },
                          "Purpose": {
                            "id": "/properties/TXLifeResponse/properties/OLifE/properties/Holding/properties/Investment/properties/SubAccount/items/properties/Purpose",
                            "properties": {
                              "$": {
                                "id": "/properties/TXLifeResponse/properties/OLifE/properties/Holding/properties/Investment/properties/SubAccount/items/properties/Purpose/properties/$",
                                "type": "string"
                              },
                              "@tc": {
                                "id": "/properties/TXLifeResponse/properties/OLifE/properties/Holding/properties/Investment/properties/SubAccount/items/properties/Purpose/properties/@tc",
                                "type": "string"
                              }
                            },
                            "type": "object"
                          },
                          "SubAccountKey": {
                            "id": "/properties/TXLifeResponse/properties/OLifE/properties/Holding/properties/Investment/properties/SubAccount/items/properties/SubAccountKey",
                            "type": "string"
                          },
                          "TotValue": {
                            "id": "/properties/TXLifeResponse/properties/OLifE/properties/Holding/properties/Investment/properties/SubAccount/items/properties/TotValue",
                            "type": "number"
                          }
                        }
                        
                    }
                  },
                  "type": "object"
                 }
				},
                "Policy": {
                  "id": "/properties/TXLifeResponse/properties/OLifE/properties/Holding/properties/Policy",
                  "properties": {
                    "OLifEExtension": {
                      "id": "/properties/TXLifeResponse/properties/OLifE/properties/Holding/properties/Policy/properties/OLifEExtension",
                      "properties": {
                        "isTrad": {
                          "id": "/properties/TXLifeResponse/properties/OLifE/properties/Holding/properties/Policy/properties/OLifEExtension/properties/isTrad",
                          "type": "boolean"
                        }
                      },
                      "type": "object"
                    },
                    "PolNumber": {
                      "id": "/properties/TXLifeResponse/properties/OLifE/properties/Holding/properties/Policy/properties/PolNumber",
                      "type": "number"
                    },
					"ProductCode": {
                      "id": "/properties/TXLifeResponse/properties/OLifE/properties/Holding/properties/Policy/properties/ProductCode",
                      "type": "number"
                    }
                  },
                  "type": "object"
                }
              },
              "type": "object"
            }
			}
          },
          "type": "object"
        },
        "TransExeDate": {
          "id": "/properties/TXLifeResponse/properties/TransExeDate",
          "type": "string"
        },
        "TransExeTime": {
          "id": "/properties/TXLifeResponse/properties/TransExeTime",
          "type": "string"
        },
        "TransMode": {
          "id": "/properties/TXLifeResponse/properties/TransMode",
          "properties": {
            "$": {
              "id": "/properties/TXLifeResponse/properties/TransMode/properties/$",
              "type": "string"
            },
            "@tc": {
              "id": "/properties/TXLifeResponse/properties/TransMode/properties/@tc",
              "type": "string"
            }
          },
          "type": "object"
        },
        "TransRefGUID": {
          "id": "/properties/TXLifeResponse/properties/TransRefGUID",
          "type": "string"
        },
        "TransResult": {
          "id": "/properties/TXLifeResponse/properties/TransResult",
          "properties": {
            "ResultCode": {
              "id": "/properties/TXLifeResponse/properties/TransResult/properties/ResultCode",
              "properties": {
                "$": {
                  "id": "/properties/TXLifeResponse/properties/TransResult/properties/ResultCode/properties/$",
                  "type": "string"
                },
                "@tc": {
                  "id": "/properties/TXLifeResponse/properties/TransResult/properties/ResultCode/properties/@tc",
                  "type": "string"
                }
              },
              "type": "object"
            }
          },
          "type": "object"
        },
        "TransType": {
          "id": "/properties/TXLifeResponse/properties/TransType",
          "properties": {
            "$": {
              "id": "/properties/TXLifeResponse/properties/TransType/properties/$",
              "type": "string"
            },
            "@tc": {
              "id": "/properties/TXLifeResponse/properties/TransType/properties/@tc",
              "type": "string"
            }
          },
          "type": "object"
        }
      },
      "type": "object"
    }
  }
  }
  }
}