{
  "swagger": "2.0",
  "info": {
    "title": "alip-arrangements",
    "description": "ALIP Arranagement API",
    "version": "v1"
  },
  "host": "alipmule.eastus.cloudapp.azure.com",
  "basePath": "/alip-arrangements",
  "schemes": [
    "http"
  ],
  "paths": {
    "/contracts/{id}/arrangements": {
      "get": {
        "description": "Get Available Arrangements for Contract API",
        "parameters": [
          {
            "name": "id",
            "description": "Contract Number",
            "required": true,
            "in": "path",
            "default": 83914,
            "type": "number"
          }
        ],
        "responses": {
          "200": {
            "description": "",
            "x-amf-mediaType": "application/json",
            "schema": {
              "example": {
                "TXLife": {
                  "TXLifeResponse": {
                    "TransExeTime": "07:40:01",
                    "TransMode": {
                      "@tc": "2",
                      "$": "Original"
                    },
                    "OLifE": {
                      "Holding": [
                        {
                          "Investment": {
                            "AccountValue": 790.02,
                            "SubAccount": {
                              "SubAccountKey": "0B_01",
                              "TotValue": 0,
                              "CurrNumberUnits": 0,
                              "ProductFullName": "02 General Account",
                              "Purpose": {
                                "@tc": "7",
                                "$": "Investment"
                              },
                              "@id": "SubAccount_0B_01",
                              "AssetClass": {
                                "@tc": "1",
                                "$": "Fixed"
                              }
                            }
                          },
                          "Policy": {
                            "PolNumber": 839118,
                            "ProductCode": 839,
                            "OLifEExtension": {
                              "isTrad": false
                            }
                          },
                          "Arrangement": [
                            {
                              "ArrSubType": {
                                "@tc": "29",
                                "$": "Specified Amount Transfer"
                              },
                              "EndDate": "2019-10-31",
                              "ModalAmt": 1000,
                              "StartDate": "2018-06-25",
                              "SourceTransferAmtType": {
                                "@tc": "2",
                                "$": "Amount"
                              },
                              "ArrType": {
                                "@tc": "38",
                                "$": "Sys Partial Wthdrwl(Gross)"
                              },
                              "ArrangementSysKey": 9671,
                              "ArrSource": {
                                "@SubAcctID": "SubAccount_0B_01",
                                "TransferAmt": 1000,
                                "SubAcctName": "Fixed Fund 1"
                              },
                              "@id": "Arrangement_1",
                              "DestTransferAmtType": {
                                "@tc": "2",
                                "$": "Amount"
                              },
                              "ArrMode": {
                                "@tc": "4",
                                "$": "Monthly"
                              }
                            },
                            {
                              "SourceTransferAmtType": {
                                "@tc": "1",
                                "$": "Amount"
                              },
                              "ArrSubType": {
                                "@tc": "29",
                                "$": "Specified Amount Transfer"
                              },
                              "ArrMode": {
                                "@tc": "4",
                                "$": "Monthly"
                              },
                              "@id": "Arrangement_2",
                              "ArrDestination": {
                                "@SubAcctID": "SubAccount_$$_$$",
                                "TransferAmt": 100,
                                "SubAcctName": "None"
                              },
                              "ArrType": {
                                "@tc": "38",
                                "$": "Sys Partial Wthdrwl(Net/Net)"
                              },
                              "StartDate": "2018-07-25",
                              "EndDate": "2019-10-31",
                              "ArrangementSysKey": 9672,
                              "ModalAmt": 100,
                              "DestTransferAmtType": {
                                "@tc": "1",
                                "$": "Amount"
                              }
                            }
                          ],
                          "@id": "Holding_Fund_6292_1",
                          "HoldingTypeCode": {
                            "@tc": "2",
                            "$": "Policy"
                          },
                          "AsOfDate": "2018-10-03",
                          "HoldingName": "Universal Life Insurance"
                        },
                        {
                          "@id": "Bank_Holding_1",
                          "HoldingTypeCode": {
                            "@tc": "7",
                            "$": "Banking"
                          },
                          "Banking": {
                            "BankName": "Yes Bank",
                            "RoutingNum": 222000228,
                            "@id": "Yes_Bank_Checking_1",
                            "AccountNumber": 3212121,
                            "BankAcctType": {
                              "@tc": "1",
                              "$": "Checking"
                            }
                          }
                        },
                        {
                          "@id": "Bank_Holding_2",
                          "HoldingTypeCode": {
                            "@tc": "7",
                            "$": "Banking"
                          },
                          "Banking": {
                            "AccountNumber": 252520,
                            "RoutingNum": 222000228,
                            "@id": "Yes_Bank_Checking_2",
                            "BankAcctType": {
                              "@tc": "1",
                              "$": "Checking"
                            },
                            "BankName": "Yes Bank"
                          }
                        }
                      ]
                    },
                    "TransResult": {
                      "ResultCode": {
                        "@tc": "1",
                        "$": "Success"
                      }
                    },
                    "InquiryLevel": {
                      "@tc": "3",
                      "$": "Level"
                    },
                    "TransType": {
                      "@tc": "215",
                      "$": "Arrangements Inquiry"
                    },
                    "TransRefGUID": "15b43693-e786-7fc2-ab00-34ce3fc275fe",
                    "TransExeDate": "2018-11-19"
                  }
                }
              },
              "type": "object",
              "additionalProperties": true,
              "properties": {
			   "TXLife": {
			      "type": "object",
                  "additionalProperties": true,
                  "properties": {
                "TXLifeResponse": {
                  "type": "object",
                  "additionalProperties": true,
                  "properties": {
                    "InquiryLevel": {
                      "type": "object",
                      "additionalProperties": true,
                      "properties": {
                        "$": {
                          "type": "string"
                        },
                        "@tc": {
                          "type": "string"
                        }
                      }
                    },
                    "OLifE": {
                      "type": "object",
                      "additionalProperties": true,
                      "properties": {
                        "Holding": {
                          "type": "object",
                          "additionalProperties": true,
                          "properties": {
                            "@id": {
                              "type": "string"
                            },
                            "Arrangement": {
                              "type": "object",
                              "additionalProperties": true,
                              "properties": {
                                "ArrDestination": {
                                  "type": "object",
                                  "additionalProperties": true,
                                  "properties": {
                                    "@SubAcctID": {
                                      "type": "string"
                                    },
                                    "TransferAmt": {
                                      "type": "integer"
                                    },
                                    "SubAcctName": {
                                      "type": "string"
                                    }
                                  }
                                },
                                "ArrMode": {
                                  "type": "object",
                                  "additionalProperties": true,
                                  "properties": {
                                    "$": {
                                      "type": "string"
                                    },
                                    "@tc": {
                                      "type": "string"
                                    }
                                  }
                                },
                                "ArrSubType": {
                                  "type": "object",
                                  "additionalProperties": true,
                                  "properties": {
                                    "$": {
                                      "type": "string"
                                    },
                                    "@tc": {
                                      "type": "string"
                                    }
                                  }
                                },
                                "ArrType": {
                                  "type": "object",
                                  "additionalProperties": true,
                                  "properties": {
                                    "$": {
                                      "type": "string"
                                    },
                                    "@tc": {
                                      "type": "string"
                                    }
                                  }
                                },
                                "ArrangementSysKey": {
                                  "type": "string"
                                },
                                "DestTransferAmtType": {
                                  "type": "object",
                                  "additionalProperties": true,
                                  "properties": {
                                    "$": {
                                      "type": "string"
                                    },
                                    "@tc": {
                                      "type": "string"
                                    }
                                  }
                                },
                                "EndDate": {
                                  "type": "string"
                                },
                                "ModalAmt": {
                                  "type": "string"
                                },
                                "SourceTransferAmtType": {
                                  "type": "object",
                                  "additionalProperties": true,
                                  "properties": {
                                    "$": {
                                      "type": "string"
                                    },
                                    "@tc": {
                                      "type": "string"
                                    }
                                  }
                                },
                                "StartDate": {
                                  "type": "string"
                                }
                              }
                            },
                            "AsOfDate": {
                              "type": "string"
                            },
                            "HoldingName": {
                              "type": "string"
                            },
                            "HoldingTypeCode": {
                              "type": "object",
                              "additionalProperties": true,
                              "properties": {
                                "$": {
                                  "type": "string"
                                },
                                "@tc": {
                                  "type": "string"
                                }
                              }
                            },
                            "Investment": {
                              "type": "object",
                              "additionalProperties": true,
                              "properties": {
                                "AccountValue": {
                                  "type": "string"
                                },
                                "SubAccount": {
                                  "type": "array",
                                  "items": {
                                    "type": "object",
                                    "additionalProperties": true,
                                    "properties": {
                                      "@id": {
                                        "type": "string"
                                      },
                                      "AssetClass": {
                                        "type": "object",
                                        "additionalProperties": true,
                                        "properties": {
                                          "$": {
                                            "type": "string"
                                          },
                                          "@tc": {
                                            "type": "string"
                                          }
                                        }
                                      },
                                      "CurrNumberUnits": {
                                        "type": "string"
                                      },
                                      "ProductFullName": {
                                        "type": "string"
                                      },
                                      "Purpose": {
                                        "type": "object",
                                        "additionalProperties": true,
                                        "properties": {
                                          "$": {
                                            "type": "string"
                                          },
                                          "@tc": {
                                            "type": "string"
                                          }
                                        }
                                      },
                                      "SubAccountKey": {
                                        "type": "string"
                                      },
                                      "TotValue": {
                                        "type": "string"
                                      }
                                    }
                                  }
                                }
                              }
                            },
                            "Policy": {
                              "type": "object",
                              "additionalProperties": true,
                              "properties": {
                                "OLifEExtension": {
                                  "type": "object",
                                  "additionalProperties": true,
                                  "properties": {
                                    "isTrad": {
                                      "type": "string"
                                    }
                                  }
                                },
                                "PolNumber": {
                                  "type": "string"
                                }
                              }
                            }
                          }
                        }
                      }
                    },
                    "TransExeDate": {
                      "type": "string"
                    },
                    "TransExeTime": {
                      "type": "string"
                    },
                    "TransMode": {
                      "type": "object",
                      "additionalProperties": true,
                      "properties": {
                        "$": {
                          "type": "string"
                        },
                        "@tc": {
                          "type": "string"
                        }
                      }
                    },
                    "TransRefGUID": {
                      "type": "string"
                    },
                    "TransResult": {
                      "type": "object",
                      "additionalProperties": true,
                      "properties": {
                        "ResultCode": {
                          "type": "object",
                          "additionalProperties": true,
                          "properties": {
                            "$": {
                              "type": "string"
                            },
                            "@tc": {
                              "type": "string"
                            }
                          }
                        }
                      }
                    },
                    "TransType": {
                      "type": "object",
                      "additionalProperties": true,
                      "properties": {
                        "$": {
                          "type": "string"
                        },
                        "@tc": {
                          "type": "string"
                        }
                      }
                    }
                  }
                }
              }
			  }
			 }
            }
          },
          "400": {
            "description": "",
            "x-amf-mediaType": "application/json",
            "schema": {
              "example": {
                "TXLife": {
                  "TXLifeResponse": {
                    "TransRefGUID": "3a352743-8e19-3cc5-80de-b015b800b476",
                    "TransExeDate": "2018-11-19-05:00",
                    "TransResult": {
                      "ResultCode": {
                        "@tc": "5",
                        "$": "Failure"
                      },
                      "ResultInfo": {
                        "ResultInfoCode": {
                          "@tc": "10",
                          "$": "General Error"
                        },
                        "ResultInfoDesc": "Contract does not exist in ALIP."
                      }
                    },
                    "TransExeTime": "07:41:15.7-05:00",
                    "TransType": {
                      "@tc": "215",
                      "$": "Arrangements Inquiry"
                    },
                    "TransSubType": {
                      "@tc": ""
                    }
                  }
                }
              }
            }
          },
          "500": {
            "description": "",
            "x-amf-mediaType": "application/json",
            "schema": {
              "example": {
                "TXLife": {
                  "TXLifeResponse": {
                    "TransExeTime": "07:41:15.7-05:00",
                    "TransSubType": {
                      "@tc": ""
                    },
                    "TransRefGUID": "3a352743-8e19-3cc5-80de-b015b800b476",
                    "TransType": {
                      "@tc": "215",
                      "$": "Arrangements Inquiry"
                    },
                    "TransResult": {
                      "ResultCode": {
                        "@tc": "5",
                        "$": "Failure"
                      },
                      "ResultInfo": {
                        "ResultInfoCode": {
                          "@tc": "10",
                          "$": "General Error"
                        },
                        "ResultInfoDesc": "Contract does not exist in ALIP."
                      }
                    },
                    "TransExeDate": "2018-11-19-05:00"
                  }
                }
              }
            }
          }
        },
        "security": []
      },
      "post": {
        "description": "Add/Update Arrangements API Systematic Withdrawal",
        "parameters": [
          {
            "name": "id",
            "description": "Contract Number",
            "required": true,
            "in": "path",
            "default": 83914,
            "type": "number"
          },
          {
            "x-amf-mediaType": "application/json",
            "in": "body",
            "name": "generated",
            "schema": {
              "example": {
                "TXLife": {
                  "TXLifeRequest": {
                    "TransRefGUID": "c6dc0a5d-2f26-49fc-80dd-3a46010f00ab",
                    "TransMode": {
                      "@tc": "2",
                      "$": "Original request"
                    },
                    "TransEffDate": "2018-06-02",
                    "TransType": {
                      "@tc": "107",
                      "$": "107"
                    },
                    "OLifE": {
                      "Holding": {
                        "Arrangement": {
                          "StartDate": "2018-06-02",
                          "ArrSource": {
                            "@SubAcctID": "SubAccount_1",
                            "@id": "ArrSource_1",
                            "TransferPct": "100"
                          },
                          "ArrSubType": {
                            "@tc": "4",
                            "$": "Systematic WithDrawal"
                          },
                          "AmountQualifier": {
                            "@tc": "1",
                            "$": "Net"
                          },
                          "ArrType": {
                            "@tc": "38",
                            "$": "Systematic WithDrawal"
                          },
                          "@id": "Arrangement_1",
                          "SourceTransferAmtType": {
                            "@tc": "3",
                            "$": "Percent"
                          },
                          "EndDate": "2018-06-02",
                          "ModalPct": "100",
                          "ArrMode": {
                            "@tc": "1",
                            "$": "Annually"
                          }
                        },
                        "HoldingTypeCode": {
                          "@tc": "2",
                          "$": "Policy"
                        },
                        "Policy": {
                          "PolNumber": "086349",
                          "ProductCode": "086",
                          "CarrierCode": "ABC"
                        },
                        "@id": "Holding_1",
                        "Investment": {
                          "@id": "Investment_1",
                          "SubAccount": {
                            "@id": "SubAccount_1",
                            "SubAccountKey": "0F-04"
                          }
                        }
                      }
                    }
                  }
                }
              },
              "type": "object",
              "additionalProperties": true,
              "properties": {
                "TXLife": {
                  "type": "object",
                  "additionalProperties": true,
                  "properties": {
                    "TXLifeRequest": {
                      "type": "object",
                      "additionalProperties": true,
                      "properties": {
                        "@PrimaryObjectID": {
                          "type": "string"
                        },
                        "OLifE": {
                          "type": "object",
                          "additionalProperties": true,
                          "properties": {
                            "Holding": {
                              "type": "object",
                              "additionalProperties": true,
                              "properties": {
                                "@id": {
                                  "type": "string"
                                },
                                "Arrangement": {
                                  "type": "object",
                                  "additionalProperties": true,
                                  "properties": {
                                    "@DataRep": {
                                      "type": "string"
                                    },
                                    "@id": {
                                      "type": "string"
                                    },
                                    "ArrDestination": {
                                      "type": "object",
                                      "additionalProperties": true,
                                      "properties": {
                                        "@SubAcctID": {
                                          "type": "string"
                                        },
                                        "@id": {
                                          "type": "string"
                                        },
                                        "TransferAmt": {
                                          "type": "integer"
                                        }
                                      }
                                    },
                                    "ArrMode": {
                                      "type": "object",
                                      "additionalProperties": true,
                                      "properties": {
                                        "$": {
                                          "type": "string"
                                        },
                                        "@tc": {
                                          "type": "string"
                                        }
                                      }
                                    },
                                    "ArrSource": {
                                      "type": "object",
                                      "additionalProperties": true,
                                      "properties": {
                                        "@SubAcctID": {
                                          "type": "string"
                                        },
                                        "@id": {
                                          "type": "string"
                                        },
                                        "TransferPct": {
                                          "type": "string"
                                        }
                                      }
                                    },
                                    "ArrSubType": {
                                      "type": "object",
                                      "additionalProperties": true,
                                      "properties": {
                                        "$": {
                                          "type": "string"
                                        },
                                        "@tc": {
                                          "type": "string"
                                        }
                                      }
                                    },
                                    "ArrType": {
                                      "type": "object",
                                      "additionalProperties": true,
                                      "properties": {
                                        "$": {
                                          "type": "string"
                                        },
                                        "@tc": {
                                          "type": "string"
                                        }
                                      }
                                    },
                                    "ArrangementSysKey": {
                                      "type": "integer"
                                    },
                                    "DestTransferAmtType": {
                                      "type": "object",
                                      "additionalProperties": true,
                                      "properties": {
                                        "$": {
                                          "type": "string"
                                        },
                                        "@tc": {
                                          "type": "string"
                                        }
                                      }
                                    },
                                    "EndDate": {
                                      "type": "string"
                                    },
                                    "ModalAmt": {
                                      "type": "integer"
                                    },
                                    "SourceTransferAmtType": {
                                      "type": "object",
                                      "additionalProperties": true,
                                      "properties": {
                                        "$": {
                                          "type": "string"
                                        },
                                        "@tc": {
                                          "type": "string"
                                        }
                                      }
                                    },
									
                                    "ModalPct": {
                                      "type": "string"
                                    },
                                    "AmountQualifier": {
                                      "type": "object",
                                      "additionalProperties": true,
                                      "properties": {
                                        "$": {
                                          "type": "string"
                                        },
                                        "@tc": {
                                          "type": "string"
                                        }
                                      }
                                    },
									
                                    "StartDate": {
                                      "type": "string"
                                    }
                                  }
                                },
                                "HoldingTypeCode": {
                                  "type": "object",
                                  "additionalProperties": true,
                                  "properties": {
                                    "$": {
                                      "type": "string"
                                    },
                                    "@tc": {
                                      "type": "string"
                                    }
                                  }
                                },
                                "Investment": {
                                  "type": "object",
                                  "additionalProperties": true,
                                  "properties": {
                                    "@id": {
                                      "type": "string"
                                    },
                                    "SubAccount": {
                                      "type": "object",
                                      "additionalProperties": true,
                                      "properties": {
                                        "@id": {
                                          "type": "string"
                                        },
                                        "SubAccountKey": {
                                          "type": "string"
                                        }
                                      }
                                    }
                                  }
                                },
                                "Policy": {
                                  "type": "object",
                                  "additionalProperties": true,
                                  "properties": {
                                    "CarrierCode": {
                                      "type": "string"
                                    },
                                    "PolNumber": {
                                      "type": "string"
                                    },
                                    "ProductCode": {
                                      "type": "string"
                                    }
                                  }
                                }
                              }
                            }
                          }
                        },
                        "TransEffDate": {
                          "type": "string"
                        },
                        "TransMode": {
                          "type": "object",
                          "additionalProperties": true,
                          "properties": {
                            "$": {
                              "type": "string"
                            },
                            "@tc": {
                              "type": "string"
                            }
                          }
                        },
                        "TransRefGUID": {
                          "type": "string"
                        },
                        "TransType": {
                          "type": "object",
                          "additionalProperties": true,
                          "properties": {
                            "$": {
                              "type": "string"
                            },
                            "@tc": {
                              "type": "string"
                            }
                          }
                        }
                      }
                    }
                  }
                }
              }
            }
          }
        ],
        "responses": {
          "201": {
            "description": "",
            "x-amf-mediaType": "application/json",
            "schema": {
              "example": {
                "TXLife": {
                  "TXLifeResponse": {
                    "TransRefGUID": "c6dc0a5d-2f26-49fc-80dd-3a46010f00ab",
                    "TransExeDate": "2019-03-27Z",
                    "TransSubType": {
                      "@tc": ""
                    },
                    "TransExeTime": "14:20:31.797Z",
                    "TransResult": {
                      "ResultCode": {
                        "@tc": "1",
                        "$": "Success"
                      },
                      "ResultInfo": {
                        "ResultInfoDesc": "The transaction was processed successfully"
                      }
                    },
                    "TransType": {
                      "@tc": "107",
                      "$": 107
                    }
                  }
                }
              }
            }
          },
          "400": {
            "description": "",
            "x-amf-mediaType": "application/json",
            "schema": {
              "example": {
                "TXLifeResponse": {
                  "TransExeTime": "10:26:55",
                  "TransRefGUID": "d3ac00aa-6ab6-6769-6fbf-cfe35785d676",
                  "TransMode": {
                    "@tc": "2",
                    "$": "Original request"
                  },
                  "TransType": {
                    "@tc": "107",
                    "$": "Systematic WithDrawal"
                  },
                  "TransResult": {
                    "ResultCode": {
                      "@tc": "5",
                      "$": "Failure"
                    },
                    "ResultInfo": {
                      "@id": "ResultInfo_1",
                      "ResultInfoDesc": "Invalid operation path followed.Please follow correct path for the opertion"
                    }
                  },
                  "TransExeDate": "2017-05-01"
                }
              }
            }
          }
        },
        "security": []
      }
    },
    "/contracts/{id}/arrangements/dca": {
      "post": {
        "description": "Add/Update Arrangements API",
        "parameters": [
          {
            "name": "id",
            "description": "Contract Number",
            "required": true,
            "in": "path",
            "default": 83914,
            "type": "number"
          },
          {
            "x-amf-mediaType": "application/json",
            "in": "body",
            "name": "generated",
            "schema": {
              "example": {
                "TXLife": {
                  "TXLifeRequest": {
                    "TransRefGUID": "23402b4f-59fd-fd10-a544-ab8359545d73",
                    "TransMode": {
                      "@tc": "2",
                      "$": "Original request"
                    },
                    "OLifE": {
                      "Holding": {
                        "@id": "Holding_1",
                        "Policy": {
                          "PolNumber": "839564",
                          "ProductCode": "839",
                          "CarrierCode": "ABC"
                        },
                        "Investment": {
                          "@id": "Investment_1",
                          "SubAccount": [
                            {
                              "@id": "SubAccount_1",
                              "SubAccountKey": "0B_01"
                            },
                            {
                              "@id": "SubAccount_2",
                              "SubAccountKey": "0B_02"
                            }
                          ]
                        },
                        "Arrangement": {
                          "ArrMode": {
                            "@tc": "2",
                            "$": "Semi-Annual"
                          },
                          "ModalAmt": "100",
                          "ArrType": {
                            "@tc": "2",
                            "$": "Dollar Cost Averaging"
                          },
                          "SourceTransferAmtType": {
                            "@tc": "2",
                            "$": "Amount"
                          },
                          "DestTransferAmtType": {
                            "@tc": "2",
                            "$": "Amount"
                          },
                          "ArrSource": {
                            "@SubAcctID": "SubAccount_1",
                            "@id": "ArrSource_1",
                            "TransferAmt": "150"
                          },
                          "@id": "Arrangement_1",
                          "ArrDestination": {
                            "@SubAcctID": "SubAccount_2",
                            "@id": "ArrDestination_1",
                            "TransferAmt": "150"
                          },
                          "ArrSubType": {
                            "@tc": "1",
                            "$": "Standard Dollar Cost Averaging"
                          },
                          "EndDate": "2020-02-01",
                          "StartDate": "2019-02-01"
                        },
                        "HoldingTypeCode": {
                          "@tc": "2",
                          "$": "Policy"
                        }
                      }
                    },
                    "TransEffDate": "2019-03-25",
                    "TransType": {
                      "@tc": "107",
                      "$": "Arrangement Administration"
                    }
                  }
                }
              },
              "type": "object",
              "additionalProperties": true,
              "properties": {
                "TXLife": {
                  "type": "object",
                  "additionalProperties": true,
                  "properties": {
                    "TXLifeRequest": {
                      "type": "object",
                      "additionalProperties": true,
                      "properties": {
                        "@PrimaryObjectID": {
                          "type": "string"
                        },
                        "OLifE": {
                          "type": "object",
                          "additionalProperties": true,
                          "properties": {
                            "Holding": {
                              "type": "object",
                              "additionalProperties": true,
                              "properties": {
                                "@id": {
                                  "type": "string"
                                },
                                "Arrangement": {
                                  "type": "object",
                                  "additionalProperties": true,
                                  "properties": {
                                    "@DataRep": {
                                      "type": "string"
                                    },
                                    "@id": {
                                      "type": "string"
                                    },
                                    "ArrDestination": {
                                      "type": "object",
                                      "additionalProperties": true,
                                      "properties": {
                                        "@SubAcctID": {
                                          "type": "string"
                                        },
                                        "@id": {
                                          "type": "string"
                                        },
                                        "TransferAmt": {
                                          "type": "string"
                                        }
                                      }
                                    },
                                    "ArrMode": {
                                      "type": "object",
                                      "additionalProperties": true,
                                      "properties": {
                                        "$": {
                                          "type": "string"
                                        },
                                        "@tc": {
                                          "type": "string"
                                        }
                                      }
                                    },
                                    "ArrSource": {
                                      "type": "object",
                                      "additionalProperties": true,
                                      "properties": {
                                        "@SubAcctID": {
                                          "type": "string"
                                        },
                                        "@id": {
                                          "type": "string"
                                        },
                                        "TransferAmt": {
                                          "type": "string"
                                        }
                                      }
                                    },
                                    "ArrSubType": {
                                      "type": "object",
                                      "additionalProperties": true,
                                      "properties": {
                                        "$": {
                                          "type": "string"
                                        },
                                        "@tc": {
                                          "type": "string"
                                        }
                                      }
                                    },
                                    "ArrType": {
                                      "type": "object",
                                      "additionalProperties": true,
                                      "properties": {
                                        "$": {
                                          "type": "string"
                                        },
                                        "@tc": {
                                          "type": "string"
                                        }
                                      }
                                    },
                                    "ArrangementSysKey": {
                                      "type": "integer"
                                    },
                                    "DestTransferAmtType": {
                                      "type": "object",
                                      "additionalProperties": true,
                                      "properties": {
                                        "$": {
                                          "type": "string"
                                        },
                                        "@tc": {
                                          "type": "string"
                                        }
                                      }
                                    },
                                    "EndDate": {
                                      "type": "string"
                                    },
                                    "ModalAmt": {
                                      "type": "string"
                                    },
                                    "SourceTransferAmtType": {
                                      "type": "object",
                                      "additionalProperties": true,
                                      "properties": {
                                        "$": {
                                          "type": "string"
                                        },
                                        "@tc": {
                                          "type": "string"
                                        }
                                      }
                                    },
                                    "StartDate": {
                                      "type": "string"
                                    }
                                  }
                                },
                                "HoldingTypeCode": {
                                  "type": "object",
                                  "additionalProperties": true,
                                  "properties": {
                                    "$": {
                                      "type": "string"
                                    },
                                    "@tc": {
                                      "type": "string"
                                    }
                                  }
                                },
                                "Investment": {
                                  "type": "object",
                                  "additionalProperties": true,
                                  "properties": {
                                    "@id": {
                                      "type": "string"
                                    },
                                    "SubAccount": {
                                      "type": "array",
                                      "items": {
                                        "type": "object",
                                        "additionalProperties": true,
                                        "properties": {
                                          "@id": {
                                            "type": "string"
                                          },
                                          "SubAccountKey": {
                                            "type": "string"
                                          }
                                        }
                                      }
                                    }
                                  }
                                },
                                "Policy": {
                                  "type": "object",
                                  "additionalProperties": true,
                                  "properties": {
                                    "CarrierCode": {
                                      "type": "string"
                                    },
                                    "PolNumber": {
                                      "type": "string"
                                    },
                                    "ProductCode": {
                                      "type": "string"
                                    }
                                  }
                                }
                              }
                            }
                          }
                        },
                        "TransEffDate": {
                          "type": "string"
                        },
                        "TransMode": {
                          "type": "object",
                          "additionalProperties": true,
                          "properties": {
                            "$": {
                              "type": "string"
                            },
                            "@tc": {
                              "type": "string"
                            }
                          }
                        },
                        "TransRefGUID": {
                          "type": "string"
                        },
                        "TransType": {
                          "type": "object",
                          "additionalProperties": true,
                          "properties": {
                            "$": {
                              "type": "string"
                            },
                            "@tc": {
                              "type": "string"
                            }
                          }
                        }
                      }
                    }
                  }
                }
              }
            }
          }
        ],
        "responses": {
          "201": {
            "description": "",
            "x-amf-mediaType": "application/json",
            "schema": {
              "example": {
                "TXLife": {
                  "TXLifeResponse": {
                    "TransSubType": {
                      "@tc": ""
                    },
                    "TransExeDate": "2019-03-27Z",
                    "TransRefGUID": "9f047109-1be8-4d06-8574-56e61fa3bb06",
                    "TransExeTime": "14:46:58.194Z",
                    "TransType": {
                      "@tc": "107",
                      "$": "Arrangement Administration"
                    },
                    "TransResult": {
                      "ResultCode": {
                        "@tc": "1",
                        "$": "Success"
                      },
                      "ResultInfo": {
                        "ResultInfoDesc": "The transaction was processed successfully"
                      }
                    }
                  }
                }
              }
            }
          },
          "400": {
            "description": "",
            "x-amf-mediaType": "application/json",
            "schema": {
              "example": {
                "TXLifeResponse": {
                  "TransMode": {
                    "@tc": "2",
                    "$": "Original request"
                  },
                  "TransExeTime": "10:26:55",
                  "TransType": {
                    "@tc": "107",
                    "$": "Dollar Cost Averaging"
                  },
                  "TransResult": {
                    "ResultCode": {
                      "@tc": "5",
                      "$": "Failure"
                    },
                    "ResultInfo": {
                      "@id": "ResultInfo_1",
                      "ResultInfoDesc": "Invalid operation path followed.Please follow correct path for the opertion"
                    }
                  },
                  "TransExeDate": "2017-05-01",
                  "TransRefGUID": "d3ac00aa-6ab6-6769-6fbf-cfe35785d678"
                }
              }
            }
          }
        },
        "security": []
      }
    },
    "/contracts/{id}/arrangements/eft": {
      "post": {
        "description": "Add/Update Arrangements API",
        "parameters": [
          {
            "name": "id",
            "description": "Contract Number",
            "required": true,
            "in": "path",
            "default": 83914,
            "type": "number"
          },
          {
            "x-amf-mediaType": "application/json",
            "in": "body",
            "name": "generated",
            "schema": {
              "example": {
                "TXLife": {
                  "TXLifeRequest": {
                    "TransType": {
                      "@tc": "107",
                      "$": "107"
                    },
                    "TransEffDate": "2018-01-12",
                    "OLifE": {
                      "Holding": {
                        "Arrangement": {
                          "DestTransferAmtType": {
                            "@tc": "2",
                            "$": "Amount"
                          },
                          "ModalAmt": "100",
                          "ArrType": {
                            "@tc": "22",
                            "$": "EFT Draw"
                          },
                          "ArrSubType": {
                            "@tc": "4",
                            "$": "EFT Draw"
                          },
                          "ArrMode": {
                            "@tc": "1",
                            "$": "Annually"
                          },
                          "StartDate": "2019-08-01",
                          "EndDate": "2021-09-01",
                          "AmountQualifier": {
                            "@tc": "1",
                            "$": "Net"
                          },
                          "@id": "Arrangement_1",
                          "ArrDestination": {
                            "@SubAcctID": "SubAccount_1",
                            "@id": "ArrDest_1",
                            "TransferAmt": "100"
                          }
                        },
                        "HoldingTypeCode": {
                          "@tc": "2",
                          "$": "Policy"
                        },
                        "@id": "Holding_1",
                        "Investment": {
                          "@id": "Investment_1",
                          "SubAccount": {
                            "@id": "SubAccount_1",
                            "SubAccountKey": "0N-02"
                          }
                        },
                        "Policy": {
                          "PolNumber": "08610001",
                          "ProductCode": "086",
                          "CarrierCode": "999"
                        }
                      }
                    },
                    "TransRefGUID": "1f370701-95ef-4c9b-8b18-7e04eea7f3cc",
                    "TransMode": {
                      "@tc": "2",
                      "$": "Original request"
                    }
                  }
                }
              },
              "type": "object",
              "additionalProperties": true,
              "properties": {
                "TXLife": {
                  "type": "object",
                  "additionalProperties": true,
                  "properties": {
                    "TXLifeRequest": {
                      "type": "object",
                      "additionalProperties": true,
                      "properties": {
                        "@PrimaryObjectID": {
                          "type": "string"
                        },
                        "OLifE": {
                          "type": "object",
                          "additionalProperties": true,
                          "properties": {
                            "Holding": {
                              "type": "object",
                              "additionalProperties": true,
                              "properties": {
                                "@id": {
                                  "type": "string"
                                },
                                "Arrangement": {
                                  "type": "object",
                                  "additionalProperties": true,
                                  "properties": {
                                    "@id": {
                                      "type": "string"
                                    },
                                    "AmountQualifier": {
                                      "type": "object",
                                      "additionalProperties": true,
                                      "properties": {
                                        "$": {
                                          "type": "string"
                                        },
                                        "@tc": {
                                          "type": "string"
                                        }
                                      }
                                    },
                                    "ArrDestination": {
                                      "type": "object",
                                      "additionalProperties": true,
                                      "properties": {
                                        "@SubAcctID": {
                                          "type": "string"
                                        },
                                        "@id": {
                                          "type": "string"
                                        },
                                        "TransferAmt": {
                                          "type": "string"
                                        }
                                      }
                                    },
                                    "ArrMode": {
                                      "type": "object",
                                      "additionalProperties": true,
                                      "properties": {
                                        "$": {
                                          "type": "string"
                                        },
                                        "@tc": {
                                          "type": "string"
                                        }
                                      }
                                    },
                                    "ArrSubType": {
                                      "type": "object",
                                      "additionalProperties": true,
                                      "properties": {
                                        "$": {
                                          "type": "string"
                                        },
                                        "@tc": {
                                          "type": "string"
                                        }
                                      }
                                    },
                                    "ArrType": {
                                      "type": "object",
                                      "additionalProperties": true,
                                      "properties": {
                                        "$": {
                                          "type": "string"
                                        },
                                        "@tc": {
                                          "type": "string"
                                        }
                                      }
                                    },
                                    "DestTransferAmtType": {
                                      "type": "object",
                                      "additionalProperties": true,
                                      "properties": {
                                        "$": {
                                          "type": "string"
                                        },
                                        "@tc": {
                                          "type": "string"
                                        }
                                      }
                                    },
                                    "EndDate": {
                                      "type": "string"
                                    },
                                    "ModalAmt": {
                                      "type": "string"
                                    },
                                    "StartDate": {
                                      "type": "string"
                                    }
                                  }
                                },
                                "HoldingTypeCode": {
                                  "type": "object",
                                  "additionalProperties": true,
                                  "properties": {
                                    "$": {
                                      "type": "string"
                                    },
                                    "@tc": {
                                      "type": "string"
                                    }
                                  }
                                },
                                "Investment": {
                                  "type": "object",
                                  "additionalProperties": true,
                                  "properties": {
                                    "@id": {
                                      "type": "string"
                                    },
                                    "SubAccount": {
                                      "type": "object",
                                      "additionalProperties": true,
                                      "properties": {
                                        "@id": {
                                          "type": "string"
                                        },
                                        "SubAccountKey": {
                                          "type": "string"
                                        }
                                      }
                                    }
                                  }
                                },
                                "Policy": {
                                  "type": "object",
                                  "additionalProperties": true,
                                  "properties": {
                                    "CarrierCode": {
                                      "type": "string"
                                    },
                                    "PolNumber": {
                                      "type": "string"
                                    },
                                    "ProductCode": {
                                      "type": "string"
                                    }
                                  }
                                }
                              }
                            }
                          }
                        },
                        "TransEffDate": {
                          "type": "string"
                        },
                        "TransMode": {
                          "type": "object",
                          "additionalProperties": true,
                          "properties": {
                            "$": {
                              "type": "string"
                            },
                            "@tc": {
                              "type": "string"
                            }
                          }
                        },
                        "TransRefGUID": {
                          "type": "string"
                        },
                        "TransType": {
                          "type": "object",
                          "additionalProperties": true,
                          "properties": {
                            "$": {
                              "type": "string"
                            },
                            "@tc": {
                              "type": "string"
                            }
                          }
                        }
                      }
                    }
                  }
                }
              }
            }
          }
        ],
        "responses": {
          "201": {
            "description": "",
            "x-amf-mediaType": "application/json",
            "schema": {
              "example": {
                "TXLife": {
                  "TXLifeResponse": {
                    "TransType": {
                      "@tc": "107",
                      "$": "Arrangement Administration"
                    },
                    "TransExeDate": "2019-03-27Z",
                    "TransResult": {
                      "ResultCode": {
                        "@tc": "1",
                        "$": "Success"
                      },
                      "ResultInfo": {
                        "ResultInfoDesc": "The transaction was processed successfully"
                      }
                    },
                    "TransExeTime": "14:46:58.194Z",
                    "TransRefGUID": "9f047109-1be8-4d06-8574-56e61fa3bb06",
                    "TransSubType": {
                      "@tc": ""
                    }
                  }
                }
              }
            }
          },
          "400": {
            "description": "",
            "x-amf-mediaType": "application/json",
            "schema": {
              "example": {
                "TXLifeResponse": {
                  "TransExeTime": "10:26:55",
                  "TransResult": {
                    "ResultCode": {
                      "@tc": "5",
                      "$": "Failure"
                    },
                    "ResultInfo": {
                      "@id": "ResultInfo_1",
                      "ResultInfoDesc": "Invalid operation path followed.Please follow correct path for the opertion"
                    }
                  },
                  "TransMode": {
                    "@tc": "2",
                    "$": "Original request"
                  },
                  "TransRefGUID": "d3ac00aa-6ab6-6769-6fbf-cfe35785d685",
                  "TransType": {
                    "@tc": "107",
                    "$": "EFT Draw"
                  },
                  "TransExeDate": "2017-05-01"
                }
              }
            }
          }
        },
        "security": []
      }
    },
    "/contracts/{id}/arrangements/ar": {
      "post": {
        "description": "Add/Update Arrangements API",
        "parameters": [
          {
            "name": "id",
            "description": "Contract Number",
            "required": true,
            "in": "path",
            "default": 83914,
            "type": "number"
          },
          {
            "x-amf-mediaType": "application/json",
            "in": "body",
            "name": "generated",
            "schema": {
              "example": {
                "TXLife": {
                  "TXLifeRequest": {
                    "TransEffDate": "2017-11-03",
                    "TransRefGUID": "9f047109-1be8-4d06-8574-56e61fa3bb06",
                    "OLifE": {
                      "Holding": {
                        "@id": "Holding_1",
                        "Investment": {
                          "@id": "Investment_1",
                          "SubAccount": [
                            {
                              "@id": "SubAccount_1",
                              "SubAccountKey": "0D_07"
                            },
                            {
                              "@id": "SubAccount_2",
                              "SubAccountKey": "0L_02"
                            }
                          ]
                        },
                        "Policy": {
                          "PolNumber": "839111",
                          "ProductCode": "839",
                          "CarrierCode": "ABC"
                        },
                        "Arrangement": {
                          "EndDate": "2017-11-03",
                          "ArrDestination": [
                            {
                              "@SubAcctID": "SubAccount_1",
                              "@id": "ArrDestination_1",
                              "TransferAmt": "150"
                            },
                            {
                              "@SubAcctID": "SubAccount_2",
                              "@id": "ArrDestination_2",
                              "TransferAmt": "150"
                            }
                          ],
                          "@id": "Arrangement_1",
                          "ArrMode": {
                            "@tc": "1",
                            "$": "Annual"
                          },
                          "DestTransferAmtType": {
                            "@tc": "2",
                            "$": "Amount"
                          },
                          "ArrType": {
                            "@tc": "3",
                            "$": "Automatic Asset Rebalancing"
                          },
                          "ModalAmt": "300",
                          "ArrSubType": {
                            "@tc": "17",
                            "$": "Standard Asset Rebalancing"
                          },
                          "StartDate": "2017-11-03"
                        },
                        "HoldingTypeCode": {
                          "@tc": "2",
                          "$": "Policy"
                        }
                      }
                    },
                    "TransType": {
                      "@tc": "107",
                      "$": "Arrangement Administration"
                    },
                    "TransMode": {
                      "@tc": "2",
                      "$": "Original request"
                    }
                  }
                }
              },
              "type": "object",
              "additionalProperties": true,
              "properties": {
                "TXLife": {
                  "type": "object",
                  "additionalProperties": true,
                  "properties": {
                    "TXLifeRequest": {
                      "type": "object",
                      "additionalProperties": true,
                      "properties": {
                        "@PrimaryObjectID": {
                          "type": "string"
                        },
                        "OLifE": {
                          "type": "object",
                          "additionalProperties": true,
                          "properties": {
                            "Holding": {
                              "type": "object",
                              "additionalProperties": true,
                              "properties": {
                                "@id": {
                                  "type": "string"
                                },
                                "Arrangement": {
                                  "type": "object",
                                  "additionalProperties": true,
                                  "properties": {
                                    "@id": {
                                      "type": "string"
                                    },
                                    "ArrDestination": {
                                      "type": "array",
                                      "items": {
                                        "type": "object",
                                        "additionalProperties": true,
                                        "properties": {
                                          "@SubAcctID": {
                                            "type": "string"
                                          },
                                          "@id": {
                                            "type": "string"
                                          },
                                          "TransferAmt": {
                                            "type": "string"
                                          }
                                        }
                                      }
                                    },
                                    "ArrMode": {
                                      "type": "object",
                                      "additionalProperties": true,
                                      "properties": {
                                        "$": {
                                          "type": "string"
                                        },
                                        "@tc": {
                                          "type": "string"
                                        }
                                      }
                                    },
                                    "ArrSubType": {
                                      "type": "object",
                                      "additionalProperties": true,
                                      "properties": {
                                        "$": {
                                          "type": "string"
                                        },
                                        "@tc": {
                                          "type": "string"
                                        }
                                      }
                                    },
                                    "ArrType": {
                                      "type": "object",
                                      "additionalProperties": true,
                                      "properties": {
                                        "$": {
                                          "type": "string"
                                        },
                                        "@tc": {
                                          "type": "string"
                                        }
                                      }
                                    },
                                    "DestTransferAmtType": {
                                      "type": "object",
                                      "additionalProperties": true,
                                      "properties": {
                                        "$": {
                                          "type": "string"
                                        },
                                        "@tc": {
                                          "type": "string"
                                        }
                                      }
                                    },
                                    "EndDate": {
                                      "type": "string"
                                    },
                                    "ModalAmt": {
                                      "type": "string"
                                    },
                                    "StartDate": {
                                      "type": "string"
                                    }
                                  }
                                },
                                "HoldingTypeCode": {
                                  "type": "object",
                                  "additionalProperties": true,
                                  "properties": {
                                    "$": {
                                      "type": "string"
                                    },
                                    "@tc": {
                                      "type": "string"
                                    }
                                  }
                                },
                                "Investment": {
                                  "type": "object",
                                  "additionalProperties": true,
                                  "properties": {
                                    "@id": {
                                      "type": "string"
                                    },
                                    "SubAccount": {
                                      "type": "array",
                                      "items": {
                                        "type": "object",
                                        "additionalProperties": true,
                                        "properties": {
                                          "@id": {
                                            "type": "string"
                                          },
                                          "SubAccountKey": {
                                            "type": "string"
                                          }
                                        }
                                      }
                                    }
                                  }
                                },
                                "Policy": {
                                  "type": "object",
                                  "additionalProperties": true,
                                  "properties": {
                                    "CarrierCode": {
                                      "type": "string"
                                    },
                                    "PolNumber": {
                                      "type": "string"
                                    },
                                    "ProductCode": {
                                      "type": "string"
                                    }
                                  }
                                }
                              }
                            }
                          }
                        },
                        "TransEffDate": {
                          "type": "string"
                        },
                        "TransMode": {
                          "type": "object",
                          "additionalProperties": true,
                          "properties": {
                            "$": {
                              "type": "string"
                            },
                            "@tc": {
                              "type": "string"
                            }
                          }
                        },
                        "TransRefGUID": {
                          "type": "string"
                        },
                        "TransType": {
                          "type": "object",
                          "additionalProperties": true,
                          "properties": {
                            "$": {
                              "type": "string"
                            },
                            "@tc": {
                              "type": "string"
                            }
                          }
                        }
                      }
                    }
                  }
                }
              }
            }
          }
        ],
        "responses": {
          "201": {
            "description": "",
            "x-amf-mediaType": "application/json",
            "schema": {
              "example": {
                "TXLife": {
                  "TXLifeResponse": {
                    "TransExeTime": "14:46:58.194Z",
                    "TransType": {
                      "@tc": "107",
                      "$": "Arrangement Administration"
                    },
                    "TransSubType": {
                      "@tc": ""
                    },
                    "TransRefGUID": "9f047109-1be8-4d06-8574-56e61fa3bb06",
                    "TransResult": {
                      "ResultCode": {
                        "@tc": "1",
                        "$": "Success"
                      },
                      "ResultInfo": {
                        "ResultInfoDesc": "The transaction was processed successfully"
                      }
                    },
                    "TransExeDate": "2019-03-27Z"
                  }
                }
              }
            }
          },
          "400": {
            "description": "",
            "x-amf-mediaType": "application/json",
            "schema": {
              "example": {
                "TXLifeResponse": {
                  "TransType": {
                    "@tc": "107",
                    "$": "Automatic Asset Rebalancing"
                  },
                  "TransMode": {
                    "@tc": "2",
                    "$": "Original request"
                  },
                  "TransRefGUID": "d3ac00aa-6ab6-6769-6fbf-cfe35785d687",
                  "TransExeTime": "10:26:55",
                  "TransExeDate": "2017-05-01",
                  "TransResult": {
                    "ResultCode": {
                      "@tc": "5",
                      "$": "Failure"
                    },
                    "ResultInfo": {
                      "@id": "ResultInfo_1",
                      "ResultInfoDesc": "Invalid operation path followed.Please follow correct path for the opertion"
                    }
                  }
                }
              }
            }
          }
        },
        "security": []
      }
    },
    "/contracts/{id}/arrangements/{arrangementSysKey}": {
      "delete": {
        "description": "Delete Arrangements API",
        "parameters": [
          {
            "name": "id",
            "description": "Contract Number",
            "required": true,
            "in": "path",
            "default": 83914,
            "type": "number"
          },
          {
            "name": "arrangementSysKey",
            "description": "Arrangement Sys Key",
            "required": true,
            "in": "path",
            "default": 123065,
            "type": "number"
          },
          {
            "x-amf-mediaType": "application/json",
            "in": "body",
            "name": "generated",
            "schema": {
              "example": {
                "TXLifeRequest": {
                  "TransRefGUID": "fb7c83b9-435a-40fe-5409-2c009866655f",
                  "TransType": {
                    "@tc": "107",
                    "$": "Arrangement Administration"
                  },
                  "OLifE": {
                    "Holding": {
                      "Policy": {
                        "PolNumber": "086346"
                      },
                      "Arrangement": {
                        "@DataRep": "Removed",
                        "ArrType": {
                          "@tc": "2"
                        },
                        "ArrangementSysKey": "3492"
                      }
                    }
                  }
                }
              },
              "type": "object",
              "additionalProperties": true,
              "properties": {
                "TXLifeRequest": {
                  "type": "object",
                  "additionalProperties": true,
                  "properties": {
                    "OLifE": {
                      "type": "object",
                      "additionalProperties": true,
                      "properties": {
                        "Holding": {
                          "type": "object",
                          "additionalProperties": true,
                          "properties": {
                            "Arrangement": {
                              "type": "object",
                              "additionalProperties": true,
                              "properties": {
                                "@DataRep": {
                                  "type": "string"
                                },
                                "ArrType": {
                                  "type": "object",
                                  "additionalProperties": true,
                                  "properties": {
                                    "@tc": {
                                      "type": "string"
                                    }
                                  }
                                },
                                "ArrangementSysKey": {
                                  "type": "string"
                                }
                              }
                            },
                            "Policy": {
                              "type": "object",
                              "additionalProperties": true,
                              "properties": {
                                "PolNumber": {
                                  "type": "string"
                                }
                              }
                            }
                          }
                        }
                      }
                    },
                    "TransRefGUID": {
                      "type": "string"
                    },
                    "TransType": {
                      "type": "object",
                      "additionalProperties": true,
                      "properties": {
                        "$": {
                          "type": "string"
                        },
                        "@tc": {
                          "type": "string"
                        }
                      }
                    }
                  }
                }
              }
            }
          }
        ],
        "responses": {
          "200": {
            "description": ""
          },
          "400": {
            "description": "",
            "x-amf-mediaType": "application/json",
            "schema": {
              "example": {
                "TXLifeResponse": {
                  "TransExeDate": "2017-05-01",
                  "TransMode": {
                    "@tc": "2",
                    "$": "Original request"
                  },
                  "TransType": {
                    "@tc": "107",
                    "$": "Arrangement Administration"
                  },
                  "TransExeTime": "10:26:55",
                  "TransResult": {
                    "ResultCode": {
                      "@tc": "5",
                      "$": "Failure"
                    },
                    "ResultInfo": {
                      "@id": "ResultInfo_1",
                      "ResultInfoDesc": "Invalid operation path followed.Please follow correct path for the opertion"
                    }
                  },
                  "TransRefGUID": "d3ac00aa-6ab6-6769-6fbf-cfe35785d687"
                }
              }
            }
          }
        },
        "security": []
      }
    }
  }
}
