{
  "swagger": "2.0",
  "info": {
    "title": "alip-customer",
    "version": "1.0"
  },
  "host": "alipmule.eastus.cloudapp.azure.com",
  "basePath": "/alip-customers",
  "schemes": [
    "http"
  ],
  "paths": {
    "/product/{id}/{jurisdiction}/funds": {
      "x-amf-description": "Product Fund API",
      "get": {
        "description": "Product Fund API",
        "parameters": [
          {
            "name": "id",
            "description": "Contract Number",
            "required": true,
            "in": "path",
            "default": "07675",
            "type": "string"
          },
          {
            "name": "jurisdiction",
            "description": "State Code",
            "required": true,
            "in": "path",
            "default": "15",
            "type": "string"
          }
        ],
        "responses": {
          "200": {
            "description": "",
            "x-amf-mediaType": "application/json",
            "schema": {
              "example": {
                "TXLife": {
                  "TXLifeResponse": {
                    "TransExeTime": "02:44:16",
                    "TransSubType": {
                      "@tc": "20102",
                      "$": "Policy Product Inquiry"
                    },
                    "TransExeDate": "2019-03-08",
                    "InquiryLevel": {
                      "@tc": "3",
                      "$": "Level"
                    },
                    "OLifE": {
                      "PolicyProduct": {
                        "IssueNation": {
                          "@tc": "1",
                          "$": "USA"
                        },
                        "ProductCode": 1,
                        "CarrierCode": "01",
                        "Jurisdiction": {
                          "@tc": "35",
                          "$": "NA"
                        },
                        "@id": "PolicyProduct_1",
                        "InvestProductInfo": [
                          {
                            "FullName": "FR0010149302 Carmignac Emergents",
                            "CusipNum": null,
                            "ProductCode": "05_01",
                            "InvestProductTypeCode": {
                              "@tc": "15",
                              "$": "variable Annuity/ Fund"
                            },
                            "@id": "05_01_1"
                          },
                          {
                            "CusipNum": null,
                            "@id": "04_02_1",
                            "FullName": "Euro Fund Chassis 1 Header",
                            "ProductCode": "04_02",
                            "InvestProductTypeCode": {
                              "@tc": "22",
                              "$": "Fixed Rate Funding Agreement"
                            }
                          },
                          {
                            "@id": "05_03_1",
                            "ProductCode": "05_03",
                            "CusipNum": null,
                            "InvestProductTypeCode": {
                              "@tc": "15",
                              "$": "variable Annuity/ Fund"
                            },
                            "FullName": "FR0010117077 Sycomore Eurocap- Part R"
                          },
                          {
                            "ProductCode": "05_04",
                            "@id": "05_04_1",
                            "InvestProductTypeCode": {
                              "@tc": "15",
                              "$": "variable Annuity/ Fund"
                            },
                            "FullName": "FR0000289902 CAAM Select Europe",
                            "CusipNum": null
                          },
                          {
                            "CusipNum": null,
                            "FullName": "FR0007484829 Cash Monetaire",
                            "InvestProductTypeCode": {
                              "@tc": "15",
                              "$": "variable Annuity/ Fund"
                            },
                            "@id": "05_05_1",
                            "ProductCode": "05_05"
                          },
                          {
                            "@id": "03_01_1",
                            "ProductCode": "03_01",
                            "FullName": "ModelPROD-013",
                            "CusipNum": null,
                            "InvestProductTypeCode": {
                              "@tc": "22",
                              "$": "Fixed Rate Funding Agreement"
                            }
                          },
                          {
                            "InvestProductTypeCode": {
                              "@tc": "15",
                              "$": "variable Annuity/ Fund"
                            },
                            "ProductCode": "05_02",
                            "FullName": "FR0000975138 JPM Europe PEA",
                            "CusipNum": null,
                            "@id": "05_02_1"
                          }
                        ]
                      }
                    },
                    "TransMode": {
                      "@tc": "2",
                      "$": "Original"
                    },
                    "TransRefGUID": "da99be01-3119-2cff-a57f-ebb12a067535",
                    "TransType": {
                      "@tc": "201",
                      "$": "Holding Product Inquiry"
                    },
                    "TransResult": {
                      "ResultCode": {
                        "@tc": "1",
                        "$": "Success"
                      }
                    }
                  }
                }
              },
              "type": "object",
              "additionalProperties": true,
              "properties": {
                "TXLife": {
                  "type": "object",
                  "additionalProperties": true,
                  "properties": {
                    "TXLifeResponse": {
                      "type": "object",
                      "additionalProperties": true,
                      "required": [
                        "TransRefGUID",
                        "TransType",
                        "TransSubType",
                        "TransExeDate",
                        "TransExeTime",
                        "TransResult"
                      ],
                      "properties": {
                        "@id": {
                          "type": "string"
                        },
                        "TransRefGUID": {
                          "type": "string"
                        },
                        "TransType": {
                          "type": "object",
                          "additionalProperties": true,
                          "properties": {
                            "@tc": {
                              "enum": [
                                "201"
                              ],
                              "type": "string"
                            },
                            "$": {
                              "type": "string"
                            }
                          }
                        },
                        "TransSubType": {
                          "type": "object",
                          "additionalProperties": true,
                          "properties": {
                            "@tc": {
                              "enum": [
                                "20102"
                              ],
                              "type": "string"
                            },
                            "$": {
                              "type": "string"
                            }
                          }
                        },
                        "TransExeDate": {
                          "type": "string"
                        },
                        "TransExeTime": {
                          "type": "string"
                        },
                        "TransMode": {
                          "type": "object",
                          "additionalProperties": true,
                          "properties": {
                            "@tc": {
                              "enum": [
                                "2"
                              ],
                              "type": "string"
                            },
                            "$": {
                              "type": "string"
                            }
                          }
                        },
                        "InquiryLevel": {
                          "type": "object",
                          "additionalProperties": true,
                          "properties": {
                            "@tc": {
                              "enum": [
                                "3"
                              ],
                              "type": "string"
                            },
                            "$": {
                              "type": "string"
                            }
                          }
                        },
                        "TransResult": {
                          "type": "object",
                          "additionalProperties": true,
                          "properties": {
                            "ResultCode": {
                              "type": "object",
                              "additionalProperties": true,
                              "properties": {
                                "@tc": {
                                  "enum": [
                                    "1",
                                    "2",
                                    "3",
                                    "4",
                                    "5"
                                  ],
                                  "type": "string"
                                },
                                "$": {
                                  "type": "string"
                                }
                              }
                            },
                            "ResultInfo": {
                              "type": "object",
                              "additionalProperties": true,
                              "properties": {
                                "ResultInfoCode": {
                                  "type": "object",
                                  "additionalProperties": true,
                                  "properties": {
                                    "@tc": {
                                      "enum": [
                                        "78",
                                        "100",
                                        "101",
                                        "102",
                                        "103",
                                        "104",
                                        "105",
                                        "106",
                                        "107",
                                        "108",
                                        "109",
                                        "110",
                                        "111",
                                        "112",
                                        "113",
                                        "114",
                                        "115",
                                        "116",
                                        "117",
                                        "118",
                                        "119",
                                        "120",
                                        "200",
                                        "201",
                                        "202",
                                        "203",
                                        "300",
                                        "301",
                                        "302",
                                        "303",
                                        "304",
                                        "400",
                                        "500",
                                        "600",
                                        "601",
                                        "700",
                                        "710",
                                        "720",
                                        "730",
                                        "800",
                                        "999",
                                        "1000",
                                        "1420",
                                        "1430",
                                        "1440",
                                        "1450",
                                        "1460",
                                        "1600",
                                        "1700",
                                        "1740",
                                        "1750",
                                        "1820",
                                        "1840",
                                        "1880",
                                        "1890",
                                        "1910",
                                        "1980",
                                        "2001",
                                        "2002",
                                        "2003",
                                        "2004",
                                        "2005",
                                        "2006",
                                        "2007",
                                        "2008",
                                        "2009",
                                        "2011",
                                        "2012",
                                        "2013",
                                        "2014",
                                        "2015",
                                        "2016",
                                        "2017",
                                        "2018",
                                        "2019",
                                        "2020",
                                        "2021",
                                        "2022",
                                        "2023",
                                        "2024",
                                        "2025",
                                        "2026",
                                        "2027",
                                        "2028",
                                        "2029",
                                        "2030",
                                        "2031",
                                        "2032",
                                        "2033",
                                        "2034",
                                        "2035",
                                        "2036",
                                        "2037",
                                        "2038",
                                        "2039",
                                        "2040",
                                        "2041",
                                        "2042",
                                        "2043",
                                        "2044",
                                        "2050",
                                        "2051",
                                        "2052",
                                        "2053",
                                        "2101",
                                        "2102",
                                        "2103",
                                        "2104",
                                        "2105",
                                        "2106",
                                        "2107",
                                        "2108",
                                        "2109",
                                        "2110",
                                        "2111",
                                        "2112",
                                        "2113",
                                        "2114",
                                        "2115",
                                        "2116",
                                        "2117",
                                        "2118",
                                        "2119",
                                        "2120",
                                        "2121",
                                        "2122",
                                        "2201",
                                        "2202",
                                        "2300",
                                        "2301",
                                        "2302",
                                        "3001",
                                        "3002",
                                        "3003",
                                        "3004",
                                        "3005",
                                        "3006",
                                        "3007",
                                        "3008",
                                        "3009",
                                        "3010",
                                        "3011",
                                        "3012",
                                        "3013",
                                        "3014",
                                        "3015",
                                        "3016",
                                        "3017",
                                        "3018",
                                        "3019",
                                        "3020",
                                        "3021",
                                        "3022",
                                        "3023",
                                        "3024",
                                        "3025",
                                        "3026",
                                        "3027",
                                        "3028",
                                        "3032",
                                        "3033",
                                        "3034",
                                        "3035",
                                        "3036",
                                        "3037",
                                        "3038",
                                        "3039",
                                        "3040",
                                        "3041",
                                        "3042",
                                        "3043",
                                        "3044",
                                        "3045",
                                        "3046",
                                        "3047",
                                        "3048",
                                        "3049",
                                        "3050",
                                        "3051",
                                        "3052",
                                        "4000",
                                        "4001",
                                        "4002",
                                        "4060",
                                        "4061",
                                        "4067",
                                        "4068",
                                        "4069",
                                        "4070",
                                        "4071",
                                        "4077",
                                        "4078",
                                        "4079",
                                        "4080",
                                        "4081",
                                        "4087",
                                        "4088",
                                        "4089",
                                        "4100",
                                        "4101",
                                        "4102",
                                        "4103",
                                        "4104",
                                        "4105",
                                        "4106",
                                        "4200",
                                        "4201",
                                        "4202",
                                        "4203",
                                        "4204",
                                        "4205",
                                        "4206",
                                        "4207",
                                        "4208",
                                        "4209",
                                        "4210",
                                        "4211",
                                        "4212",
                                        "4213",
                                        "5000",
                                        "5001",
                                        "5002",
                                        "5003",
                                        "5004",
                                        "5005",
                                        "5006",
                                        "5007"
                                      ],
                                      "type": "string"
                                    },
                                    "$": {
                                      "type": "string"
                                    }
                                  }
                                },
                                "ResultInfoDesc": {
                                  "type": "string"
                                },
                                "OLifEExtension": {
                                  "type": "object",
                                  "additionalProperties": true,
                                  "properties": {
                                    "@VendorCode": {
                                      "type": "string"
                                    },
                                    "@ExtensionCode": {
                                      "type": "string"
                                    },
                                    "@DataRep": {
                                      "enum": [
                                        "Full",
                                        "Partial",
                                        "ReadOnly",
                                        "Removed"
                                      ],
                                      "type": "string"
                                    },
                                    "@SystemCode": {
                                      "type": "string"
                                    },
                                    "ResultInfoDetail": {
                                      "type": "string"
                                    }
                                  }
                                }
                              }
                            }
                          }
                        },
                        "OLifE": {
                          "type": "object",
                          "additionalProperties": true,
                          "properties": {
                            "PolicyProduct": {
                              "type": "object",
                              "additionalProperties": true,
                              "properties": {
                                "@id": {
                                  "type": "string"
                                },
                                "CarrierCode": {
                                  "type": "string"
                                },
                                "ProductCode": {
                                  "type": "integer"
                                },
                                "IssueNation": {
                                  "type": "object",
                                  "additionalProperties": true,
                                  "properties": {
                                    "@tc": {
                                      "type": "string"
                                    },
                                    "$": {
                                      "type": "string"
                                    }
                                  }
                                },
                                "Jurisdiction": {
                                  "type": "object",
                                  "additionalProperties": true,
                                  "properties": {
                                    "@tc": {
                                      "type": "string"
                                    },
                                    "$": {
                                      "type": "string"
                                    }
                                  }
                                },
                                "InvestProductInfo": {
                                  "type": "array",
                                  "items": {
                                    "type": "object",
                                    "additionalProperties": true,
                                    "required": [
                                      "CusipNum",
                                      "InvestProductTypeCode"
                                    ],
                                    "properties": {
                                      "@id": {
                                        "type": "string"
                                      },
                                      "FullName": {
                                        "type": "string"
                                      },
                                      "CusipNum": {
                                        "x-amf-union": [
                                          {
                                            "type": "null"
                                          },
                                          {
                                            "type": "string"
                                          }
                                        ]
                                      },
                                      "ProductCode": {
                                        "type": "string"
                                      },
                                      "InvestProductTypeCode": {
                                        "type": "object",
                                        "additionalProperties": true,
                                        "properties": {
                                          "@tc": {
                                            "enum": [
                                              "0",
                                              "1",
                                              "2",
                                              "3",
                                              "4",
                                              "5",
                                              "6",
                                              "7",
                                              "8",
                                              "9",
                                              "10",
                                              "11",
                                              "12",
                                              "13",
                                              "14",
                                              "15",
                                              "16",
                                              "17",
                                              "18",
                                              "19",
                                              "20",
                                              "21",
                                              "22",
                                              "23",
                                              "24",
                                              "25",
                                              "26",
                                              "27",
                                              "28",
                                              "29",
                                              "30",
                                              "31",
                                              "32",
                                              "33",
                                              "34",
                                              "35",
                                              "36",
                                              "37",
                                              "38",
                                              "39",
                                              "40",
                                              "41",
                                              "42",
                                              "43",
                                              "44",
                                              "45",
                                              "46",
                                              "47",
                                              "48",
                                              "49",
                                              "50",
                                              "51",
                                              "52",
                                              "53",
                                              "54",
                                              "55",
                                              "56",
                                              "57",
                                              "58",
                                              "59",
                                              "60",
                                              "61",
                                              "62",
                                              "63",
                                              "64",
                                              "65",
                                              "66",
                                              "67",
                                              "68",
                                              "69",
                                              "70",
                                              "71",
                                              "72",
                                              "2147483647"
                                            ],
                                            "type": "string"
                                          },
                                          "$": {
                                            "type": "string"
                                          }
                                        }
                                      }
                                    }
                                  }
                                }
                              }
                            }
                          }
                        }
                      }
                    }
                  }
                }
              }
            }
          },
          "500": {
            "description": "",
            "x-amf-mediaType": "application/json",
            "schema": {
              "example": {
                "TXLife": {
                  "TXLifeResponse": {
                    "TransRefGUID": "d3ac00aa-6ab6-6769-6fbf-cfe35785d674",
                    "TransExeDate": "2017-05-01",
                    "TransSubType": {
                      "@tc": "20102",
                      "$": "Policy Product Inquiry"
                    },
                    "TransType": {
                      "@tc": "201",
                      "$": "Holding Product Inquiry"
                    },
                    "TransResult": {
                      "ResultCode": {
                        "@tc": "5",
                        "#text": "Failure"
                      },
                      "ResultInfo": {
                        "@id": "ResultInfo_1",
                        "ResultInfoDesc": "Error ocured during Operation"
                      }
                    },
                    "TransMode": {
                      "@tc": "2",
                      "#text": "Original request"
                    },
                    "TransExeTime": "10:26:55"
                  }
                }
              },
              "type": "object",
              "additionalProperties": true,
              "properties": {
                "TXLife": {
                  "type": "object",
                  "additionalProperties": true,
                  "properties": {
                    "TXLifeResponse": {
                      "type": "object",
                      "additionalProperties": true,
                      "required": [
                        "TransRefGUID",
                        "TransType",
                        "TransSubType",
                        "TransExeDate",
                        "TransExeTime",
                        "TransResult"
                      ],
                      "properties": {
                        "@id": {
                          "type": "string"
                        },
                        "TransRefGUID": {
                          "type": "string"
                        },
                        "TransType": {
                          "type": "object",
                          "additionalProperties": true,
                          "properties": {
                            "@tc": {
                              "enum": [
                                "201"
                              ],
                              "type": "string"
                            },
                            "$": {
                              "type": "string"
                            }
                          }
                        },
                        "TransSubType": {
                          "type": "object",
                          "additionalProperties": true,
                          "properties": {
                            "@tc": {
                              "enum": [
                                "20102"
                              ],
                              "type": "string"
                            },
                            "$": {
                              "type": "string"
                            }
                          }
                        },
                        "TransExeDate": {
                          "type": "string"
                        },
                        "TransExeTime": {
                          "type": "string"
                        },
                        "TransMode": {
                          "type": "object",
                          "additionalProperties": true,
                          "properties": {
                            "@tc": {
                              "enum": [
                                "2"
                              ],
                              "type": "string"
                            },
                            "$": {
                              "type": "string"
                            }
                          }
                        },
                        "InquiryLevel": {
                          "type": "object",
                          "additionalProperties": true,
                          "properties": {
                            "@tc": {
                              "enum": [
                                "3"
                              ],
                              "type": "string"
                            },
                            "$": {
                              "type": "string"
                            }
                          }
                        },
                        "TransResult": {
                          "type": "object",
                          "additionalProperties": true,
                          "properties": {
                            "ResultCode": {
                              "type": "object",
                              "additionalProperties": true,
                              "properties": {
                                "@tc": {
                                  "enum": [
                                    "1",
                                    "2",
                                    "3",
                                    "4",
                                    "5"
                                  ],
                                  "type": "string"
                                },
                                "$": {
                                  "type": "string"
                                }
                              }
                            },
                            "ResultInfo": {
                              "type": "object",
                              "additionalProperties": true,
                              "properties": {
                                "ResultInfoCode": {
                                  "type": "object",
                                  "additionalProperties": true,
                                  "properties": {
                                    "@tc": {
                                      "enum": [
                                        "78",
                                        "100",
                                        "101",
                                        "102",
                                        "103",
                                        "104",
                                        "105",
                                        "106",
                                        "107",
                                        "108",
                                        "109",
                                        "110",
                                        "111",
                                        "112",
                                        "113",
                                        "114",
                                        "115",
                                        "116",
                                        "117",
                                        "118",
                                        "119",
                                        "120",
                                        "200",
                                        "201",
                                        "202",
                                        "203",
                                        "300",
                                        "301",
                                        "302",
                                        "303",
                                        "304",
                                        "400",
                                        "500",
                                        "600",
                                        "601",
                                        "700",
                                        "710",
                                        "720",
                                        "730",
                                        "800",
                                        "999",
                                        "1000",
                                        "1420",
                                        "1430",
                                        "1440",
                                        "1450",
                                        "1460",
                                        "1600",
                                        "1700",
                                        "1740",
                                        "1750",
                                        "1820",
                                        "1840",
                                        "1880",
                                        "1890",
                                        "1910",
                                        "1980",
                                        "2001",
                                        "2002",
                                        "2003",
                                        "2004",
                                        "2005",
                                        "2006",
                                        "2007",
                                        "2008",
                                        "2009",
                                        "2011",
                                        "2012",
                                        "2013",
                                        "2014",
                                        "2015",
                                        "2016",
                                        "2017",
                                        "2018",
                                        "2019",
                                        "2020",
                                        "2021",
                                        "2022",
                                        "2023",
                                        "2024",
                                        "2025",
                                        "2026",
                                        "2027",
                                        "2028",
                                        "2029",
                                        "2030",
                                        "2031",
                                        "2032",
                                        "2033",
                                        "2034",
                                        "2035",
                                        "2036",
                                        "2037",
                                        "2038",
                                        "2039",
                                        "2040",
                                        "2041",
                                        "2042",
                                        "2043",
                                        "2044",
                                        "2050",
                                        "2051",
                                        "2052",
                                        "2053",
                                        "2101",
                                        "2102",
                                        "2103",
                                        "2104",
                                        "2105",
                                        "2106",
                                        "2107",
                                        "2108",
                                        "2109",
                                        "2110",
                                        "2111",
                                        "2112",
                                        "2113",
                                        "2114",
                                        "2115",
                                        "2116",
                                        "2117",
                                        "2118",
                                        "2119",
                                        "2120",
                                        "2121",
                                        "2122",
                                        "2201",
                                        "2202",
                                        "2300",
                                        "2301",
                                        "2302",
                                        "3001",
                                        "3002",
                                        "3003",
                                        "3004",
                                        "3005",
                                        "3006",
                                        "3007",
                                        "3008",
                                        "3009",
                                        "3010",
                                        "3011",
                                        "3012",
                                        "3013",
                                        "3014",
                                        "3015",
                                        "3016",
                                        "3017",
                                        "3018",
                                        "3019",
                                        "3020",
                                        "3021",
                                        "3022",
                                        "3023",
                                        "3024",
                                        "3025",
                                        "3026",
                                        "3027",
                                        "3028",
                                        "3032",
                                        "3033",
                                        "3034",
                                        "3035",
                                        "3036",
                                        "3037",
                                        "3038",
                                        "3039",
                                        "3040",
                                        "3041",
                                        "3042",
                                        "3043",
                                        "3044",
                                        "3045",
                                        "3046",
                                        "3047",
                                        "3048",
                                        "3049",
                                        "3050",
                                        "3051",
                                        "3052",
                                        "4000",
                                        "4001",
                                        "4002",
                                        "4060",
                                        "4061",
                                        "4067",
                                        "4068",
                                        "4069",
                                        "4070",
                                        "4071",
                                        "4077",
                                        "4078",
                                        "4079",
                                        "4080",
                                        "4081",
                                        "4087",
                                        "4088",
                                        "4089",
                                        "4100",
                                        "4101",
                                        "4102",
                                        "4103",
                                        "4104",
                                        "4105",
                                        "4106",
                                        "4200",
                                        "4201",
                                        "4202",
                                        "4203",
                                        "4204",
                                        "4205",
                                        "4206",
                                        "4207",
                                        "4208",
                                        "4209",
                                        "4210",
                                        "4211",
                                        "4212",
                                        "4213",
                                        "5000",
                                        "5001",
                                        "5002",
                                        "5003",
                                        "5004",
                                        "5005",
                                        "5006",
                                        "5007"
                                      ],
                                      "type": "string"
                                    },
                                    "$": {
                                      "type": "string"
                                    }
                                  }
                                },
                                "ResultInfoDesc": {
                                  "type": "string"
                                },
                                "OLifEExtension": {
                                  "type": "object",
                                  "additionalProperties": true,
                                  "properties": {
                                    "@VendorCode": {
                                      "type": "string"
                                    },
                                    "@ExtensionCode": {
                                      "type": "string"
                                    },
                                    "@DataRep": {
                                      "enum": [
                                        "Full",
                                        "Partial",
                                        "ReadOnly",
                                        "Removed"
                                      ],
                                      "type": "string"
                                    },
                                    "@SystemCode": {
                                      "type": "string"
                                    },
                                    "ResultInfoDetail": {
                                      "type": "string"
                                    }
                                  }
                                }
                              }
                            }
                          }
                        },
                        "OLifE": {
                          "type": "object",
                          "additionalProperties": true,
                          "properties": {
                            "PolicyProduct": {
                              "type": "object",
                              "additionalProperties": true,
                              "properties": {
                                "@id": {
                                  "type": "string"
                                },
                                "CarrierCode": {
                                  "type": "string"
                                },
                                "ProductCode": {
                                  "type": "integer"
                                },
                                "IssueNation": {
                                  "type": "object",
                                  "additionalProperties": true,
                                  "properties": {
                                    "@tc": {
                                      "type": "string"
                                    },
                                    "$": {
                                      "type": "string"
                                    }
                                  }
                                },
                                "Jurisdiction": {
                                  "type": "object",
                                  "additionalProperties": true,
                                  "properties": {
                                    "@tc": {
                                      "type": "string"
                                    },
                                    "$": {
                                      "type": "string"
                                    }
                                  }
                                },
                                "InvestProductInfo": {
                                  "type": "array",
                                  "items": {
                                    "type": "object",
                                    "additionalProperties": true,
                                    "required": [
                                      "CusipNum",
                                      "InvestProductTypeCode"
                                    ],
                                    "properties": {
                                      "@id": {
                                        "type": "string"
                                      },
                                      "FullName": {
                                        "type": "string"
                                      },
                                      "CusipNum": {
                                        "x-amf-union": [
                                          {
                                            "type": "null"
                                          },
                                          {
                                            "type": "string"
                                          }
                                        ]
                                      },
                                      "ProductCode": {
                                        "type": "string"
                                      },
                                      "InvestProductTypeCode": {
                                        "type": "object",
                                        "additionalProperties": true,
                                        "properties": {
                                          "@tc": {
                                            "enum": [
                                              "0",
                                              "1",
                                              "2",
                                              "3",
                                              "4",
                                              "5",
                                              "6",
                                              "7",
                                              "8",
                                              "9",
                                              "10",
                                              "11",
                                              "12",
                                              "13",
                                              "14",
                                              "15",
                                              "16",
                                              "17",
                                              "18",
                                              "19",
                                              "20",
                                              "21",
                                              "22",
                                              "23",
                                              "24",
                                              "25",
                                              "26",
                                              "27",
                                              "28",
                                              "29",
                                              "30",
                                              "31",
                                              "32",
                                              "33",
                                              "34",
                                              "35",
                                              "36",
                                              "37",
                                              "38",
                                              "39",
                                              "40",
                                              "41",
                                              "42",
                                              "43",
                                              "44",
                                              "45",
                                              "46",
                                              "47",
                                              "48",
                                              "49",
                                              "50",
                                              "51",
                                              "52",
                                              "53",
                                              "54",
                                              "55",
                                              "56",
                                              "57",
                                              "58",
                                              "59",
                                              "60",
                                              "61",
                                              "62",
                                              "63",
                                              "64",
                                              "65",
                                              "66",
                                              "67",
                                              "68",
                                              "69",
                                              "70",
                                              "71",
                                              "72",
                                              "2147483647"
                                            ],
                                            "type": "string"
                                          },
                                          "$": {
                                            "type": "string"
                                          }
                                        }
                                      }
                                    }
                                  }
                                }
                              }
                            }
                          }
                        }
                      }
                    }
                  }
                }
              }
            }
          }
        },
        "security": []
      }
    }
  }
}
