{   "TXLife": 
{
   "UserAuthRequest": {
      "UserLoginName": "SUPERVIS"
   },
   "TXLifeRequest": {
      "TransRefGUID": "933b7d52-8531-4274-71eb-ab1e32fd14ad",
      "TransType": {
         "@tc": "1122",
         "$": "CreateUpdateRequirement"
      },
      "TransExeDate": "2019-03-15",
      "TransExeTime": "15:48:20Z",
      "OLifE": {
         "@Version": "2.36.00",
         "Holding": {
            "@id": "Holding_1",
            "Policy": {
               "PolNumber": "08621",
               "RequirementInfo": [{
                  "@AppliesToPartyID": "P_1234",
                  "ReqCode": {
                     "@tc": "21",
                     "$": "MIB Inquiry"
                  },
                  "ReqStatus": {
                     "@tc": "1",
                     "$": "Open"
                  },
                  "StatusDate": "2017-11-23"
               }]
            }
         },
         "Party": {
            "@id": "P_1234",
            "PartySysKey": {
			"$": "1336"
			}
         }
      }
   }
}
}
