{
	"type":"object",
	"$schema": "http://json-schema.org/draft-03/schema",
	"id": "$JSON",
	"required":false,
	"properties":{
		"TXLife": {
			"type":"object",
			"id": "$JSON/TXLife",
			"required":false,
			"properties":{
				"TXLifeResponse": {
					"type":"object",
					"id": "$JSON/TXLife/TXLifeResponse",
					"required":false,
					"properties":{
						"@PrimaryObjectID": {
							"type":"string",
							"id": "$JSON/TXLife/TXLifeResponse/@PrimaryObjectID",
							"required":false
						},
						"@id": {
							"type":"string",
							"id": "$JSON/TXLife/TXLifeResponse/@id",
							"required":false
						},
						"IllustrationResult": {
							"type":"array",
							"id": "$JSON/TXLife/TXLifeResponse/IllustrationResult",
							"required":false,
							"items":
								{
									"type":"object",
									"id": "$JSON/TXLife/TXLifeResponse/IllustrationResult/0",
									"required":false,
									"properties":{
										"JointLifeExpectancy": {
											"type":"string",
											"id": "$JSON/TXLife/TXLifeResponse/IllustrationResult/0/JointLifeExpectancy",
											"required":false
										},
										"LifeExpectancy": {
											"type":"string",
											"id": "$JSON/TXLife/TXLifeResponse/IllustrationResult/0/LifeExpectancy",
											"required":false
										},
										"OLifEExtension": {
											"type":"object",
											"id": "$JSON/TXLife/TXLifeResponse/IllustrationResult/0/OLifEExtension",
											"required":false,
											"properties":{
												"AllLifeExpectancy": {
													"type":"string",
													"id": "$JSON/TXLife/TXLifeResponse/IllustrationResult/0/OLifEExtension/AllLifeExpectancy",
													"required":false
												},
												"CommutationPercentage": {
													"type":"string",
													"id": "$JSON/TXLife/TXLifeResponse/IllustrationResult/0/OLifEExtension/CommutationPercentage",
													"required":false
												},
												"FixedCommutationInterestRate": {
													"type":"string",
													"id": "$JSON/TXLife/TXLifeResponse/IllustrationResult/0/OLifEExtension/FixedCommutationInterestRate",
													"required":false
												},
												"FixedInterestRate": {
													"type":"string",
													"id": "$JSON/TXLife/TXLifeResponse/IllustrationResult/0/OLifEExtension/FixedInterestRate",
													"required":false
												},
												"LiquidityPercentage": {
													"type":"string",
													"id": "$JSON/TXLife/TXLifeResponse/IllustrationResult/0/OLifEExtension/LiquidityPercentage",
													"required":false
												},
												"LiquidityValue": {
													"type":"string",
													"id": "$JSON/TXLife/TXLifeResponse/IllustrationResult/0/OLifEExtension/LiquidityValue",
													"required":false
												}
											}
										}
									}
								}
							

						},
						"InquiryLevel": {
							"type":"object",
							"id": "$JSON/TXLife/TXLifeResponse/InquiryLevel",
							"required":false,
							"properties":{
								"$": {
									"type":"string",
									"id": "$JSON/TXLife/TXLifeResponse/InquiryLevel/$",
									"required":false
								},
								"@tc": {
									"type":"string",
									"id": "$JSON/TXLife/TXLifeResponse/InquiryLevel/@tc",
									"required":false
								}
							}
						},
						"OLifE": {
							"type":"object",
							"id": "$JSON/TXLife/TXLifeResponse/OLifE",
							"required":false,
							"properties":{
								"@Version": {
									"type":"string",
									"id": "$JSON/TXLife/TXLifeResponse/OLifE/@Version",
									"required":false
								},
								"Holding": {
									"type":"array",
									"id": "$JSON/TXLife/TXLifeResponse/OLifE/Holding",
									"required":false,
									"properties":{
										"@DataRep": {
											"type":"string",
											"id": "$JSON/TXLife/TXLifeResponse/OLifE/Holding/@DataRep",
											"required":false
										},
										"@id": {
											"type":"string",
											"id": "$JSON/TXLife/TXLifeResponse/OLifE/Holding/@id",
											"required":false
										},
										"Arrangement": {
											"type":"object",
											"id": "$JSON/TXLife/TXLifeResponse/OLifE/Holding/Arrangement",
											"required":false,
											"properties":{
												"@DataRep": {
													"type":"string",
													"id": "$JSON/TXLife/TXLifeResponse/OLifE/Holding/Arrangement/@DataRep",
													"required":false
												},
												"@id": {
													"type":"string",
													"id": "$JSON/TXLife/TXLifeResponse/OLifE/Holding/Arrangement/@id",
													"required":false
												},
												"SourceOfFundsInfo": {
													"type":"object",
													"id": "$JSON/TXLife/TXLifeResponse/OLifE/Holding/Arrangement/SourceOfFundsInfo",
													"required":false,
													"properties":{
														"@DataRep": {
															"type":"string",
															"id": "$JSON/TXLife/TXLifeResponse/OLifE/Holding/Arrangement/SourceOfFundsInfo/@DataRep",
															"required":false
														},
														"@id": {
															"type":"string",
															"id": "$JSON/TXLife/TXLifeResponse/OLifE/Holding/Arrangement/SourceOfFundsInfo/@id",
															"required":false
														},
														"OLifEExtension": {
															"type":"object",
															"id": "$JSON/TXLife/TXLifeResponse/OLifE/Holding/Arrangement/SourceOfFundsInfo/OLifEExtension",
															"required":false,
															"properties":{
																"Arrangement": {
																	"type":"object",
																	"id": "$JSON/TXLife/TXLifeResponse/OLifE/Holding/Arrangement/SourceOfFundsInfo/OLifEExtension/Arrangement",
																	"required":false,
																	"properties":{
																		"ArrMode": {
																			"type":"string",
																			"id": "$JSON/TXLife/TXLifeResponse/OLifE/Holding/Arrangement/SourceOfFundsInfo/OLifEExtension/Arrangement/ArrMode",
																			"required":false
																		},
																		"ModalAmt": {
																			"type":"string",
																			"id": "$JSON/TXLife/TXLifeResponse/OLifE/Holding/Arrangement/SourceOfFundsInfo/OLifEExtension/Arrangement/ModalAmt",
																			"required":false
																		},
																		"PaymentMethod": {
																			"type":"string",
																			"id": "$JSON/TXLife/TXLifeResponse/OLifE/Holding/Arrangement/SourceOfFundsInfo/OLifEExtension/Arrangement/PaymentMethod",
																			"required":false
																		}
																	}
																},
																"BillingDetail": {
																	"type":"object",
																	"id": "$JSON/TXLife/TXLifeResponse/OLifE/Holding/Arrangement/SourceOfFundsInfo/OLifEExtension/BillingDetail",
																	"required":false,
																	"properties":{
																		"BilledToDate": {
																			"type":"string",
																			"id": "$JSON/TXLife/TXLifeResponse/OLifE/Holding/Arrangement/SourceOfFundsInfo/OLifEExtension/BillingDetail/BilledToDate",
																			"required":false
																		},
																		"PaymentMode": {
																			"type":"string",
																			"id": "$JSON/TXLife/TXLifeResponse/OLifE/Holding/Arrangement/SourceOfFundsInfo/OLifEExtension/BillingDetail/PaymentMode",
																			"required":false
																		}
																	}
																},
																"Coverage": {
																	"type":"object",
																	"id": "$JSON/TXLife/TXLifeResponse/OLifE/Holding/Arrangement/SourceOfFundsInfo/OLifEExtension/Coverage",
																	"required":false,
																	"properties":{
																		"LastPaymentDate": {
																			"type":"string",
																			"id": "$JSON/TXLife/TXLifeResponse/OLifE/Holding/Arrangement/SourceOfFundsInfo/OLifEExtension/Coverage/LastPaymentDate",
																			"required":false
																		},
																		"LastPremAmt": {
																			"type":"string",
																			"id": "$JSON/TXLife/TXLifeResponse/OLifE/Holding/Arrangement/SourceOfFundsInfo/OLifEExtension/Coverage/LastPremAmt",
																			"required":false
																		}
																	}
																},
																"MoneyMovementMethod": {
																	"type":"string",
																	"id": "$JSON/TXLife/TXLifeResponse/OLifE/Holding/Arrangement/SourceOfFundsInfo/OLifEExtension/MoneyMovementMethod",
																	"required":false
																},
																"TaxClass": {
																	"type":"string",
																	"id": "$JSON/TXLife/TXLifeResponse/OLifE/Holding/Arrangement/SourceOfFundsInfo/OLifEExtension/TaxClass",
																	"required":false
																}
															}
														},
														"SourceOfFundsTC": {
															"type":"object",
															"id": "$JSON/TXLife/TXLifeResponse/OLifE/Holding/Arrangement/SourceOfFundsInfo/SourceOfFundsTC",
															"required":false,
															"properties":{
																"$": {
																	"type":"string",
																	"id": "$JSON/TXLife/TXLifeResponse/OLifE/Holding/Arrangement/SourceOfFundsInfo/SourceOfFundsTC/$",
																	"required":false
																},
																"@tc": {
																	"type":"string",
																	"id": "$JSON/TXLife/TXLifeResponse/OLifE/Holding/Arrangement/SourceOfFundsInfo/SourceOfFundsTC/@tc",
																	"required":false
																}
															}
														}
													}
												}
											}
										},
										"Banking": {
											"type":"object",
											"id": "$JSON/TXLife/TXLifeResponse/OLifE/Holding/Banking",
											"required":false,
											"properties":{
												"@AppliesToPartyID": {
													"type":"string",
													"id": "$JSON/TXLife/TXLifeResponse/OLifE/Holding/Banking/@AppliesToPartyID",
													"required":false
												},
												"@DataRep": {
													"type":"string",
													"id": "$JSON/TXLife/TXLifeResponse/OLifE/Holding/Banking/@DataRep",
													"required":false
												},
												"@FinancialInstitutionPartyID": {
													"type":"string",
													"id": "$JSON/TXLife/TXLifeResponse/OLifE/Holding/Banking/@FinancialInstitutionPartyID",
													"required":false
												},
												"@MailingAddressID": {
													"type":"string",
													"id": "$JSON/TXLife/TXLifeResponse/OLifE/Holding/Banking/@MailingAddressID",
													"required":false
												},
												"@id": {
													"type":"string",
													"id": "$JSON/TXLife/TXLifeResponse/OLifE/Holding/Banking/@id",
													"required":false
												},
												"AccountNumber": {
													"type":"string",
													"id": "$JSON/TXLife/TXLifeResponse/OLifE/Holding/Banking/AccountNumber",
													"required":false
												},
												"BankAcctType": {
													"type":"object",
													"id": "$JSON/TXLife/TXLifeResponse/OLifE/Holding/Banking/BankAcctType",
													"required":false,
													"properties":{
														"$": {
															"type":"string",
															"id": "$JSON/TXLife/TXLifeResponse/OLifE/Holding/Banking/BankAcctType/$",
															"required":false
														},
														"@tc": {
															"type":"string",
															"id": "$JSON/TXLife/TXLifeResponse/OLifE/Holding/Banking/BankAcctType/@tc",
															"required":false
														}
													}
												},
												"BankName": {
													"type":"string",
													"id": "$JSON/TXLife/TXLifeResponse/OLifE/Holding/Banking/BankName",
													"required":false
												},
												"RoutingNum": {
													"type":"string",
													"id": "$JSON/TXLife/TXLifeResponse/OLifE/Holding/Banking/RoutingNum",
													"required":false
												}
											}
										},
										"HoldingTypeCode": {
											"type":"object",
											"id": "$JSON/TXLife/TXLifeResponse/OLifE/Holding/HoldingTypeCode",
											"required":false,
											"properties":{
												"$": {
													"type":"string",
													"id": "$JSON/TXLife/TXLifeResponse/OLifE/Holding/HoldingTypeCode/$",
													"required":false
												},
												"@tc": {
													"type":"string",
													"id": "$JSON/TXLife/TXLifeResponse/OLifE/Holding/HoldingTypeCode/@tc",
													"required":false
												}
											}
										},
										"Policy": {
											"type":"object",
											"id": "$JSON/TXLife/TXLifeResponse/OLifE/Holding/Policy",
											"required":false,
											"properties":{
												"@BankHoldingID": {
													"type":"string",
													"id": "$JSON/TXLife/TXLifeResponse/OLifE/Holding/Policy/@BankHoldingID",
													"required":false
												},
												"@BankID": {
													"type":"string",
													"id": "$JSON/TXLife/TXLifeResponse/OLifE/Holding/Policy/@BankID",
													"required":false
												},
												"@CarrierPartyID": {
													"type":"string",
													"id": "$JSON/TXLife/TXLifeResponse/OLifE/Holding/Policy/@CarrierPartyID",
													"required":false
												},
												"@DataRep": {
													"type":"string",
													"id": "$JSON/TXLife/TXLifeResponse/OLifE/Holding/Policy/@DataRep",
													"required":false
												},
												"@ProductID": {
													"type":"string",
													"id": "$JSON/TXLife/TXLifeResponse/OLifE/Holding/Policy/@ProductID",
													"required":false
												},
												"@id": {
													"type":"string",
													"id": "$JSON/TXLife/TXLifeResponse/OLifE/Holding/Policy/@id",
													"required":false
												},
												"Annuity": {
													"type":"object",
													"id": "$JSON/TXLife/TXLifeResponse/OLifE/Holding/Policy/Annuity",
													"required":false,
													"properties":{
														"@DataRep": {
															"type":"string",
															"id": "$JSON/TXLife/TXLifeResponse/OLifE/Holding/Policy/Annuity/@DataRep",
															"required":false
														},
														"@id": {
															"type":"string",
															"id": "$JSON/TXLife/TXLifeResponse/OLifE/Holding/Policy/Annuity/@id",
															"required":false
														},
														"AnnuityUSA": {
															"type":"object",
															"id": "$JSON/TXLife/TXLifeResponse/OLifE/Holding/Policy/Annuity/AnnuityUSA",
															"required":false,
															"properties":{
																"@DataRep": {
																	"type":"string",
																	"id": "$JSON/TXLife/TXLifeResponse/OLifE/Holding/Policy/Annuity/AnnuityUSA/@DataRep",
																	"required":false
																},
																"@id": {
																	"type":"string",
																	"id": "$JSON/TXLife/TXLifeResponse/OLifE/Holding/Policy/Annuity/AnnuityUSA/@id",
																	"required":false
																},
																"Amount1035": {
																	"type":"string",
																	"id": "$JSON/TXLife/TXLifeResponse/OLifE/Holding/Policy/Annuity/AnnuityUSA/Amount1035",
																	"required":false
																},
																"TotalCostBasis": {
																	"type":"string",
																	"id": "$JSON/TXLife/TXLifeResponse/OLifE/Holding/Policy/Annuity/AnnuityUSA/TotalCostBasis",
																	"required":false
																}
															}
														},
														"GrossPremAmtITD": {
															"type":"string",
															"id": "$JSON/TXLife/TXLifeResponse/OLifE/Holding/Policy/Annuity/GrossPremAmtITD",
															"required":false
														},
														"GuarIntRate": {
															"type":"string",
															"id": "$JSON/TXLife/TXLifeResponse/OLifE/Holding/Policy/Annuity/GuarIntRate",
															"required":false
														},
														"InitPaymentAmt": {
															"type":"string",
															"id": "$JSON/TXLife/TXLifeResponse/OLifE/Holding/Policy/Annuity/InitPaymentAmt",
															"required":false
														},
														"LastPaidAmt": {
															"type":"string",
															"id": "$JSON/TXLife/TXLifeResponse/OLifE/Holding/Policy/Annuity/LastPaidAmt",
															"required":false
														},
														"LastPaidDate": {
															"type":"string",
															"id": "$JSON/TXLife/TXLifeResponse/OLifE/Holding/Policy/Annuity/LastPaidDate",
															"required":false
														},
														"MortalityOrMorbidityTable": {
															"type":"object",
															"id": "$JSON/TXLife/TXLifeResponse/OLifE/Holding/Policy/Annuity/MortalityOrMorbidityTable",
															"required":false,
															"properties":{
																"$": {
																	"type":"string",
																	"id": "$JSON/TXLife/TXLifeResponse/OLifE/Holding/Policy/Annuity/MortalityOrMorbidityTable/$",
																	"required":false
																},
																"@tc": {
																	"type":"string",
																	"id": "$JSON/TXLife/TXLifeResponse/OLifE/Holding/Policy/Annuity/MortalityOrMorbidityTable/@tc",
																	"required":false
																}
															}
														},
														"OLifEExtension": {
															"type":"object",
															"id": "$JSON/TXLife/TXLifeResponse/OLifE/Holding/Policy/Annuity/OLifEExtension",
															"required":false,
															"properties":{
																"AmendmentNumber": {
																	"type":"string",
																	"id": "$JSON/TXLife/TXLifeResponse/OLifE/Holding/Policy/Annuity/OLifEExtension/AmendmentNumber",
																	"required":false
																},
																"Amt1035Lmt": {
																	"type":"string",
																	"id": "$JSON/TXLife/TXLifeResponse/OLifE/Holding/Policy/Annuity/OLifEExtension/Amt1035Lmt",
																	"required":false
																},
																"NetSurrenderWithdrawAmount": {
																	"type":"string",
																	"id": "$JSON/TXLife/TXLifeResponse/OLifE/Holding/Policy/Annuity/OLifEExtension/NetSurrenderWithdrawAmount",
																	"required":false
																},
																"RemAmt1035": {
																	"type":"string",
																	"id": "$JSON/TXLife/TXLifeResponse/OLifE/Holding/Policy/Annuity/OLifEExtension/RemAmt1035",
																	"required":false
																},
																"SurrenderChargePercentage": {
																	"type":"string",
																	"id": "$JSON/TXLife/TXLifeResponse/OLifE/Holding/Policy/Annuity/OLifEExtension/SurrenderChargePercentage",
																	"required":false
																}
															}
														},
														"Payout": {
															"type":"object",
															"id": "$JSON/TXLife/TXLifeResponse/OLifE/Holding/Policy/Annuity/Payout",
															"required":false,
															"properties":{
																"@BankPartyID": {
																	"type":"string",
																	"id": "$JSON/TXLife/TXLifeResponse/OLifE/Holding/Policy/Annuity/Payout/@BankPartyID",
																	"required":false
																},
																"@BankingInfoID": {
																	"type":"string",
																	"id": "$JSON/TXLife/TXLifeResponse/OLifE/Holding/Policy/Annuity/Payout/@BankingInfoID",
																	"required":false
																},
																"@DataRep": {
																	"type":"string",
																	"id": "$JSON/TXLife/TXLifeResponse/OLifE/Holding/Policy/Annuity/Payout/@DataRep",
																	"required":false
																},
																"@id": {
																	"type":"string",
																	"id": "$JSON/TXLife/TXLifeResponse/OLifE/Holding/Policy/Annuity/Payout/@id",
																	"required":false
																},
																"AnnualIndex": {
																	"type":"string",
																	"id": "$JSON/TXLife/TXLifeResponse/OLifE/Holding/Policy/Annuity/Payout/AnnualIndex",
																	"required":false
																},
																"AssumedInterestRate": {
																	"type":"string",
																	"id": "$JSON/TXLife/TXLifeResponse/OLifE/Holding/Policy/Annuity/Payout/AssumedInterestRate",
																	"required":false
																},
																"ExclusionAmount": {
																	"type":"string",
																	"id": "$JSON/TXLife/TXLifeResponse/OLifE/Holding/Policy/Annuity/Payout/ExclusionAmount",
																	"required":false
																},
																"FederalTaxWithheld": {
																	"type":"string",
																	"id": "$JSON/TXLife/TXLifeResponse/OLifE/Holding/Policy/Annuity/Payout/FederalTaxWithheld",
																	"required":false
																},
																"GuarPayoutAmt": {
																	"type":"string",
																	"id": "$JSON/TXLife/TXLifeResponse/OLifE/Holding/Policy/Annuity/Payout/GuarPayoutAmt",
																	"required":false
																},
																"IncomeOption": {
																	"type":"object",
																	"id": "$JSON/TXLife/TXLifeResponse/OLifE/Holding/Policy/Annuity/Payout/IncomeOption",
																	"required":false,
																	"properties":{
																		"$": {
																			"type":"string",
																			"id": "$JSON/TXLife/TXLifeResponse/OLifE/Holding/Policy/Annuity/Payout/IncomeOption/$",
																			"required":false
																		},
																		"@tc": {
																			"type":"string",
																			"id": "$JSON/TXLife/TXLifeResponse/OLifE/Holding/Policy/Annuity/Payout/IncomeOption/@tc",
																			"required":false
																		}
																	}
																},
																"JurisdictionTaxWithheld": {
																	"type":"string",
																	"id": "$JSON/TXLife/TXLifeResponse/OLifE/Holding/Policy/Annuity/Payout/JurisdictionTaxWithheld",
																	"required":false
																},
																"NextPayoutDate": {
																	"type":"string",
																	"id": "$JSON/TXLife/TXLifeResponse/OLifE/Holding/Policy/Annuity/Payout/NextPayoutDate",
																	"required":false
																},
																"OLifEExtension": {
																	"type":"object",
																	"id": "$JSON/TXLife/TXLifeResponse/OLifE/Holding/Policy/Annuity/Payout/OLifEExtension",
																	"required":false,
																	"properties":{
																		"BonusRate": {
																			"type":"string",
																			"id": "$JSON/TXLife/TXLifeResponse/OLifE/Holding/Policy/Annuity/Payout/OLifEExtension/BonusRate",
																			"required":false
																		},
																		"CommutedStreamValue": {
																			"type":"string",
																			"id": "$JSON/TXLife/TXLifeResponse/OLifE/Holding/Policy/Annuity/Payout/OLifEExtension/CommutedStreamValue",
																			"required":false
																		},
																		"CommutedValueAsOf": {
																			"type":"string",
																			"id": "$JSON/TXLife/TXLifeResponse/OLifE/Holding/Policy/Annuity/Payout/OLifEExtension/CommutedValueAsOf",
																			"required":false
																		},
																		"CostOfLivingAllowanceAmount": {
																			"type":"string",
																			"id": "$JSON/TXLife/TXLifeResponse/OLifE/Holding/Policy/Annuity/Payout/OLifEExtension/CostOfLivingAllowanceAmount",
																			"required":false
																		},
																		"GainAmt": {
																			"type":"string",
																			"id": "$JSON/TXLife/TXLifeResponse/OLifE/Holding/Policy/Annuity/Payout/OLifEExtension/GainAmt",
																			"required":false
																		},
																		"GuaranteedMinimumRate": {
																			"type":"string",
																			"id": "$JSON/TXLife/TXLifeResponse/OLifE/Holding/Policy/Annuity/Payout/OLifEExtension/GuaranteedMinimumRate",
																			"required":false
																		},
																		"LastWithdrawalAmount": {
																			"type":"string",
																			"id": "$JSON/TXLife/TXLifeResponse/OLifE/Holding/Policy/Annuity/Payout/OLifEExtension/LastWithdrawalAmount",
																			"required":false
																		},
																		"LastWithdrawalDate": {
																			"type":"string",
																			"id": "$JSON/TXLife/TXLifeResponse/OLifE/Holding/Policy/Annuity/Payout/OLifEExtension/LastWithdrawalDate",
																			"required":false
																		},
																		"NumberOfPaymentMade": {
																			"type":"string",
																			"id": "$JSON/TXLife/TXLifeResponse/OLifE/Holding/Policy/Annuity/Payout/OLifEExtension/NumberOfPaymentMade",
																			"required":false
																		},
																		"NumberOfPaymentRemaining": {
																			"type":"string",
																			"id": "$JSON/TXLife/TXLifeResponse/OLifE/Holding/Policy/Annuity/Payout/OLifEExtension/NumberOfPaymentRemaining",
																			"required":false
																		},
																		"TotalFedralWithholdingAmount": {
																			"type":"string",
																			"id": "$JSON/TXLife/TXLifeResponse/OLifE/Holding/Policy/Annuity/Payout/OLifEExtension/TotalFedralWithholdingAmount",
																			"required":false
																		},
																		"VariableExclusionAmount": {
																			"type":"string",
																			"id": "$JSON/TXLife/TXLifeResponse/OLifE/Holding/Policy/Annuity/Payout/OLifEExtension/VariableExclusionAmount",
																			"required":false
																		}
																	}
																},
																"PayoutAmt": {
																	"type":"string",
																	"id": "$JSON/TXLife/TXLifeResponse/OLifE/Holding/Policy/Annuity/Payout/PayoutAmt",
																	"required":false
																},
																"PayoutEndDate": {
																	"type":"string",
																	"id": "$JSON/TXLife/TXLifeResponse/OLifE/Holding/Policy/Annuity/Payout/PayoutEndDate",
																	"required":false
																},
																"PayoutForm": {
																	"type":"object",
																	"id": "$JSON/TXLife/TXLifeResponse/OLifE/Holding/Policy/Annuity/Payout/PayoutForm",
																	"required":false,
																	"properties":{
																		"$": {
																			"type":"string",
																			"id": "$JSON/TXLife/TXLifeResponse/OLifE/Holding/Policy/Annuity/Payout/PayoutForm/$",
																			"required":false
																		},
																		"@tc": {
																			"type":"string",
																			"id": "$JSON/TXLife/TXLifeResponse/OLifE/Holding/Policy/Annuity/Payout/PayoutForm/@tc",
																			"required":false
																		}
																	}
																},
																"PayoutMode": {
																	"type":"object",
																	"id": "$JSON/TXLife/TXLifeResponse/OLifE/Holding/Policy/Annuity/Payout/PayoutMode",
																	"required":false,
																	"properties":{
																		"$": {
																			"type":"string",
																			"id": "$JSON/TXLife/TXLifeResponse/OLifE/Holding/Policy/Annuity/Payout/PayoutMode/$",
																			"required":false
																		},
																		"@tc": {
																			"type":"string",
																			"id": "$JSON/TXLife/TXLifeResponse/OLifE/Holding/Policy/Annuity/Payout/PayoutMode/@tc",
																			"required":false
																		}
																	}
																},
																"PayoutPct": {
																	"type":"string",
																	"id": "$JSON/TXLife/TXLifeResponse/OLifE/Holding/Policy/Annuity/Payout/PayoutPct",
																	"required":false
																},
																"PayoutTaxableAmt": {
																	"type":"string",
																	"id": "$JSON/TXLife/TXLifeResponse/OLifE/Holding/Policy/Annuity/Payout/PayoutTaxableAmt",
																	"required":false
																},
																"PeriodCertainPeriods": {
																	"type":"string",
																	"id": "$JSON/TXLife/TXLifeResponse/OLifE/Holding/Policy/Annuity/Payout/PeriodCertainPeriods",
																	"required":false
																},
																"StartDate": {
																	"type":"string",
																	"id": "$JSON/TXLife/TXLifeResponse/OLifE/Holding/Policy/Annuity/Payout/StartDate",
																	"required":false
																},
																"TaxWithheldInd": {
																	"type":"object",
																	"id": "$JSON/TXLife/TXLifeResponse/OLifE/Holding/Policy/Annuity/Payout/TaxWithheldInd",
																	"required":false,
																	"properties":{
																		"$": {
																			"type":"string",
																			"id": "$JSON/TXLife/TXLifeResponse/OLifE/Holding/Policy/Annuity/Payout/TaxWithheldInd/$",
																			"required":false
																		},
																		"@tc": {
																			"type":"string",
																			"id": "$JSON/TXLife/TXLifeResponse/OLifE/Holding/Policy/Annuity/Payout/TaxWithheldInd/@tc",
																			"required":false
																		}
																	}
																},
																"TaxWithholding": {
																	"type":"object",
																	"id": "$JSON/TXLife/TXLifeResponse/OLifE/Holding/Policy/Annuity/Payout/TaxWithholding",
																	"required":false,
																	"properties":{
																		"@AppliesToPartyID": {
																			"type":"string",
																			"id": "$JSON/TXLife/TXLifeResponse/OLifE/Holding/Policy/Annuity/Payout/TaxWithholding/@AppliesToPartyID",
																			"required":false
																		},
																		"@DataRep": {
																			"type":"string",
																			"id": "$JSON/TXLife/TXLifeResponse/OLifE/Holding/Policy/Annuity/Payout/TaxWithholding/@DataRep",
																			"required":false
																		},
																		"@id": {
																			"type":"string",
																			"id": "$JSON/TXLife/TXLifeResponse/OLifE/Holding/Policy/Annuity/Payout/TaxWithholding/@id",
																			"required":false
																		},
																		"OLifEExtension": {
																			"type":"object",
																			"id": "$JSON/TXLife/TXLifeResponse/OLifE/Holding/Policy/Annuity/Payout/TaxWithholding/OLifEExtension",
																			"required":false,
																			"properties":{
																				"FederalTaxExemptions": {
																					"type":"string",
																					"id": "$JSON/TXLife/TXLifeResponse/OLifE/Holding/Policy/Annuity/Payout/TaxWithholding/OLifEExtension/FederalTaxExemptions",
																					"required":false
																				},
																				"FederalTaxFilingStatus": {
																					"type":"string",
																					"id": "$JSON/TXLife/TXLifeResponse/OLifE/Holding/Policy/Annuity/Payout/TaxWithholding/OLifEExtension/FederalTaxFilingStatus",
																					"required":false
																				},
																				"StateTaxExemptions": {
																					"type":"string",
																					"id": "$JSON/TXLife/TXLifeResponse/OLifE/Holding/Policy/Annuity/Payout/TaxWithholding/OLifEExtension/StateTaxExemptions",
																					"required":false
																				},
																				"StateTaxFilingStatus": {
																					"type":"string",
																					"id": "$JSON/TXLife/TXLifeResponse/OLifE/Holding/Policy/Annuity/Payout/TaxWithholding/OLifEExtension/StateTaxFilingStatus",
																					"required":false
																				},
																				"StateTaxWithHodingPercentage": {
																					"type":"string",
																					"id": "$JSON/TXLife/TXLifeResponse/OLifE/Holding/Policy/Annuity/Payout/TaxWithholding/OLifEExtension/StateTaxWithHodingPercentage",
																					"required":false
																				},
																				"StateTaxWithHoldingMethod": {
																					"type":"string",
																					"id": "$JSON/TXLife/TXLifeResponse/OLifE/Holding/Policy/Annuity/Payout/TaxWithholding/OLifEExtension/StateTaxWithHoldingMethod",
																					"required":false
																				},
																				"TaxWithHoldingCountryCodeNRA": {
																					"type":"string",
																					"id": "$JSON/TXLife/TXLifeResponse/OLifE/Holding/Policy/Annuity/Payout/TaxWithholding/OLifEExtension/TaxWithHoldingCountryCodeNRA",
																					"required":false
																				},
																				"TaxWithHoldingStateCode": {
																					"type":"string",
																					"id": "$JSON/TXLife/TXLifeResponse/OLifE/Holding/Policy/Annuity/Payout/TaxWithholding/OLifEExtension/TaxWithHoldingStateCode",
																					"required":false
																				},
																				"TaxableToRole": {
																					"type":"string",
																					"id": "$JSON/TXLife/TXLifeResponse/OLifE/Holding/Policy/Annuity/Payout/TaxWithholding/OLifEExtension/TaxableToRole",
																					"required":false
																				},
																				"W8ReceiptDate": {
																					"type":"string",
																					"id": "$JSON/TXLife/TXLifeResponse/OLifE/Holding/Policy/Annuity/Payout/TaxWithholding/OLifEExtension/W8ReceiptDate",
																					"required":false
																				},
																				"W8Status": {
																					"type":"string",
																					"id": "$JSON/TXLife/TXLifeResponse/OLifE/Holding/Policy/Annuity/Payout/TaxWithholding/OLifEExtension/W8Status",
																					"required":false
																				}
																			}
																		},
																		"TaxJurisdiction": {
																			"type":"object",
																			"id": "$JSON/TXLife/TXLifeResponse/OLifE/Holding/Policy/Annuity/Payout/TaxWithholding/TaxJurisdiction",
																			"required":false,
																			"properties":{
																				"$": {
																					"type":"string",
																					"id": "$JSON/TXLife/TXLifeResponse/OLifE/Holding/Policy/Annuity/Payout/TaxWithholding/TaxJurisdiction/$",
																					"required":false
																				},
																				"@tc": {
																					"type":"string",
																					"id": "$JSON/TXLife/TXLifeResponse/OLifE/Holding/Policy/Annuity/Payout/TaxWithholding/TaxJurisdiction/@tc",
																					"required":false
																				}
																			}
																		},
																		"TaxNation": {
																			"type":"object",
																			"id": "$JSON/TXLife/TXLifeResponse/OLifE/Holding/Policy/Annuity/Payout/TaxWithholding/TaxNation",
																			"required":false,
																			"properties":{
																				"$": {
																					"type":"string",
																					"id": "$JSON/TXLife/TXLifeResponse/OLifE/Holding/Policy/Annuity/Payout/TaxWithholding/TaxNation/$",
																					"required":false
																				},
																				"@tc": {
																					"type":"string",
																					"id": "$JSON/TXLife/TXLifeResponse/OLifE/Holding/Policy/Annuity/Payout/TaxWithholding/TaxNation/@tc",
																					"required":false
																				}
																			}
																		}
																	}
																}
															}
														},
														"QualPlanType": {
															"type":"object",
															"id": "$JSON/TXLife/TXLifeResponse/OLifE/Holding/Policy/Annuity/QualPlanType",
															"required":false,
															"properties":{
																"$": {
																	"type":"string",
																	"id": "$JSON/TXLife/TXLifeResponse/OLifE/Holding/Policy/Annuity/QualPlanType/$",
																	"required":false
																},
																"@tc": {
																	"type":"string",
																	"id": "$JSON/TXLife/TXLifeResponse/OLifE/Holding/Policy/Annuity/QualPlanType/@tc",
																	"required":false
																}
															}
														},
														"SurrenderCharge": {
															"type":"string",
															"id": "$JSON/TXLife/TXLifeResponse/OLifE/Holding/Policy/Annuity/SurrenderCharge",
															"required":false
														},
														"SurrenderValue": {
															"type":"string",
															"id": "$JSON/TXLife/TXLifeResponse/OLifE/Holding/Policy/Annuity/SurrenderValue",
															"required":false
														}
													}
												},
												"ApplicationInfo": {
													"type":"object",
													"id": "$JSON/TXLife/TXLifeResponse/OLifE/Holding/Policy/ApplicationInfo",
													"required":false,
													"properties":{
														"@CasePartyID": {
															"type":"string",
															"id": "$JSON/TXLife/TXLifeResponse/OLifE/Holding/Policy/ApplicationInfo/@CasePartyID",
															"required":false
														},
														"@DataRep": {
															"type":"string",
															"id": "$JSON/TXLife/TXLifeResponse/OLifE/Holding/Policy/ApplicationInfo/@DataRep",
															"required":false
														},
														"@ReqPolicyDeliverToPartyID": {
															"type":"string",
															"id": "$JSON/TXLife/TXLifeResponse/OLifE/Holding/Policy/ApplicationInfo/@ReqPolicyDeliverToPartyID",
															"required":false
														},
														"@id": {
															"type":"string",
															"id": "$JSON/TXLife/TXLifeResponse/OLifE/Holding/Policy/ApplicationInfo/@id",
															"required":false
														},
														"ApplicationCollectionDate": {
															"type":"string",
															"id": "$JSON/TXLife/TXLifeResponse/OLifE/Holding/Policy/ApplicationInfo/ApplicationCollectionDate",
															"required":false
														},
														"ApplicationJurisdiction": {
															"type":"object",
															"id": "$JSON/TXLife/TXLifeResponse/OLifE/Holding/Policy/ApplicationInfo/ApplicationJurisdiction",
															"required":false,
															"properties":{
																"$": {
																	"type":"string",
																	"id": "$JSON/TXLife/TXLifeResponse/OLifE/Holding/Policy/ApplicationInfo/ApplicationJurisdiction/$",
																	"required":false
																},
																"@tc": {
																	"type":"string",
																	"id": "$JSON/TXLife/TXLifeResponse/OLifE/Holding/Policy/ApplicationInfo/ApplicationJurisdiction/@tc",
																	"required":false
																}
															}
														},
														"CWAAmt": {
															"type":"string",
															"id": "$JSON/TXLife/TXLifeResponse/OLifE/Holding/Policy/ApplicationInfo/CWAAmt",
															"required":false
														},
														"OLifEExtension": {
															"type":"object",
															"id": "$JSON/TXLife/TXLifeResponse/OLifE/Holding/Policy/ApplicationInfo/OLifEExtension",
															"required":false,
															"properties":{
																"ApplicationStatus": {
																	"type":"string",
																	"id": "$JSON/TXLife/TXLifeResponse/OLifE/Holding/Policy/ApplicationInfo/OLifEExtension/ApplicationStatus",
																	"required":false
																},
																"QuoteLockDate": {
																	"type":"string",
																	"id": "$JSON/TXLife/TXLifeResponse/OLifE/Holding/Policy/ApplicationInfo/OLifEExtension/QuoteLockDate",
																	"required":false
																}
															}
														},
														"SubmissionDate": {
															"type":"string",
															"id": "$JSON/TXLife/TXLifeResponse/OLifE/Holding/Policy/ApplicationInfo/SubmissionDate",
															"required":false
														},
														"TrackingID": {
															"type":"string",
															"id": "$JSON/TXLife/TXLifeResponse/OLifE/Holding/Policy/ApplicationInfo/TrackingID",
															"required":false
														}
													}
												},
												"CarrierCode": {
													"type":"string",
													"id": "$JSON/TXLife/TXLifeResponse/OLifE/Holding/Policy/CarrierCode",
													"required":false
												},
												"EffDate": {
													"type":"string",
													"id": "$JSON/TXLife/TXLifeResponse/OLifE/Holding/Policy/EffDate",
													"required":false
												},
												"EffPartialDate": {
													"type":"string",
													"id": "$JSON/TXLife/TXLifeResponse/OLifE/Holding/Policy/EffPartialDate",
													"required":false
												},
												"FinancialActivity": {
													"type":"object",
													"id": "$JSON/TXLife/TXLifeResponse/OLifE/Holding/Policy/FinancialActivity",
													"required":false,
													"properties":{
														"@AppliesToCoverageID": {
															"type":"string",
															"id": "$JSON/TXLife/TXLifeResponse/OLifE/Holding/Policy/FinancialActivity/@AppliesToCoverageID",
															"required":false
														},
														"@ArrangementRefID": {
															"type":"string",
															"id": "$JSON/TXLife/TXLifeResponse/OLifE/Holding/Policy/FinancialActivity/@ArrangementRefID",
															"required":false
														},
														"@DataRep": {
															"type":"string",
															"id": "$JSON/TXLife/TXLifeResponse/OLifE/Holding/Policy/FinancialActivity/@DataRep",
															"required":false
														},
														"@ReversalFinancialActivityID": {
															"type":"string",
															"id": "$JSON/TXLife/TXLifeResponse/OLifE/Holding/Policy/FinancialActivity/@ReversalFinancialActivityID",
															"required":false
														},
														"@id": {
															"type":"string",
															"id": "$JSON/TXLife/TXLifeResponse/OLifE/Holding/Policy/FinancialActivity/@id",
															"required":false
														},
														"FinActivityDate": {
															"type":"string",
															"id": "$JSON/TXLife/TXLifeResponse/OLifE/Holding/Policy/FinancialActivity/FinActivityDate",
															"required":false
														},
														"FinActivityGrossAmt": {
															"type":"string",
															"id": "$JSON/TXLife/TXLifeResponse/OLifE/Holding/Policy/FinancialActivity/FinActivityGrossAmt",
															"required":false
														},
														"FinActivityNetAmt": {
															"type":"string",
															"id": "$JSON/TXLife/TXLifeResponse/OLifE/Holding/Policy/FinancialActivity/FinActivityNetAmt",
															"required":false
														},
														"FinActivityStatus": {
															"type":"object",
															"id": "$JSON/TXLife/TXLifeResponse/OLifE/Holding/Policy/FinancialActivity/FinActivityStatus",
															"required":false,
															"properties":{
																"$": {
																	"type":"string",
																	"id": "$JSON/TXLife/TXLifeResponse/OLifE/Holding/Policy/FinancialActivity/FinActivityStatus/$",
																	"required":false
																},
																"@tc": {
																	"type":"string",
																	"id": "$JSON/TXLife/TXLifeResponse/OLifE/Holding/Policy/FinancialActivity/FinActivityStatus/@tc",
																	"required":false
																}
															}
														},
														"FinActivityType": {
															"type":"object",
															"id": "$JSON/TXLife/TXLifeResponse/OLifE/Holding/Policy/FinancialActivity/FinActivityType",
															"required":false,
															"properties":{
																"$": {
																	"type":"string",
																	"id": "$JSON/TXLife/TXLifeResponse/OLifE/Holding/Policy/FinancialActivity/FinActivityType/$",
																	"required":false
																},
																"@tc": {
																	"type":"string",
																	"id": "$JSON/TXLife/TXLifeResponse/OLifE/Holding/Policy/FinancialActivity/FinActivityType/@tc",
																	"required":false
																}
															}
														},
														"FinEffDate": {
															"type":"string",
															"id": "$JSON/TXLife/TXLifeResponse/OLifE/Holding/Policy/FinancialActivity/FinEffDate",
															"required":false
														},
														"OLifEExtension": {
															"type":"object",
															"id": "$JSON/TXLife/TXLifeResponse/OLifE/Holding/Policy/FinancialActivity/OLifEExtension",
															"required":false,
															"properties":{
																"TransactionErrorDescription": {
																	"type":"string",
																	"id": "$JSON/TXLife/TXLifeResponse/OLifE/Holding/Policy/FinancialActivity/OLifEExtension/TransactionErrorDescription",
																	"required":false
																},
																"TransactionModifyDate": {
																	"type":"string",
																	"id": "$JSON/TXLife/TXLifeResponse/OLifE/Holding/Policy/FinancialActivity/OLifEExtension/TransactionModifyDate",
																	"required":false
																}
															}
														},
														"OrderDate": {
															"type":"string",
															"id": "$JSON/TXLife/TXLifeResponse/OLifE/Holding/Policy/FinancialActivity/OrderDate",
															"required":false
														},
														"Payment": {
															"type":"array",
															"id": "$JSON/TXLife/TXLifeResponse/OLifE/Holding/Policy/FinancialActivity/Payment",
															"required":false,
															"items":
																{
																	"type":"string",
																	"id": "$JSON/TXLife/TXLifeResponse/OLifE/Holding/Policy/FinancialActivity/Payment/0",
																	"required":false
																}
															

														},
														"SettlementDate": {
															"type":"string",
															"id": "$JSON/TXLife/TXLifeResponse/OLifE/Holding/Policy/FinancialActivity/SettlementDate",
															"required":false
														}
													}
												},
												"IssueDate": {
													"type":"string",
													"id": "$JSON/TXLife/TXLifeResponse/OLifE/Holding/Policy/IssueDate",
													"required":false
												},
												"Jurisdiction": {
													"type":"object",
													"id": "$JSON/TXLife/TXLifeResponse/OLifE/Holding/Policy/Jurisdiction",
													"required":false,
													"properties":{
														"$": {
															"type":"string",
															"id": "$JSON/TXLife/TXLifeResponse/OLifE/Holding/Policy/Jurisdiction/$",
															"required":false
														},
														"@tc": {
															"type":"string",
															"id": "$JSON/TXLife/TXLifeResponse/OLifE/Holding/Policy/Jurisdiction/@tc",
															"required":false
														}
													}
												},
												"LineOfBusiness": {
													"type":"object",
													"id": "$JSON/TXLife/TXLifeResponse/OLifE/Holding/Policy/LineOfBusiness",
													"required":false,
													"properties":{
														"$": {
															"type":"string",
															"id": "$JSON/TXLife/TXLifeResponse/OLifE/Holding/Policy/LineOfBusiness/$",
															"required":false
														},
														"@tc": {
															"type":"string",
															"id": "$JSON/TXLife/TXLifeResponse/OLifE/Holding/Policy/LineOfBusiness/@tc",
															"required":false
														}
													}
												},
												"OLifEExtension": {
													"type":"object",
													"id": "$JSON/TXLife/TXLifeResponse/OLifE/Holding/Policy/OLifEExtension",
													"required":false,
													"properties":{
														"BonusRatePercentage": {
															"type":"string",
															"id": "$JSON/TXLife/TXLifeResponse/OLifE/Holding/Policy/OLifEExtension/BonusRatePercentage",
															"required":false
														},
														"ContractInterestRatePercentage": {
															"type":"string",
															"id": "$JSON/TXLife/TXLifeResponse/OLifE/Holding/Policy/OLifEExtension/ContractInterestRatePercentage",
															"required":false
														},
														"CurrentAnnuityRate": {
															"type":"string",
															"id": "$JSON/TXLife/TXLifeResponse/OLifE/Holding/Policy/OLifEExtension/CurrentAnnuityRate",
															"required":false
														},
														"FELR": {
															"type":"array",
															"id": "$JSON/TXLife/TXLifeResponse/OLifE/Holding/Policy/OLifEExtension/FELR",
															"required":false
														},
														"GuaranteedInterestIndicator": {
															"type":"string",
															"id": "$JSON/TXLife/TXLifeResponse/OLifE/Holding/Policy/OLifEExtension/GuaranteedInterestIndicator",
															"required":false
														},
														"GuaranteedInterestRatePercentage": {
															"type":"string",
															"id": "$JSON/TXLife/TXLifeResponse/OLifE/Holding/Policy/OLifEExtension/GuaranteedInterestRatePercentage",
															"required":false
														},
														"MaxFreeWithdrawalPercentage": {
															"type":"string",
															"id": "$JSON/TXLife/TXLifeResponse/OLifE/Holding/Policy/OLifEExtension/MaxFreeWithdrawalPercentage",
															"required":false
														},
														"ModePremiumAmount": {
															"type":"string",
															"id": "$JSON/TXLife/TXLifeResponse/OLifE/Holding/Policy/OLifEExtension/ModePremiumAmount",
															"required":false
														},
														"RisingIncomePrivilegePercentage": {
															"type":"string",
															"id": "$JSON/TXLife/TXLifeResponse/OLifE/Holding/Policy/OLifEExtension/RisingIncomePrivilegePercentage",
															"required":false
														},
														"TotalCashValueAmount": {
															"type":"string",
															"id": "$JSON/TXLife/TXLifeResponse/OLifE/Holding/Policy/OLifEExtension/TotalCashValueAmount",
															"required":false
														}
													}
												},
												"PlanName": {
													"type":"string",
													"id": "$JSON/TXLife/TXLifeResponse/OLifE/Holding/Policy/PlanName",
													"required":false
												},
												"PolNumber": {
													"type":"string",
													"id": "$JSON/TXLife/TXLifeResponse/OLifE/Holding/Policy/PolNumber",
													"required":false
												},
												"PolicyStatus": {
													"type":"object",
													"id": "$JSON/TXLife/TXLifeResponse/OLifE/Holding/Policy/PolicyStatus",
													"required":false,
													"properties":{
														"$": {
															"type":"string",
															"id": "$JSON/TXLife/TXLifeResponse/OLifE/Holding/Policy/PolicyStatus/$",
															"required":false
														},
														"@tc": {
															"type":"string",
															"id": "$JSON/TXLife/TXLifeResponse/OLifE/Holding/Policy/PolicyStatus/@tc",
															"required":false
														}
													}
												},
												"PolicyValue": {
													"type":"string",
													"id": "$JSON/TXLife/TXLifeResponse/OLifE/Holding/Policy/PolicyValue",
													"required":false
												},
												"PriorPolNumber": {
													"type":"string",
													"id": "$JSON/TXLife/TXLifeResponse/OLifE/Holding/Policy/PriorPolNumber",
													"required":false
												},
												"ProductCode": {
													"type":"string",
													"id": "$JSON/TXLife/TXLifeResponse/OLifE/Holding/Policy/ProductCode",
													"required":false
												},
												"ProductType": {
													"type":"object",
													"id": "$JSON/TXLife/TXLifeResponse/OLifE/Holding/Policy/ProductType",
													"required":false,
													"properties":{
														"$": {
															"type":"string",
															"id": "$JSON/TXLife/TXLifeResponse/OLifE/Holding/Policy/ProductType/$",
															"required":false
														},
														"@tc": {
															"type":"string",
															"id": "$JSON/TXLife/TXLifeResponse/OLifE/Holding/Policy/ProductType/@tc",
															"required":false
														}
													}
												},
												"RequirementInfo": {
													"type":"object",
													"id": "$JSON/TXLife/TXLifeResponse/OLifE/Holding/Policy/RequirementInfo",
													"required":false,
													"properties":{
														"@AppliesToParticipantID": {
															"type":"string",
															"id": "$JSON/TXLife/TXLifeResponse/OLifE/Holding/Policy/RequirementInfo/@AppliesToParticipantID",
															"required":false
														},
														"@AppliesToPartyID": {
															"type":"string",
															"id": "$JSON/TXLife/TXLifeResponse/OLifE/Holding/Policy/RequirementInfo/@AppliesToPartyID",
															"required":false
														},
														"@DataRep": {
															"type":"string",
															"id": "$JSON/TXLife/TXLifeResponse/OLifE/Holding/Policy/RequirementInfo/@DataRep",
															"required":false
														},
														"@FacilityPartyID": {
															"type":"string",
															"id": "$JSON/TXLife/TXLifeResponse/OLifE/Holding/Policy/RequirementInfo/@FacilityPartyID",
															"required":false
														},
														"@FulfillerPartyID": {
															"type":"string",
															"id": "$JSON/TXLife/TXLifeResponse/OLifE/Holding/Policy/RequirementInfo/@FulfillerPartyID",
															"required":false
														},
														"@PhysicianPartyID": {
															"type":"string",
															"id": "$JSON/TXLife/TXLifeResponse/OLifE/Holding/Policy/RequirementInfo/@PhysicianPartyID",
															"required":false
														},
														"@ReceivedPartyID": {
															"type":"string",
															"id": "$JSON/TXLife/TXLifeResponse/OLifE/Holding/Policy/RequirementInfo/@ReceivedPartyID",
															"required":false
														},
														"@ReferredPartyID": {
															"type":"string",
															"id": "$JSON/TXLife/TXLifeResponse/OLifE/Holding/Policy/RequirementInfo/@ReferredPartyID",
															"required":false
														},
														"@RequestedAddressId": {
															"type":"string",
															"id": "$JSON/TXLife/TXLifeResponse/OLifE/Holding/Policy/RequirementInfo/@RequestedAddressId",
															"required":false
														},
														"@RequesterPartyID": {
															"type":"string",
															"id": "$JSON/TXLife/TXLifeResponse/OLifE/Holding/Policy/RequirementInfo/@RequesterPartyID",
															"required":false
														},
														"@RequestorContactPartyID": {
															"type":"string",
															"id": "$JSON/TXLife/TXLifeResponse/OLifE/Holding/Policy/RequirementInfo/@RequestorContactPartyID",
															"required":false
														},
														"@id": {
															"type":"string",
															"id": "$JSON/TXLife/TXLifeResponse/OLifE/Holding/Policy/RequirementInfo/@id",
															"required":false
														},
														"ProviderServiceCode": {
															"type":"string",
															"id": "$JSON/TXLife/TXLifeResponse/OLifE/Holding/Policy/RequirementInfo/ProviderServiceCode",
															"required":false
														},
														"ReqStatus": {
															"type":"object",
															"id": "$JSON/TXLife/TXLifeResponse/OLifE/Holding/Policy/RequirementInfo/ReqStatus",
															"required":false,
															"properties":{
																"$": {
																	"type":"string",
																	"id": "$JSON/TXLife/TXLifeResponse/OLifE/Holding/Policy/RequirementInfo/ReqStatus/$",
																	"required":false
																},
																"@tc": {
																	"type":"string",
																	"id": "$JSON/TXLife/TXLifeResponse/OLifE/Holding/Policy/RequirementInfo/ReqStatus/@tc",
																	"required":false
																}
															}
														},
														"RequestedDate": {
															"type":"string",
															"id": "$JSON/TXLife/TXLifeResponse/OLifE/Holding/Policy/RequirementInfo/RequestedDate",
															"required":false
														},
														"RequirementDetails": {
															"type":"string",
															"id": "$JSON/TXLife/TXLifeResponse/OLifE/Holding/Policy/RequirementInfo/RequirementDetails",
															"required":false
														}
													}
												},
												"TermDate": {
													"type":"string",
													"id": "$JSON/TXLife/TXLifeResponse/OLifE/Holding/Policy/TermDate",
													"required":false
												}
											}
										}
									}
								},
								"Party": {
									"type":"array",
									"id": "$JSON/TXLife/TXLifeResponse/OLifE/Party",
									"required":false,
									"properties":{
										"@DataRep": {
											"type":"string",
											"id": "$JSON/TXLife/TXLifeResponse/OLifE/Party/@DataRep",
											"required":false
										},
										"@id": {
											"type":"string",
											"id": "$JSON/TXLife/TXLifeResponse/OLifE/Party/@id",
											"required":false
										},
										"Address": {
											"type":"object",
											"id": "$JSON/TXLife/TXLifeResponse/OLifE/Party/Address",
											"required":false,
											"properties":{
												"@DataRep": {
													"type":"string",
													"id": "$JSON/TXLife/TXLifeResponse/OLifE/Party/Address/@DataRep",
													"required":false
												},
												"@id": {
													"type":"string",
													"id": "$JSON/TXLife/TXLifeResponse/OLifE/Party/Address/@id",
													"required":false
												},
												"AddressCountry": {
													"type":"string",
													"id": "$JSON/TXLife/TXLifeResponse/OLifE/Party/Address/AddressCountry",
													"required":false
												},
												"AddressStateTC": {
													"type":"object",
													"id": "$JSON/TXLife/TXLifeResponse/OLifE/Party/Address/AddressStateTC",
													"required":false,
													"properties":{
														"$": {
															"type":"string",
															"id": "$JSON/TXLife/TXLifeResponse/OLifE/Party/Address/AddressStateTC/$",
															"required":false
														},
														"@tc": {
															"type":"string",
															"id": "$JSON/TXLife/TXLifeResponse/OLifE/Party/Address/AddressStateTC/@tc",
															"required":false
														}
													}
												},
												"AddressState": {
													"type":"string",
													"id": "$JSON/TXLife/TXLifeResponse/OLifE/Party/Address/AddressState",
													"required":false
												},
												"AddressTypeCode": {
													"type":"object",
													"id": "$JSON/TXLife/TXLifeResponse/OLifE/Party/Address/AddressTypeCode",
													"required":false,
													"properties":{
														"$": {
															"type":"string",
															"id": "$JSON/TXLife/TXLifeResponse/OLifE/Party/Address/AddressTypeCode/$",
															"required":false
														},
														"@tc": {
															"type":"string",
															"id": "$JSON/TXLife/TXLifeResponse/OLifE/Party/Address/AddressTypeCode/@tc",
															"required":false
														}
													}
												},
												"City": {
													"type":"string",
													"id": "$JSON/TXLife/TXLifeResponse/OLifE/Party/Address/City",
													"required":false
												},
												"Line1": {
													"type":"string",
													"id": "$JSON/TXLife/TXLifeResponse/OLifE/Party/Address/Line1",
													"required":false
												},
												"Line2": {
													"type":"string",
													"id": "$JSON/TXLife/TXLifeResponse/OLifE/Party/Address/Line2",
													"required":false
												},
												"Line3": {
													"type":"string",
													"id": "$JSON/TXLife/TXLifeResponse/OLifE/Party/Address/Line3",
													"required":false
												},
												"PostalCarrierRouteCode": {
													"type":"string",
													"id": "$JSON/TXLife/TXLifeResponse/OLifE/Party/Address/PostalCarrierRouteCode",
													"required":false
												},
												"StartDate": {
													"type":"string",
													"id": "$JSON/TXLife/TXLifeResponse/OLifE/Party/Address/StartDate",
													"required":false
												},
												"Zip": {
													"type":"string",
													"id": "$JSON/TXLife/TXLifeResponse/OLifE/Party/Address/Zip",
													"required":false
												}
											}
										},
										"EMailAddress": {
											"type":"object",
											"id": "$JSON/TXLife/TXLifeResponse/OLifE/Party/EMailAddress",
											"required":false,
											"properties":{
												"@DataRep": {
													"type":"string",
													"id": "$JSON/TXLife/TXLifeResponse/OLifE/Party/EMailAddress/@DataRep",
													"required":false
												},
												"@id": {
													"type":"string",
													"id": "$JSON/TXLife/TXLifeResponse/OLifE/Party/EMailAddress/@id",
													"required":false
												},
												"AddrLine": {
													"type":"string",
													"id": "$JSON/TXLife/TXLifeResponse/OLifE/Party/EMailAddress/AddrLine",
													"required":false
												}
											}
										},
										"Employment": {
											"type":"object",
											"id": "$JSON/TXLife/TXLifeResponse/OLifE/Party/Employment",
											"required":false,
											"properties":{
												"@DataRep": {
													"type":"string",
													"id": "$JSON/TXLife/TXLifeResponse/OLifE/Party/Employment/@DataRep",
													"required":false
												},
												"@EmployerPartyID": {
													"type":"string",
													"id": "$JSON/TXLife/TXLifeResponse/OLifE/Party/Employment/@EmployerPartyID",
													"required":false
												},
												"@id": {
													"type":"string",
													"id": "$JSON/TXLife/TXLifeResponse/OLifE/Party/Employment/@id",
													"required":false
												},
												"EmployeeID": {
													"type":"string",
													"id": "$JSON/TXLife/TXLifeResponse/OLifE/Party/Employment/EmployeeID",
													"required":false
												},
												"OLifEExtension": {
													"type":"object",
													"id": "$JSON/TXLife/TXLifeResponse/OLifE/Party/Employment/OLifEExtension",
													"required":false,
													"properties":{
														"EmployeeLoginID": {
															"type":"string",
															"id": "$JSON/TXLife/TXLifeResponse/OLifE/Party/Employment/OLifEExtension/EmployeeLoginID",
															"required":false
														}
													}
												}
											}
										},
										"FullName": {
											"type":"string",
											"id": "$JSON/TXLife/TXLifeResponse/OLifE/Party/FullName",
											"required":false
										},
										"GovtID": {
											"type":"string",
											"id": "$JSON/TXLife/TXLifeResponse/OLifE/Party/GovtID",
											"required":false
										},
										"IDReferenceNo": {
											"type":"string",
											"id": "$JSON/TXLife/TXLifeResponse/OLifE/Party/IDReferenceNo",
											"required":false
										},
										"OLifEExtension": {
											"type":"object",
											"id": "$JSON/TXLife/TXLifeResponse/OLifE/Party/OLifEExtension",
											"required":false,
											"properties":{
												"MoneyMovementMethod": {
													"type":"string",
													"id": "$JSON/TXLife/TXLifeResponse/OLifE/Party/OLifEExtension/MoneyMovementMethod",
													"required":false
												}
											}
										},
										"PartyTypeCode": {
											"type":"object",
											"id": "$JSON/TXLife/TXLifeResponse/OLifE/Party/PartyTypeCode",
											"required":false,
											"properties":{
												"$": {
													"type":"string",
													"id": "$JSON/TXLife/TXLifeResponse/OLifE/Party/PartyTypeCode/$",
													"required":false
												},
												"@tc": {
													"type":"string",
													"id": "$JSON/TXLife/TXLifeResponse/OLifE/Party/PartyTypeCode/@tc",
													"required":false
												}
											}
										},
										"Person": {
											"type":"object",
											"id": "$JSON/TXLife/TXLifeResponse/OLifE/Party/Person",
											"required":false,
											"properties":{
												"@DataRep": {
													"type":"string",
													"id": "$JSON/TXLife/TXLifeResponse/OLifE/Party/Person/@DataRep",
													"required":false
												},
												"@id": {
													"type":"string",
													"id": "$JSON/TXLife/TXLifeResponse/OLifE/Party/Person/@id",
													"required":false
												},
												"Age": {
													"type":"string",
													"id": "$JSON/TXLife/TXLifeResponse/OLifE/Party/Person/Age",
													"required":false
												},
												"BirthDate": {
													"type":"string",
													"id": "$JSON/TXLife/TXLifeResponse/OLifE/Party/Person/BirthDate",
													"required":false
												},
												"Citizenship": {
													"type":"object",
													"id": "$JSON/TXLife/TXLifeResponse/OLifE/Party/Person/Citizenship",
													"required":false,
													"properties":{
														"$": {
															"type":"string",
															"id": "$JSON/TXLife/TXLifeResponse/OLifE/Party/Person/Citizenship/$",
															"required":false
														},
														"@tc": {
															"type":"string",
															"id": "$JSON/TXLife/TXLifeResponse/OLifE/Party/Person/Citizenship/@tc",
															"required":false
														}
													}
												},
												"FirstName": {
													"type":"string",
													"id": "$JSON/TXLife/TXLifeResponse/OLifE/Party/Person/FirstName",
													"required":false
												},
												"Gender": {
													"type":"object",
													"id": "$JSON/TXLife/TXLifeResponse/OLifE/Party/Person/Gender",
													"required":false,
													"properties":{
														"$": {
															"type":"string",
															"id": "$JSON/TXLife/TXLifeResponse/OLifE/Party/Person/Gender/$",
															"required":false
														},
														"@tc": {
															"type":"string",
															"id": "$JSON/TXLife/TXLifeResponse/OLifE/Party/Person/Gender/@tc",
															"required":false
														}
													}
												},
												"GovtImmigrationNo": {
													"type":"string",
													"id": "$JSON/TXLife/TXLifeResponse/OLifE/Party/Person/GovtImmigrationNo",
													"required":false
												},
												"LastName": {
													"type":"string",
													"id": "$JSON/TXLife/TXLifeResponse/OLifE/Party/Person/LastName",
													"required":false
												},
												"MarStat": {
													"type":"object",
													"id": "$JSON/TXLife/TXLifeResponse/OLifE/Party/Person/MarStat",
													"required":false,
													"properties":{
														"$": {
															"type":"string",
															"id": "$JSON/TXLife/TXLifeResponse/OLifE/Party/Person/MarStat/$",
															"required":false
														},
														"@tc": {
															"type":"string",
															"id": "$JSON/TXLife/TXLifeResponse/OLifE/Party/Person/MarStat/@tc",
															"required":false
														}
													}
												},
												"MiddleName": {
													"type":"string",
													"id": "$JSON/TXLife/TXLifeResponse/OLifE/Party/Person/MiddleName",
													"required":false
												},
												"NickName": {
													"type":"string",
													"id": "$JSON/TXLife/TXLifeResponse/OLifE/Party/Person/NickName",
													"required":false
												},
												"NonResidentAlienInd": {
													"type":"object",
													"id": "$JSON/TXLife/TXLifeResponse/OLifE/Party/Person/NonResidentAlienInd",
													"required":false,
													"properties":{
														"$": {
															"type":"string",
															"id": "$JSON/TXLife/TXLifeResponse/OLifE/Party/Person/NonResidentAlienInd/$",
															"required":false
														},
														"@tc": {
															"type":"string",
															"id": "$JSON/TXLife/TXLifeResponse/OLifE/Party/Person/NonResidentAlienInd/@tc",
															"required":false
														}
													}
												},
												"Prefix": {
													"type":"string",
													"id": "$JSON/TXLife/TXLifeResponse/OLifE/Party/Person/Prefix",
													"required":false
												},
												"Suffix": {
													"type":"string",
													"id": "$JSON/TXLife/TXLifeResponse/OLifE/Party/Person/Suffix",
													"required":false
												}
											}
										},
										"Phone": {
											"type":"object",
											"id": "$JSON/TXLife/TXLifeResponse/OLifE/Party/Phone",
											"required":false,
											"properties":{
												"@DataRep": {
													"type":"string",
													"id": "$JSON/TXLife/TXLifeResponse/OLifE/Party/Phone/@DataRep",
													"required":false
												},
												"@id": {
													"type":"string",
													"id": "$JSON/TXLife/TXLifeResponse/OLifE/Party/Phone/@id",
													"required":false
												},
												"DialNumber": {
													"type":"string",
													"id": "$JSON/TXLife/TXLifeResponse/OLifE/Party/Phone/DialNumber",
													"required":false
												},
												"PhoneTypeCode": {
													"type":"object",
													"id": "$JSON/TXLife/TXLifeResponse/OLifE/Party/Phone/PhoneTypeCode",
													"required":false,
													"properties":{
														"$": {
															"type":"string",
															"id": "$JSON/TXLife/TXLifeResponse/OLifE/Party/Phone/PhoneTypeCode/$",
															"required":false
														},
														"@tc": {
															"type":"string",
															"id": "$JSON/TXLife/TXLifeResponse/OLifE/Party/Phone/PhoneTypeCode/@tc",
															"required":false
														}
													}
												}
											}
										},
										"Producer": {
											"type":"object",
											"id": "$JSON/TXLife/TXLifeResponse/OLifE/Party/Producer",
											"required":false,
											"properties":{
												"@DataRep": {
													"type":"string",
													"id": "$JSON/TXLife/TXLifeResponse/OLifE/Party/Producer/@DataRep",
													"required":false
												},
												"@EOCoverageID": {
													"type":"string",
													"id": "$JSON/TXLife/TXLifeResponse/OLifE/Party/Producer/@EOCoverageID",
													"required":false
												},
												"@id": {
													"type":"string",
													"id": "$JSON/TXLife/TXLifeResponse/OLifE/Party/Producer/@id",
													"required":false
												},
												"OLifEExtension": {
													"type":"object",
													"id": "$JSON/TXLife/TXLifeResponse/OLifE/Party/Producer/OLifEExtension",
													"required":false,
													"properties":{
														"AgencyCode": {
															"type":"string",
															"id": "$JSON/TXLife/TXLifeResponse/OLifE/Party/Producer/OLifEExtension/AgencyCode",
															"required":false
														},
														"AgentID": {
															"type":"string",
															"id": "$JSON/TXLife/TXLifeResponse/OLifE/Party/Producer/OLifEExtension/AgentID",
															"required":false
														}
													}
												}
											}
										}
									}
								},
								"Relation": {
									"type":"array",
									"id": "$JSON/TXLife/TXLifeResponse/OLifE/Relation",
									"required":false,
									"properties":{
										"@DataRep": {
											"type":"string",
											"id": "$JSON/TXLife/TXLifeResponse/OLifE/Relation/@DataRep",
											"required":false
										},
										"@OriginatingObjectID": {
											"type":"string",
											"id": "$JSON/TXLife/TXLifeResponse/OLifE/Relation/@OriginatingObjectID",
											"required":false
										},
										"@ParticipantID": {
											"type":"string",
											"id": "$JSON/TXLife/TXLifeResponse/OLifE/Relation/@ParticipantID",
											"required":false
										},
										"@ProducerAgreementID": {
											"type":"string",
											"id": "$JSON/TXLife/TXLifeResponse/OLifE/Relation/@ProducerAgreementID",
											"required":false
										},
										"@RelatedObjectID": {
											"type":"string",
											"id": "$JSON/TXLife/TXLifeResponse/OLifE/Relation/@RelatedObjectID",
											"required":false
										},
										"@SecondaryAddressID": {
											"type":"string",
											"id": "$JSON/TXLife/TXLifeResponse/OLifE/Relation/@SecondaryAddressID",
											"required":false
										},
										"@id": {
											"type":"string",
											"id": "$JSON/TXLife/TXLifeResponse/OLifE/Relation/@id",
											"required":false
										},
										"EndDate": {
											"type":"string",
											"id": "$JSON/TXLife/TXLifeResponse/OLifE/Relation/EndDate",
											"required":false
										},
										"InterestPercent": {
											"type":"string",
											"id": "$JSON/TXLife/TXLifeResponse/OLifE/Relation/InterestPercent",
											"required":false
										},
										"OLifEExtension": {
											"type":"object",
											"id": "$JSON/TXLife/TXLifeResponse/OLifE/Relation/OLifEExtension",
											"required":false,
											"properties":{
												"AnnuitantRoleIndicator": {
													"type":"string",
													"id": "$JSON/TXLife/TXLifeResponse/OLifE/Relation/OLifEExtension/AnnuitantRoleIndicator",
													"required":false
												},
												"OwnerRoleIndicator": {
													"type":"string",
													"id": "$JSON/TXLife/TXLifeResponse/OLifE/Relation/OLifEExtension/OwnerRoleIndicator",
													"required":false
												},
												"PayorRoleIndicator": {
													"type":"string",
													"id": "$JSON/TXLife/TXLifeResponse/OLifE/Relation/OLifEExtension/PayorRoleIndicator",
													"required":false
												}
											}
										},
										"OriginatingObjectType": {
											"type":"object",
											"id": "$JSON/TXLife/TXLifeResponse/OLifE/Relation/OriginatingObjectType",
											"required":false,
											"properties":{
												"$": {
													"type":"string",
													"id": "$JSON/TXLife/TXLifeResponse/OLifE/Relation/OriginatingObjectType/$",
													"required":false
												},
												"@tc": {
													"type":"string",
													"id": "$JSON/TXLife/TXLifeResponse/OLifE/Relation/OriginatingObjectType/@tc",
													"required":false
												}
											}
										},
										"RelatedObjectType": {
											"type":"object",
											"id": "$JSON/TXLife/TXLifeResponse/OLifE/Relation/RelatedObjectType",
											"required":false,
											"properties":{
												"$": {
													"type":"string",
													"id": "$JSON/TXLife/TXLifeResponse/OLifE/Relation/RelatedObjectType/$",
													"required":false
												},
												"@tc": {
													"type":"string",
													"id": "$JSON/TXLife/TXLifeResponse/OLifE/Relation/RelatedObjectType/@tc",
													"required":false
												}
											}
										},
										"RelationDescription": {
											"type":"object",
											"id": "$JSON/TXLife/TXLifeResponse/OLifE/Relation/RelationDescription",
											"required":false,
											"properties":{
												"$": {
													"type":"string",
													"id": "$JSON/TXLife/TXLifeResponse/OLifE/Relation/RelationDescription/$",
													"required":false
												},
												"@tc": {
													"type":"string",
													"id": "$JSON/TXLife/TXLifeResponse/OLifE/Relation/RelationDescription/@tc",
													"required":false
												}
											}
										},
										"RelationRoleCode": {
											"type":"object",
											"id": "$JSON/TXLife/TXLifeResponse/OLifE/Relation/RelationRoleCode",
											"required":false,
											"properties":{
												"$": {
													"type":"string",
													"id": "$JSON/TXLife/TXLifeResponse/OLifE/Relation/RelationRoleCode/$",
													"required":false
												},
												"@tc": {
													"type":"string",
													"id": "$JSON/TXLife/TXLifeResponse/OLifE/Relation/RelationRoleCode/@tc",
													"required":false
												}
											}
										},
										"StartDate": {
											"type":"string",
											"id": "$JSON/TXLife/TXLifeResponse/OLifE/Relation/StartDate",
											"required":false
										}
									}
								}
							}
						},
						"TransExeDate": {
							"type":"string",
							"id": "$JSON/TXLife/TXLifeResponse/TransExeDate",
							"required":false
						},
						"TransExeTime": {
							"type":"string",
							"id": "$JSON/TXLife/TXLifeResponse/TransExeTime",
							"required":false
						},
						"TransMode": {
							"type":"object",
							"id": "$JSON/TXLife/TXLifeResponse/TransMode",
							"required":false,
							"properties":{
								"$": {
									"type":"string",
									"id": "$JSON/TXLife/TXLifeResponse/TransMode/$",
									"required":false
								},
								"@tc": {
									"type":"string",
									"id": "$JSON/TXLife/TXLifeResponse/TransMode/@tc",
									"required":false
								}
							}
						},
						"TransRefGUID": {
							"type":"string",
							"id": "$JSON/TXLife/TXLifeResponse/TransRefGUID",
							"required":false
						},
						"TransResult": {
							"type":"object",
							"id": "$JSON/TXLife/TXLifeResponse/TransResult",
							"required":false,
							"properties":{
								"ResultCode": {
									"type":"object",
									"id": "$JSON/TXLife/TXLifeResponse/TransResult/ResultCode",
									"required":false,
									"properties":{
										"$": {
											"type":"string",
											"id": "$JSON/TXLife/TXLifeResponse/TransResult/ResultCode/$",
											"required":false
										},
										"@tc": {
											"type":"string",
											"id": "$JSON/TXLife/TXLifeResponse/TransResult/ResultCode/@tc",
											"required":false
										}
									}
								},
								"ResultInfo": {
									"type":"object",
									"id": "$JSON/TXLife/TXLifeResponse/TransResult/ResultInfo",
									"required":false,
									"properties":{
										"ResultInfoDesc": {
											"type":"string",
											"id": "$JSON/TXLife/TXLifeResponse/TransResult/ResultInfo/ResultInfoDesc",
											"required":false
										}
									}
								}
							}
						},
						"TransSubType": {
							"type":"object",
							"id": "$JSON/TXLife/TXLifeResponse/TransSubType",
							"required":false,
							"properties":{
								"$": {
									"type":"string",
									"id": "$JSON/TXLife/TXLifeResponse/TransSubType/$",
									"required":false
								},
								"@tc": {
									"type":"string",
									"id": "$JSON/TXLife/TXLifeResponse/TransSubType/@tc",
									"required":false
								}
							}
						},
						"TransType": {
							"type":"object",
							"id": "$JSON/TXLife/TXLifeResponse/TransType",
							"required":false,
							"properties":{
								"$": {
									"type":"string",
									"id": "$JSON/TXLife/TXLifeResponse/TransType/$",
									"required":false
								},
								"@tc": {
									"type":"string",
									"id": "$JSON/TXLife/TXLifeResponse/TransType/@tc",
									"required":false
								}
							}
						}
					}
				}
			}
		}
	}
}
