{
	"TXLife" : {
		"TXLifeRequest" : {
			"TransEffDate" : "2019-03-25",
			"TransRefGUID" : "23402b4f-59fd-fd10-a544-ab8359545d73",

			"TransType" : {
				"@tc" : "107",
				"$" : "Arrangement Administration"
			},
			"TransMode" : {
				"@tc" : "2",
				"$" : "Original request"
			},
			"OLifE" : {
				"Holding" : {
					"@id" : "Holding_1",
					"HoldingTypeCode" : {
						"@tc" : "2",
						"$" : "Policy"
					},
					"Policy" : {
						"PolNumber" : "839111",
						"ProductCode" : "839",
						"CarrierCode" : "ABC"
					},
					"Investment" : {
						"@id" : "Investment_1",
						"SubAccount" : [ {
							"@id" : "SubAccount_1",
							"SubAccountKey" : "0B_01"
						}, {
							"@id" : "SubAccount_2",
							"SubAccountKey" : "0B_02"
						} ]
					},
					"Arrangement" : {
						"@id" : "Arrangement_1",
						"ArrMode" : {
							"@tc" : "2",
							"$" : "Semi-Annual"
						},
						"ArrType" : {
							"@tc" : "2",
							"$" : "Dollar Cost Averaging"
						},
						"ArrSubType" : {
							"@tc" : "1",
							"$" : "Standard Dollar Cost Averaging"
						},
						"StartDate" : "2019-02-01",
						"EndDate" : "2020-02-01",
						"ModalAmt" : "100",
						"SourceTransferAmtType" : {
							"@tc" : "2",
							"$" : "Amount"
						},
						"DestTransferAmtType" : {
							"@tc" : "2",
							"$" : "Amount"
						},
						"ArrSource" : {
							"@SubAcctID" : "SubAccount_1",
							"@id" : "ArrSource_1",
							"TransferAmt" : "150"
						},
						"ArrDestination" : {
							"@SubAcctID" : "SubAccount_2",
							"@id" : "ArrDestination_1",
							"TransferAmt" : "150"
						}
					}
				}
			}
		}
	}
}