{
   "TXLife": {
   "TXLifeRequest": {
      "TransRefGUID": "46f7c2b9-04ff-5b6a-fe8f-b83935c0f2a3",
      "TransType": {
         "@tc": "107",
         "$": "Arrangement Administration"
      },
      "OLifE": {
         "Holding": {
            "Policy": {
               "PolNumber": "83914"
            },
            "Arrangement": {
               "@DataRep": "Removed",
               "ArrType": {
                  "@tc": "2"
               },
               "ArrangementSysKey": "1302"
            }
         }
      }
   }
}}
