{
   "TXLife": {
      "@version": "TXLife1",
      "UserAuthRequest": {
         "UserLoginName": "InterfaceUser"
      },
      "TXLifeRequest": {
		 "@id": "TXLifeRequest1",
         "TransRefGUID": "dea932d8-0a8c-418b-4c94-897c194c4331",
         "TransType": {
            "@tc": "510",
            "$": "Form Update Transaction"
         },
         "TransSubType": {
            "@tc": "51000",
            "$": "Form Update Transaction"
         },
         "TransExeDate": "2019-03-25",
         "TransExeTime": "19:27:14",
         "TransMode": {
            "@tc": "2",
            "$": "Original"
         },
         "InquiryLevel": {
            "@tc": "3",
            "$": "Level"
         },
         "OLifE": {
            "Holding": {
               "@id": "Holding1",
               "HoldingTypeCode": {
                  "@tc": "2",
                  "$": "Policy"
               },
               "Policy": {
                  "ApplicationInfo": {
                     "TrackingID": "4175"
                  }
               }
            },
            "FormInstance": {
               "@id": "FormInstance1",
               "@DataRep": "Full",
               "Attachment": {
                  "AttachmentBasicType": {
                     "@tc": "3",
                     "$": "File"
                  },
                  "AttachmentSource": "eApp",
                  "AttachmentData": {
                     "@tc": "10",
                     "$": "cXFxcXFxcXFxcXFxcXFxcXFxcXFxcXFxcXFxcXFxcXFxcXFxcXFxcQ=="
                  },
                  "AttachmentType": {
                     "@tc": "1",
                     "$": "Document"
                  },
                  "MimeTypeTC": {
                     "@tc": "17",
                     "$": "application/txt"
                  },
                  "TransferEncodingTypeTC": {
                     "@tc": "4",
                     "$": "Base64"
                  },
                  "AttachmentLocation": {
                     "@tc": "1",
					 "$": ""
                  },
                  "FileName": "OwnerDrivingLicense1.txt"
               }
            }
         }
      }
   }
}