{
  "$schema": "http://json-schema.org/draft-04/schema#", 
  "definitions": {}, 
  "id": "http://example.com/example.json", 
  "properties": {
    "TXLife": {
      "id": "/properties/TXLife", 
      "properties": {
        "TXLifeRequest": {
          "id": "/properties/TXLife/properties/TXLifeRequest", 
          "properties": {
            "OLifE": {
              "id": "/properties/TXLife/properties/TXLifeRequest/properties/OLifE", 
              "properties": {
                "Party": {
                  "id": "/properties/TXLife/properties/TXLifeRequest/properties/OLifE/properties/Party", 
                  "properties": {
                    "@id": {
                      "default": "Party_1", 
                      "description": "An explanation about the purpose of this instance.", 
                      "id": "/properties/TXLife/properties/TXLifeRequest/properties/OLifE/properties/Party/properties/@id", 
                      "title": "The @id schema", 
                      "type": "string"
                    }, 
                    "PartyKey": {
                      "default": 3775, 
                      "description": "An explanation about the purpose of this instance.", 
                      "id": "/properties/TXLife/properties/TXLifeRequest/properties/OLifE/properties/Party/properties/PartyKey", 
                      "title": "The partykey schema", 
                      "type": "integer"
                    }, 
                    "Phone": {
                      "id": "/properties/TXLife/properties/TXLifeRequest/properties/OLifE/properties/Party/properties/Phone", 
                      "properties": {
                        "@DataRep": {
                          "default": "Full", 
                          "description": "An explanation about the purpose of this instance.", 
                          "id": "/properties/TXLife/properties/TXLifeRequest/properties/OLifE/properties/Party/properties/Phone/properties/@DataRep", 
                          "title": "The @datarep schema", 
                          "type": "string"
                        }, 
                        "AreaCode": {
                          "default": 111, 
                          "description": "An explanation about the purpose of this instance.", 
                          "id": "/properties/TXLife/properties/TXLifeRequest/properties/OLifE/properties/Party/properties/Phone/properties/AreaCode", 
                          "title": "The areacode schema", 
                          "type": "integer"
                        }, 
                        "DialNumber": {
                          "default": 2223333546546546, 
                          "description": "An explanation about the purpose of this instance.", 
                          "id": "/properties/TXLife/properties/TXLifeRequest/properties/OLifE/properties/Party/properties/Phone/properties/DialNumber", 
                          "title": "The dialnumber schema", 
                          "type": "integer"
                        }, 
                        "PhoneTypeCode": {
                          "id": "/properties/TXLife/properties/TXLifeRequest/properties/OLifE/properties/Party/properties/Phone/properties/PhoneTypeCode", 
                          "properties": {
                            "$": {
                              "default": "Home", 
                              "description": "An explanation about the purpose of this instance.", 
                              "id": "/properties/TXLife/properties/TXLifeRequest/properties/OLifE/properties/Party/properties/Phone/properties/PhoneTypeCode/properties/$", 
                              "title": "The $ schema", 
                              "type": "string"
                            }, 
                            "@tc": {
                              "default": "1", 
                              "description": "An explanation about the purpose of this instance.", 
                              "id": "/properties/TXLife/properties/TXLifeRequest/properties/OLifE/properties/Party/properties/Phone/properties/PhoneTypeCode/properties/@tc", 
                              "title": "The @tc schema", 
                              "type": "string"
                            }
                          }, 
                          "type": "object"
                        }
                      }, 
                      "type": "object"
                    }
                  }, 
                  "type": "object"
                }
              }, 
              "type": "object"
            }, 
            "TransRefGUID": {
              "default": 987654321, 
              "description": "An explanation about the purpose of this instance.", 
              "id": "/properties/TXLife/properties/TXLifeRequest/properties/TransRefGUID", 
              "title": "The transrefguid schema", 
              "type": "integer"
            }, 
            "TransType": {
              "id": "/properties/TXLife/properties/TXLifeRequest/properties/TransType", 
              "properties": {
                "$": {
                  "default": "Phone Add Request", 
                  "description": "An explanation about the purpose of this instance.", 
                  "id": "/properties/TXLife/properties/TXLifeRequest/properties/TransType/properties/$", 
                  "title": "The $ schema", 
                  "type": "string"
                }, 
                "@tc": {
                  "default": "182", 
                  "description": "An explanation about the purpose of this instance.", 
                  "id": "/properties/TXLife/properties/TXLifeRequest/properties/TransType/properties/@tc", 
                  "title": "The @tc schema", 
                  "type": "string"
                }
              }, 
              "type": "object"
            }
          }, 
          "type": "object"
        }
      }, 
      "type": "object"
    }
  }, 
  "type": "object"
}