{
"TXLife" : {
  "type" : "object",
  "id" : "urn:jsonschema:org:acord:standards:life:_2:xml:customer_add_upd_phone_v1_0_req:TXLifeType",
  "properties" : {
    "@Version" : {
      "type" : "string"
    },
    "UserAuthRequest" : {
      "type" : "object",
      "id" : "urn:jsonschema:org:acord:standards:life:_2:xml:customer_add_upd_phone_v1_0_req:UserAuthRequestType",
      "properties" : {
        "UserLoginName" : {
          "type" : "string",
          "required" : true
        }
      }
    },
    "TXLifeRequest" : {
      "type" : "object",
      "id" : "urn:jsonschema:org:acord:standards:life:_2:xml:customer_add_upd_phone_v1_0_req:TXLifeRequestType",
      "properties" : {
        "TransRefGUID" : {
          "type" : "string",
          "required" : true
        },
        "TransType" : {
          "type" : "object",
          "id" : "urn:jsonschema:org:acord:standards:life:_2:xml:customer_add_upd_phone_v1_0_req:OLILUTRANSTYPECODES",
          "required" : true,
          "properties" : {
            "@tc" : {
              "type" : "string",
              "enum" : [ "182" ]
            },
            "$" : {
              "type" : "string"
            }
          }
        },
        "TransSubType" : {
          "type" : "object",
          "id" : "urn:jsonschema:org:acord:standards:life:_2:xml:customer_add_upd_phone_v1_0_req:TRANSSUBTYPECODES",
          "required" : true,
          "properties" : {
            "@tc" : {
              "type" : "string",
              "enum" : [ "18200" ]
            },
            "$" : {
              "type" : "string"
            }
          }
        },
        "TransExeDate" : {
          "type" : "string",
          "required" : true
        },
        "TransExeTime" : {
          "type" : "string",
          "required" : true
        },
        "OLifE" : {
          "type" : "object",
          "id" : "urn:jsonschema:org:acord:standards:life:_2:xml:customer_add_upd_phone_v1_0_req:OLifEType",
          "required" : true,
          "properties" : {
            "Party" : {
              "type" : "array",
              "items" : {
                "type" : "object",
                "id" : "urn:jsonschema:org:acord:standards:life:_2:xml:customer_add_upd_phone_v1_0_req:PartyType",
                "properties" : {
                  "@id" : {
                    "type" : "string"
                  },
                  "Phone" : {
                    "type" : "array",
                    "items" : {
                      "type" : "object",
                      "id" : "urn:jsonschema:org:acord:standards:life:_2:xml:customer_add_upd_phone_v1_0_req:PhoneType",
                      "properties" : {
                        "PhoneTypeCode" : {
                          "type" : "object",
                          "id" : "urn:jsonschema:org:acord:standards:life:_2:xml:customer_add_upd_phone_v1_0_req:OLILUPHONETYPE",
                          "required" : true,
                          "properties" : {
                            "@tc" : {
                              "type" : "string",
                              "enum" : [ "1", "2", "12" ]
                            },
                            "$" : {
                              "type" : "string"
                            }
                          }
                        },
                        "AreaCode" : {
                          "type" : "string"
                        },
                        "DialNumber" : {
                          "type" : "string"
                        }
                      }
                    }
                  },
                  "OLifEExtension" : {
                    "type" : "array",
                    "items" : {
                      "type" : "object",
                      "id" : "urn:jsonschema:org:acord:standards:life:_2:xml:customer_add_upd_phone_v1_0_req:OLifEExtensionType",
                      "properties" : {
                        "Content" : {
                          "type" : "array"
                        }
                      }
                    }
                  }
                }
              }
            }
          }
        }
      }
    }
  }
 }
}