{
  "$schema": "http://json-schema.org/draft-04/schema#",
  "definitions": {},
  "id": "http://example.com/example.json",
  "properties": {
    "TXLifeRequest": {
      "id": "/properties/TXLifeRequest",
      "properties": {
        "OLifE": {
          "id": "/properties/TXLifeRequest/properties/OLifE",
          "properties": {
            "Party": {
              "id": "/properties/TXLifeRequest/properties/OLifE/properties/Party",
              "properties": {
                "@id": {
                  "id": "/properties/TXLifeRequest/properties/OLifE/properties/Party/properties/@id",
                  "type": "string"
                },
                "Address": {
                  "id": "/properties/TXLifeRequest/properties/OLifE/properties/Party/properties/Address",
                  "items": {
                    "id": "/properties/TXLifeRequest/properties/OLifE/properties/Party/properties/Address/items",
                    "properties": {
                      "@DataRep": {
                        "id": "/properties/TXLifeRequest/properties/OLifE/properties/Party/properties/Address/items/properties/@DataRep",
                        "type": "string"
                      },
                      "@id": {
                        "id": "/properties/TXLifeRequest/properties/OLifE/properties/Party/properties/Address/items/properties/@id",
                        "type": "string"
                      },
                      "AddressCountry": {
                        "id": "/properties/TXLifeRequest/properties/OLifE/properties/Party/properties/Address/items/properties/AddressCountry",
                        "type": "string"
                      },
                      "AddressCountryTC": {
                        "id": "/properties/TXLifeRequest/properties/OLifE/properties/Party/properties/Address/items/properties/AddressCountryTC",
                        "properties": {
                          "#text": {
                            "id": "/properties/TXLifeRequest/properties/OLifE/properties/Party/properties/Address/items/properties/AddressCountryTC/properties/#text",
                            "type": "string"
                          },
                          "@tc": {
                            "id": "/properties/TXLifeRequest/properties/OLifE/properties/Party/properties/Address/items/properties/AddressCountryTC/properties/@tc",
                            "type": "string"
                          }
                        },
                        "type": "object"
                      },
                      "AddressKey": {
                        "id": "/properties/TXLifeRequest/properties/OLifE/properties/Party/properties/Address/items/properties/AddressKey",
                        "type": "string"
                      },
                      "AddressState": {
                        "id": "/properties/TXLifeRequest/properties/OLifE/properties/Party/properties/Address/items/properties/AddressState",
                        "type": "string"
                      },
                      "AddressStateTC": {
                        "id": "/properties/TXLifeRequest/properties/OLifE/properties/Party/properties/Address/items/properties/AddressStateTC",
                        "properties": {
                          "#text": {
                            "id": "/properties/TXLifeRequest/properties/OLifE/properties/Party/properties/Address/items/properties/AddressStateTC/properties/#text",
                            "type": "string"
                          },
                          "@tc": {
                            "id": "/properties/TXLifeRequest/properties/OLifE/properties/Party/properties/Address/items/properties/AddressStateTC/properties/@tc",
                            "type": "string"
                          }
                        },
                        "type": "object"
                      },
                      "AddressTypeCode": {
                        "id": "/properties/TXLifeRequest/properties/OLifE/properties/Party/properties/Address/items/properties/AddressTypeCode",
                        "properties": {
                          "#text": {
                            "id": "/properties/TXLifeRequest/properties/OLifE/properties/Party/properties/Address/items/properties/AddressTypeCode/properties/#text",
                            "type": "string"
                          },
                          "@tc": {
                            "id": "/properties/TXLifeRequest/properties/OLifE/properties/Party/properties/Address/items/properties/AddressTypeCode/properties/@tc",
                            "type": "string"
                          }
                        },
                        "type": "object"
                      },
                      "City": {
                        "id": "/properties/TXLifeRequest/properties/OLifE/properties/Party/properties/Address/items/properties/City",
                        "type": "string"
                      },
                      "EndDate": {
                        "id": "/properties/TXLifeRequest/properties/OLifE/properties/Party/properties/Address/items/properties/EndDate",
                        "type": "string"
                      },
                      "Line1": {
                        "id": "/properties/TXLifeRequest/properties/OLifE/properties/Party/properties/Address/items/properties/Line1",
                        "type": "string"
                      },
                      "Line2": {
                        "id": "/properties/TXLifeRequest/properties/OLifE/properties/Party/properties/Address/items/properties/Line2",
                        "items": {},
                        "type": "array"
                      },
                      "Line3": {
                        "id": "/properties/TXLifeRequest/properties/OLifE/properties/Party/properties/Address/items/properties/Line3",
                        "items": {},
                        "type": "array"
                      },
                      "RecurringEndMoDay": {
                        "id": "/properties/TXLifeRequest/properties/OLifE/properties/Party/properties/Address/items/properties/RecurringEndMoDay",
                        "type": "string"
                      },
                      "RecurringStartMoDay": {
                        "id": "/properties/TXLifeRequest/properties/OLifE/properties/Party/properties/Address/items/properties/RecurringStartMoDay",
                        "type": "string"
                      },
                      "StartDate": {
                        "id": "/properties/TXLifeRequest/properties/OLifE/properties/Party/properties/Address/items/properties/StartDate",
                        "type": "string"
                      },
                      "Zip": {
                        "id": "/properties/TXLifeRequest/properties/OLifE/properties/Party/properties/Address/items/properties/Zip",
                        "type": "string"
                      }
                    },
                    "type": "object"
                  },
                  "type": "array"
                },
                "PartyKey": {
                  "id": "/properties/TXLifeRequest/properties/OLifE/properties/Party/properties/PartyKey",
                  "type": "string"
                }
              },
              "type": "object"
            }
          },
          "type": "object"
        },
        "TransRefGUID": {
          "id": "/properties/TXLifeRequest/properties/TransRefGUID",
          "type": "string"
        },
        "TransType": {
          "id": "/properties/TXLifeRequest/properties/TransType",
          "properties": {
            "#text": {
              "id": "/properties/TXLifeRequest/properties/TransType/properties/#text",
              "type": "string"
            },
            "@tc": {
              "id": "/properties/TXLifeRequest/properties/TransType/properties/@tc",
              "type": "string"
            }
          },
          "type": "object"
        }
      },
      "type": "object"
    }
  },
  "type": "object"
}