
{
  "$schema": "http://json-schema.org/draft-04/schema#",
  "definitions": {},
  "id": "http://example.com/example.json",
  "properties": {
    "TXLife": {
      "id": "/properties/TXLife",
      "properties": {
        "TXLifeRequest": {
          "id": "/properties/TXLife/properties/TXLifeRequest",
          "properties": {
            "OLifE": {
              "id": "/properties/TXLife/properties/TXLifeRequest/properties/OLifE",
              "properties": {
                "Holding": {
                  "id": "/properties/TXLife/properties/TXLifeRequest/properties/OLifE/properties/Holding",
                  "properties": {
                    "@id": {
                      "id": "/properties/TXLife/properties/TXLifeRequest/properties/OLifE/properties/Holding/properties/@id",
                      "type": "string"
                    },
                    "HoldingTypeCode": {
                      "id": "/properties/TXLife/properties/TXLifeRequest/properties/OLifE/properties/Holding/properties/HoldingTypeCode",
                      "properties": {
                        "$": {
                          "id": "/properties/TXLife/properties/TXLifeRequest/properties/OLifE/properties/Holding/properties/HoldingTypeCode/properties/$",
                          "type": "string"
                        },
                        "@tc": {
                          "id": "/properties/TXLife/properties/TXLifeRequest/properties/OLifE/properties/Holding/properties/HoldingTypeCode/properties/@tc",
                          "type": "string"
                        }
                      },
                      "type": "object"
                    },
                    "Policy": {
                      "id": "/properties/TXLife/properties/TXLifeRequest/properties/OLifE/properties/Holding/properties/Policy",
                      "properties": {
                        "@id": {
                          "id": "/properties/TXLife/properties/TXLifeRequest/properties/OLifE/properties/Holding/properties/Policy/properties/@id",
                          "type": "string"
                        },
                        "CarrierCode": {
                          "id": "/properties/TXLife/properties/TXLifeRequest/properties/OLifE/properties/Holding/properties/Policy/properties/CarrierCode",
                          "type": "integer"
                        },
                        "LineOfBusiness": {
                          "id": "/properties/TXLife/properties/TXLifeRequest/properties/OLifE/properties/Holding/properties/Policy/properties/LineOfBusiness",
                          "properties": {
                            "$": {
                              "id": "/properties/TXLife/properties/TXLifeRequest/properties/OLifE/properties/Holding/properties/Policy/properties/LineOfBusiness/properties/$",
                              "type": "string"
                            },
                            "@tc": {
                              "id": "/properties/TXLife/properties/TXLifeRequest/properties/OLifE/properties/Holding/properties/Policy/properties/LineOfBusiness/properties/@tc",
                              "type": "string"
                            }
                          },
                          "type": "object"
                        },
                        "PolNumber": {
                          "id": "/properties/TXLife/properties/TXLifeRequest/properties/OLifE/properties/Holding/properties/Policy/properties/PolNumber",
                          "type": "integer"
                        },
                        "ProductCode": {
                          "id": "/properties/TXLife/properties/TXLifeRequest/properties/OLifE/properties/Holding/properties/Policy/properties/ProductCode",
                          "type": "integer"
                        }
                      },
                      "type": "object"
                    }
                  },
                  "type": "object"
                },
                "Party": {
                  "id": "/properties/TXLife/properties/TXLifeRequest/properties/OLifE/properties/Party",
                  "items": {
                    "id": "/properties/TXLife/properties/TXLifeRequest/properties/OLifE/properties/Party/items",
                    "properties": {
                      "@DataRep": {
                        "id": "/properties/TXLife/properties/TXLifeRequest/properties/OLifE/properties/Party/items/properties/@DataRep",
                        "type": "string"
                      },
                      "@id": {
                        "id": "/properties/TXLife/properties/TXLifeRequest/properties/OLifE/properties/Party/items/properties/@id",
                        "type": "string"
                      },
                      "Address": {
                        "id": "/properties/TXLife/properties/TXLifeRequest/properties/OLifE/properties/Party/items/properties/Address",
                        "properties": {
                          "AddressCountry": {
                            "id": "/properties/TXLife/properties/TXLifeRequest/properties/OLifE/properties/Party/items/properties/Address/properties/AddressCountry",
                            "type": "string"
                          },
                          "AddressCountryTC": {
                            "id": "/properties/TXLife/properties/TXLifeRequest/properties/OLifE/properties/Party/items/properties/Address/properties/AddressCountryTC",
                            "properties": {
                              "$": {
                                "id": "/properties/TXLife/properties/TXLifeRequest/properties/OLifE/properties/Party/items/properties/Address/properties/AddressCountryTC/properties/$",
                                "type": "string"
                              },
                              "@tc": {
                                "id": "/properties/TXLife/properties/TXLifeRequest/properties/OLifE/properties/Party/items/properties/Address/properties/AddressCountryTC/properties/@tc",
                                "type": "string"
                              }
                            },
                            "type": "object"
                          },
                          "AddressKey": {
                            "id": "/properties/TXLife/properties/TXLifeRequest/properties/OLifE/properties/Party/items/properties/Address/properties/AddressKey",
                            "type": "integer"
                          },
                          "AddressState": {
                            "id": "/properties/TXLife/properties/TXLifeRequest/properties/OLifE/properties/Party/items/properties/Address/properties/AddressState",
                            "type": "string"
                          },
                          "AddressStateTC": {
                            "id": "/properties/TXLife/properties/TXLifeRequest/properties/OLifE/properties/Party/items/properties/Address/properties/AddressStateTC",
                            "properties": {
                              "$": {
                                "id": "/properties/TXLife/properties/TXLifeRequest/properties/OLifE/properties/Party/items/properties/Address/properties/AddressStateTC/properties/$",
                                "type": "string"
                              },
                              "@tc": {
                                "id": "/properties/TXLife/properties/TXLifeRequest/properties/OLifE/properties/Party/items/properties/Address/properties/AddressStateTC/properties/@tc",
                                "type": "string"
                              }
                            },
                            "type": "object"
                          },
                          "AddressTypeCode": {
                            "id": "/properties/TXLife/properties/TXLifeRequest/properties/OLifE/properties/Party/items/properties/Address/properties/AddressTypeCode",
                            "properties": {
                              "$": {
                                "id": "/properties/TXLife/properties/TXLifeRequest/properties/OLifE/properties/Party/items/properties/Address/properties/AddressTypeCode/properties/$",
                                "type": "string"
                              },
                              "@tc": {
                                "id": "/properties/TXLife/properties/TXLifeRequest/properties/OLifE/properties/Party/items/properties/Address/properties/AddressTypeCode/properties/@tc",
                                "type": "string"
                              }
                            },
                            "type": "object"
                          },
                          "City": {
                            "id": "/properties/TXLife/properties/TXLifeRequest/properties/OLifE/properties/Party/items/properties/Address/properties/City",
                            "type": "string"
                          },
                          "Line1": {
                            "id": "/properties/TXLife/properties/TXLifeRequest/properties/OLifE/properties/Party/items/properties/Address/properties/Line1",
                            "type": "string"
                          },
                          "Line2": {
                            "id": "/properties/TXLife/properties/TXLifeRequest/properties/OLifE/properties/Party/items/properties/Address/properties/Line2",
                            "type": "null"
                          },
                          "Line3": {
                            "id": "/properties/TXLife/properties/TXLifeRequest/properties/OLifE/properties/Party/items/properties/Address/properties/Line3",
                            "type": "null"
                          },
                          "StartDate": {
                            "id": "/properties/TXLife/properties/TXLifeRequest/properties/OLifE/properties/Party/items/properties/Address/properties/StartDate",
                            "type": "string"
                          },
                          "Zip": {
                            "id": "/properties/TXLife/properties/TXLifeRequest/properties/OLifE/properties/Party/items/properties/Address/properties/Zip",
                            "type": "string"
                          }
                        },
                        "type": "object"
                      },
                      "FullName": {
                        "id": "/properties/TXLife/properties/TXLifeRequest/properties/OLifE/properties/Party/items/properties/FullName",
                        "type": "string"
                      },
                      "GovtID": {
                        "id": "/properties/TXLife/properties/TXLifeRequest/properties/OLifE/properties/Party/items/properties/GovtID",
                        "type": "integer"
                      },
                      "GovtIDTC": {
                        "id": "/properties/TXLife/properties/TXLifeRequest/properties/OLifE/properties/Party/items/properties/GovtIDTC",
                        "properties": {
                          "$": {
                            "id": "/properties/TXLife/properties/TXLifeRequest/properties/OLifE/properties/Party/items/properties/GovtIDTC/properties/$",
                            "type": "integer"
                          },
                          "@tc": {
                            "id": "/properties/TXLife/properties/TXLifeRequest/properties/OLifE/properties/Party/items/properties/GovtIDTC/properties/@tc",
                            "type": "string"
                          }
                        },
                        "type": "object"
                      },
                      "PartyKey": {
                        "id": "/properties/TXLife/properties/TXLifeRequest/properties/OLifE/properties/Party/items/properties/PartyKey",
                        "type": "integer"
                      },
                      "Person": {
                        "id": "/properties/TXLife/properties/TXLifeRequest/properties/OLifE/properties/Party/items/properties/Person",
                        "properties": {
                          "BirthDate": {
                            "id": "/properties/TXLife/properties/TXLifeRequest/properties/OLifE/properties/Party/items/properties/Person/properties/BirthDate",
                            "type": "string"
                          },
                          "BirthJurisdiction": {
                            "id": "/properties/TXLife/properties/TXLifeRequest/properties/OLifE/properties/Party/items/properties/Person/properties/BirthJurisdiction",
                            "type": "null"
                          },
                          "Citizenship": {
                            "id": "/properties/TXLife/properties/TXLifeRequest/properties/OLifE/properties/Party/items/properties/Person/properties/Citizenship",
                            "properties": {
                              "$": {
                                "id": "/properties/TXLife/properties/TXLifeRequest/properties/OLifE/properties/Party/items/properties/Person/properties/Citizenship/properties/$",
                                "type": "string"
                              },
                              "@tc": {
                                "id": "/properties/TXLife/properties/TXLifeRequest/properties/OLifE/properties/Party/items/properties/Person/properties/Citizenship/properties/@tc",
                                "type": "string"
                              }
                            },
                            "type": "object"
                          },
                          "FirstName": {
                            "id": "/properties/TXLife/properties/TXLifeRequest/properties/OLifE/properties/Party/items/properties/Person/properties/FirstName",
                            "type": "string"
                          },
                          "Gender": {
                            "id": "/properties/TXLife/properties/TXLifeRequest/properties/OLifE/properties/Party/items/properties/Person/properties/Gender",
                            "properties": {
                              "$": {
                                "id": "/properties/TXLife/properties/TXLifeRequest/properties/OLifE/properties/Party/items/properties/Person/properties/Gender/properties/$",
                                "type": "string"
                              },
                              "@tc": {
                                "id": "/properties/TXLife/properties/TXLifeRequest/properties/OLifE/properties/Party/items/properties/Person/properties/Gender/properties/@tc",
                                "type": "string"
                              }
                            },
                            "type": "object"
                          },
                          "LastName": {
                            "id": "/properties/TXLife/properties/TXLifeRequest/properties/OLifE/properties/Party/items/properties/Person/properties/LastName",
                            "type": "string"
                          },
                          "MiddleName": {
                            "id": "/properties/TXLife/properties/TXLifeRequest/properties/OLifE/properties/Party/items/properties/Person/properties/MiddleName",
                            "type": "null"
                          },
                          "OLifEExtension": {
                            "id": "/properties/TXLife/properties/TXLifeRequest/properties/OLifE/properties/Party/items/properties/Person/properties/OLifEExtension",
                            "properties": {
                              "@VendorCode": {
                                "id": "/properties/TXLife/properties/TXLifeRequest/properties/OLifE/properties/Party/items/properties/Person/properties/OLifEExtension/properties/@VendorCode",
                                "type": "string"
                              },
                              "PersonExtension": {
                                "id": "/properties/TXLife/properties/TXLifeRequest/properties/OLifE/properties/Party/items/properties/Person/properties/OLifEExtension/properties/PersonExtension",
                                "properties": {
                                  "TobaccoUse": {
                                    "id": "/properties/TXLife/properties/TXLifeRequest/properties/OLifE/properties/Party/items/properties/Person/properties/OLifEExtension/properties/PersonExtension/properties/TobaccoUse",
                                    "properties": {
                                      "@tc": {
                                        "id": "/properties/TXLife/properties/TXLifeRequest/properties/OLifE/properties/Party/items/properties/Person/properties/OLifEExtension/properties/PersonExtension/properties/TobaccoUse/properties/@tc",
                                        "type": "string"
                                      }
                                    },
                                    "type": "object"
                                  }
                                },
                                "type": "object"
                              }
                            },
                            "type": "object"
                          },
                          "Occupation": {
                            "id": "/properties/TXLife/properties/TXLifeRequest/properties/OLifE/properties/Party/items/properties/Person/properties/Occupation",
                            "type": "null"
                          }
                        },
                        "type": "object"
                      },
                      "Phone": {
                        "id": "/properties/TXLife/properties/TXLifeRequest/properties/OLifE/properties/Party/items/properties/Phone",
                        "items": {
                          "id": "/properties/TXLife/properties/TXLifeRequest/properties/OLifE/properties/Party/items/properties/Phone/items",
                          "properties": {
                            "DialNumber": {
                              "id": "/properties/TXLife/properties/TXLifeRequest/properties/OLifE/properties/Party/items/properties/Phone/items/properties/DialNumber",
                              "type": "null"
                            },
                            "PhoneTypeCode": {
                              "id": "/properties/TXLife/properties/TXLifeRequest/properties/OLifE/properties/Party/items/properties/Phone/items/properties/PhoneTypeCode",
                              "properties": {
                                "$": {
                                  "id": "/properties/TXLife/properties/TXLifeRequest/properties/OLifE/properties/Party/items/properties/Phone/items/properties/PhoneTypeCode/properties/$",
                                  "type": "string"
                                },
                                "@tc": {
                                  "id": "/properties/TXLife/properties/TXLifeRequest/properties/OLifE/properties/Party/items/properties/Phone/items/properties/PhoneTypeCode/properties/@tc",
                                  "type": "string"
                                }
                              },
                              "type": "object"
                            }
                          },
                          "type": "object"
                        },
                        "type": "array"
                      }
                    },
                    "type": "object"
                  },
                  "type": "array"
                },
                "Relation": {
                  "id": "/properties/TXLife/properties/TXLifeRequest/properties/OLifE/properties/Relation",
                  "items": {
                    "id": "/properties/TXLife/properties/TXLifeRequest/properties/OLifE/properties/Relation/items",
                    "properties": {
                      "@DataRep": {
                        "id": "/properties/TXLife/properties/TXLifeRequest/properties/OLifE/properties/Relation/items/properties/@DataRep",
                        "type": "string"
                      },
                      "@OriginatingObjectID": {
                        "id": "/properties/TXLife/properties/TXLifeRequest/properties/OLifE/properties/Relation/items/properties/@OriginatingObjectID",
                        "type": "string"
                      },
                      "@RelatedObjectID": {
                        "id": "/properties/TXLife/properties/TXLifeRequest/properties/OLifE/properties/Relation/items/properties/@RelatedObjectID",
                        "type": "string"
                      },
                      "@id": {
                        "id": "/properties/TXLife/properties/TXLifeRequest/properties/OLifE/properties/Relation/items/properties/@id",
                        "type": "string"
                      },
                      "InterestPercent": {
                        "id": "/properties/TXLife/properties/TXLifeRequest/properties/OLifE/properties/Relation/items/properties/InterestPercent",
                        "type": "integer"
                      },
                      "OLifEExtension": {
                        "id": "/properties/TXLife/properties/TXLifeRequest/properties/OLifE/properties/Relation/items/properties/OLifEExtension",
                        "properties": {
                          "@VendorCode": {
                            "id": "/properties/TXLife/properties/TXLifeRequest/properties/OLifE/properties/Relation/items/properties/OLifEExtension/properties/@VendorCode",
                            "type": "string"
                          },
                          "RelationStatus": {
                            "id": "/properties/TXLife/properties/TXLifeRequest/properties/OLifE/properties/Relation/items/properties/OLifEExtension/properties/RelationStatus",
                            "type": "string"
                          }
                        },
                        "type": "object"
                      },
                      "OriginatingObjectType": {
                        "id": "/properties/TXLife/properties/TXLifeRequest/properties/OLifE/properties/Relation/items/properties/OriginatingObjectType",
                        "properties": {
                          "$": {
                            "id": "/properties/TXLife/properties/TXLifeRequest/properties/OLifE/properties/Relation/items/properties/OriginatingObjectType/properties/$",
                            "type": "string"
                          },
                          "@tc": {
                            "id": "/properties/TXLife/properties/TXLifeRequest/properties/OLifE/properties/Relation/items/properties/OriginatingObjectType/properties/@tc",
                            "type": "string"
                          }
                        },
                        "type": "object"
                      },
                      "RelatedObjectType": {
                        "id": "/properties/TXLife/properties/TXLifeRequest/properties/OLifE/properties/Relation/items/properties/RelatedObjectType",
                        "properties": {
                          "$": {
                            "id": "/properties/TXLife/properties/TXLifeRequest/properties/OLifE/properties/Relation/items/properties/RelatedObjectType/properties/$",
                            "type": "string"
                          },
                          "@tc": {
                            "id": "/properties/TXLife/properties/TXLifeRequest/properties/OLifE/properties/Relation/items/properties/RelatedObjectType/properties/@tc",
                            "type": "string"
                          }
                        },
                        "type": "object"
                      },
                      "RelationDescription": {
                        "id": "/properties/TXLife/properties/TXLifeRequest/properties/OLifE/properties/Relation/items/properties/RelationDescription",
                        "properties": {
                          "@tc": {
                            "id": "/properties/TXLife/properties/TXLifeRequest/properties/OLifE/properties/Relation/items/properties/RelationDescription/properties/@tc",
                            "type": "string"
                          }
                        },
                        "type": "object"
                      },
                      "RelationRoleCode": {
                        "id": "/properties/TXLife/properties/TXLifeRequest/properties/OLifE/properties/Relation/items/properties/RelationRoleCode",
                        "properties": {
                          "$": {
                            "id": "/properties/TXLife/properties/TXLifeRequest/properties/OLifE/properties/Relation/items/properties/RelationRoleCode/properties/$",
                            "type": "string"
                          },
                          "@tc": {
                            "id": "/properties/TXLife/properties/TXLifeRequest/properties/OLifE/properties/Relation/items/properties/RelationRoleCode/properties/@tc",
                            "type": "string"
                          }
                        },
                        "type": "object"
                      }
                    },
                    "type": "object"
                  },
                  "type": "array"
                }
              },
              "type": "object"
            },
            "TransRefGUID": {
              "id": "/properties/TXLife/properties/TXLifeRequest/properties/TransRefGUID",
              "type": "string"
            },
            "TransType": {
              "id": "/properties/TXLife/properties/TXLifeRequest/properties/TransType",
              "properties": {
                "$": {
                  "id": "/properties/TXLife/properties/TXLifeRequest/properties/TransType/properties/$",
                  "type": "string"
                },
                "@tc": {
                  "id": "/properties/TXLife/properties/TXLifeRequest/properties/TransType/properties/@tc",
                  "type": "string"
                }
              },
              "type": "object"
            }
          },
          "type": "object"
        }
      },
      "type": "object"
    }
  },
  "type": "object"
}

  
  