{
  "$schema": "http://json-schema.org/draft-04/schema#",
  "definitions": {},
  "id": "http://example.com/example.json",
  "properties": {
    "TXLife": {
      "id": "/properties/TXLife",
      "properties": {
        "TXLifeResponse": {
          "id": "/properties/TXLife/properties/TXLifeResponse",
          "properties": {
            "OLifE": {
              "id": "/properties/TXLife/properties/TXLifeResponse/properties/OLifE",
              "properties": {
                "Party": {
                  "id": "/properties/TXLife/properties/TXLifeResponse/properties/OLifE/properties/Party",
                  "properties": {
                    "Address": {
                      "id": "/properties/TXLife/properties/TXLifeResponse/properties/OLifE/properties/Party/properties/Address",
                      "properties": {
                        "AddressCountry": {
                          "id": "/properties/TXLife/properties/TXLifeResponse/properties/OLifE/properties/Party/properties/Address/properties/AddressCountry",
                          "type": "string"
                        },
                        "AddressCountryTC": {
                          "id": "/properties/TXLife/properties/TXLifeResponse/properties/OLifE/properties/Party/properties/Address/properties/AddressCountryTC",
                          "properties": {
                            "content": {
                              "id": "/properties/TXLife/properties/TXLifeResponse/properties/OLifE/properties/Party/properties/Address/properties/AddressCountryTC/properties/content",
                              "type": "string"
                            },
                            "tc": {
                              "id": "/properties/TXLife/properties/TXLifeResponse/properties/OLifE/properties/Party/properties/Address/properties/AddressCountryTC/properties/tc",
                              "type": "integer"
                            }
                          },
                          "type": "object"
                        },
                        "AddressKey": {
                          "id": "/properties/TXLife/properties/TXLifeResponse/properties/OLifE/properties/Party/properties/Address/properties/AddressKey",
                          "type": "integer"
                        },
                        "AddressState": {
                          "id": "/properties/TXLife/properties/TXLifeResponse/properties/OLifE/properties/Party/properties/Address/properties/AddressState",
                          "type": "string"
                        },
                        "AddressStateTC": {
                          "id": "/properties/TXLife/properties/TXLifeResponse/properties/OLifE/properties/Party/properties/Address/properties/AddressStateTC",
                          "properties": {
                            "content": {
                              "id": "/properties/TXLife/properties/TXLifeResponse/properties/OLifE/properties/Party/properties/Address/properties/AddressStateTC/properties/content",
                              "type": "string"
                            },
                            "tc": {
                              "id": "/properties/TXLife/properties/TXLifeResponse/properties/OLifE/properties/Party/properties/Address/properties/AddressStateTC/properties/tc",
                              "type": "integer"
                            }
                          },
                          "type": "object"
                        },
                        "AddressTypeCode": {
                          "id": "/properties/TXLife/properties/TXLifeResponse/properties/OLifE/properties/Party/properties/Address/properties/AddressTypeCode",
                          "properties": {
                            "content": {
                              "id": "/properties/TXLife/properties/TXLifeResponse/properties/OLifE/properties/Party/properties/Address/properties/AddressTypeCode/properties/content",
                              "type": "string"
                            },
                            "tc": {
                              "id": "/properties/TXLife/properties/TXLifeResponse/properties/OLifE/properties/Party/properties/Address/properties/AddressTypeCode/properties/tc",
                              "type": "integer"
                            }
                          },
                          "type": "object"
                        },
                        "City": {
                          "id": "/properties/TXLife/properties/TXLifeResponse/properties/OLifE/properties/Party/properties/Address/properties/City",
                          "type": "string"
                        },
                        "EndDate": {
                          "id": "/properties/TXLife/properties/TXLifeResponse/properties/OLifE/properties/Party/properties/Address/properties/EndDate",
                          "type": "string"
                        },
                        "LastUpdate": {
                          "id": "/properties/TXLife/properties/TXLifeResponse/properties/OLifE/properties/Party/properties/Address/properties/LastUpdate",
                          "type": "string"
                        },
                        "LastUpdateTime": {
                          "id": "/properties/TXLife/properties/TXLifeResponse/properties/OLifE/properties/Party/properties/Address/properties/LastUpdateTime",
                          "type": "string"
                        },
                        "Line1": {
                          "id": "/properties/TXLife/properties/TXLifeResponse/properties/OLifE/properties/Party/properties/Address/properties/Line1",
                          "type": "string"
                        },
                        "Line2": {
                          "id": "/properties/TXLife/properties/TXLifeResponse/properties/OLifE/properties/Party/properties/Address/properties/Line2",
                          "type": "string"
                        },
                        "Line3": {
                          "id": "/properties/TXLife/properties/TXLifeResponse/properties/OLifE/properties/Party/properties/Address/properties/Line3",
                          "type": "string"
                        },
                        "StartDate": {
                          "id": "/properties/TXLife/properties/TXLifeResponse/properties/OLifE/properties/Party/properties/Address/properties/StartDate",
                          "type": "string"
                        },
                        "Zip": {
                          "id": "/properties/TXLife/properties/TXLifeResponse/properties/OLifE/properties/Party/properties/Address/properties/Zip",
                          "type": "integer"
                        },
                        "id": {
                          "id": "/properties/TXLife/properties/TXLifeResponse/properties/OLifE/properties/Party/properties/Address/properties/id",
                          "type": "string"
                        }
                      },
                      "type": "object"
                    },
                    "EMailAddress": {
                      "id": "/properties/TXLife/properties/TXLifeResponse/properties/OLifE/properties/Party/properties/EMailAddress",
                      "properties": {
                        "AddrLine": {
                          "id": "/properties/TXLife/properties/TXLifeResponse/properties/OLifE/properties/Party/properties/EMailAddress/properties/AddrLine",
                          "type": "string"
                        },
                        "EMailType": {
                          "id": "/properties/TXLife/properties/TXLifeResponse/properties/OLifE/properties/Party/properties/EMailAddress/properties/EMailType",
                          "properties": {
                            "content": {
                              "id": "/properties/TXLife/properties/TXLifeResponse/properties/OLifE/properties/Party/properties/EMailAddress/properties/EMailType/properties/content",
                              "type": "string"
                            },
                            "tc": {
                              "id": "/properties/TXLife/properties/TXLifeResponse/properties/OLifE/properties/Party/properties/EMailAddress/properties/EMailType/properties/tc",
                              "type": "integer"
                            }
                          },
                          "type": "object"
                        }
                      },
                      "type": "object"
                    },
                    "FullName": {
                      "id": "/properties/TXLife/properties/TXLifeResponse/properties/OLifE/properties/Party/properties/FullName",
                      "type": "string"
                    },
                    "GovtID": {
                      "id": "/properties/TXLife/properties/TXLifeResponse/properties/OLifE/properties/Party/properties/GovtID",
                      "type": "integer"
                    },
                    "GovtIDTC": {
                      "id": "/properties/TXLife/properties/TXLifeResponse/properties/OLifE/properties/Party/properties/GovtIDTC",
                      "properties": {
                        "content": {
                          "id": "/properties/TXLife/properties/TXLifeResponse/properties/OLifE/properties/Party/properties/GovtIDTC/properties/content",
                          "type": "string"
                        },
                        "tc": {
                          "id": "/properties/TXLife/properties/TXLifeResponse/properties/OLifE/properties/Party/properties/GovtIDTC/properties/tc",
                          "type": "integer"
                        }
                      },
                      "type": "object"
                    },
                    "OLifEExtension": {
                      "id": "/properties/TXLife/properties/TXLifeResponse/properties/OLifE/properties/Party/properties/OLifEExtension",
                      "properties": {
                        "Holding": {
                          "id": "/properties/TXLife/properties/TXLifeResponse/properties/OLifE/properties/Party/properties/OLifEExtension/properties/Holding",
                          "properties": {
                            "HoldingName": {
                              "id": "/properties/TXLife/properties/TXLifeResponse/properties/OLifE/properties/Party/properties/OLifEExtension/properties/Holding/properties/HoldingName",
                              "type": "string"
                            },
                            "HoldingTypeCode": {
                              "id": "/properties/TXLife/properties/TXLifeResponse/properties/OLifE/properties/Party/properties/OLifEExtension/properties/Holding/properties/HoldingTypeCode",
                              "properties": {
                                "content": {
                                  "id": "/properties/TXLife/properties/TXLifeResponse/properties/OLifE/properties/Party/properties/OLifEExtension/properties/Holding/properties/HoldingTypeCode/properties/content",
                                  "type": "string"
                                },
                                "tc": {
                                  "id": "/properties/TXLife/properties/TXLifeResponse/properties/OLifE/properties/Party/properties/OLifEExtension/properties/Holding/properties/HoldingTypeCode/properties/tc",
                                  "type": "integer"
                                }
                              },
                              "type": "object"
                            },
                            "Policy": {
                              "id": "/properties/TXLife/properties/TXLifeResponse/properties/OLifE/properties/Party/properties/OLifEExtension/properties/Holding/properties/Policy",
                              "properties": {
                                "PolNumber": {
                                  "id": "/properties/TXLife/properties/TXLifeResponse/properties/OLifE/properties/Party/properties/OLifEExtension/properties/Holding/properties/Policy/properties/PolNumber",
                                  "type": "integer"
                                },
                                "ProductType": {
                                  "id": "/properties/TXLife/properties/TXLifeResponse/properties/OLifE/properties/Party/properties/OLifEExtension/properties/Holding/properties/Policy/properties/ProductType",
                                  "properties": {
                                    "content": {
                                      "id": "/properties/TXLife/properties/TXLifeResponse/properties/OLifE/properties/Party/properties/OLifEExtension/properties/Holding/properties/Policy/properties/ProductType/properties/content",
                                      "type": "string"
                                    },
                                    "tc": {
                                      "id": "/properties/TXLife/properties/TXLifeResponse/properties/OLifE/properties/Party/properties/OLifEExtension/properties/Holding/properties/Policy/properties/ProductType/properties/tc",
                                      "type": "integer"
                                    }
                                  },
                                  "type": "object"
                                },
                                "id": {
                                  "id": "/properties/TXLife/properties/TXLifeResponse/properties/OLifE/properties/Party/properties/OLifEExtension/properties/Holding/properties/Policy/properties/id",
                                  "type": "string"
                                },
                                "isTrad": {
                                  "id": "/properties/TXLife/properties/TXLifeResponse/properties/OLifE/properties/Party/properties/OLifEExtension/properties/Holding/properties/Policy/properties/isTrad",
                                  "type": "boolean"
                                }
                              },
                              "type": "object"
                            },
                            "id": {
                              "id": "/properties/TXLife/properties/TXLifeResponse/properties/OLifE/properties/Party/properties/OLifEExtension/properties/Holding/properties/id",
                              "type": "string"
                            }
                          },
                          "type": "object"
                        },
                        "VendorCode": {
                          "id": "/properties/TXLife/properties/TXLifeResponse/properties/OLifE/properties/Party/properties/OLifEExtension/properties/VendorCode",
                          "type": "integer"
                        }
                      },
                      "type": "object"
                    },
                    "PartyKey": {
                      "id": "/properties/TXLife/properties/TXLifeResponse/properties/OLifE/properties/Party/properties/PartyKey",
                      "type": "integer"
                    },
                    "Person": {
                      "id": "/properties/TXLife/properties/TXLifeResponse/properties/OLifE/properties/Party/properties/Person",
                      "properties": {
                        "BirthDate": {
                          "id": "/properties/TXLife/properties/TXLifeResponse/properties/OLifE/properties/Party/properties/Person/properties/BirthDate",
                          "type": "string"
                        },
                        "FirstName": {
                          "id": "/properties/TXLife/properties/TXLifeResponse/properties/OLifE/properties/Party/properties/Person/properties/FirstName",
                          "type": "string"
                        },
                        "Gender": {
                          "id": "/properties/TXLife/properties/TXLifeResponse/properties/OLifE/properties/Party/properties/Person/properties/Gender",
                          "properties": {
                            "content": {
                              "id": "/properties/TXLife/properties/TXLifeResponse/properties/OLifE/properties/Party/properties/Person/properties/Gender/properties/content",
                              "type": "string"
                            },
                            "tc": {
                              "id": "/properties/TXLife/properties/TXLifeResponse/properties/OLifE/properties/Party/properties/Person/properties/Gender/properties/tc",
                              "type": "integer"
                            }
                          },
                          "type": "object"
                        },
                        "LastName": {
                          "id": "/properties/TXLife/properties/TXLifeResponse/properties/OLifE/properties/Party/properties/Person/properties/LastName",
                          "type": "string"
                        },
                        "MiddleName": {
                          "id": "/properties/TXLife/properties/TXLifeResponse/properties/OLifE/properties/Party/properties/Person/properties/MiddleName",
                          "type": "string"
                        }
                      },
                      "type": "object"
                    },
                    "Phone": {
                      "id": "/properties/TXLife/properties/TXLifeResponse/properties/OLifE/properties/Party/properties/Phone",
                      "properties": {
                        "DialNumber": {
                          "id": "/properties/TXLife/properties/TXLifeResponse/properties/OLifE/properties/Party/properties/Phone/properties/DialNumber",
                          "type": "string"
                        },
                        "PhoneTypeCode": {
                          "id": "/properties/TXLife/properties/TXLifeResponse/properties/OLifE/properties/Party/properties/Phone/properties/PhoneTypeCode",
                          "properties": {
                            "content": {
                              "id": "/properties/TXLife/properties/TXLifeResponse/properties/OLifE/properties/Party/properties/Phone/properties/PhoneTypeCode/properties/content",
                              "type": "string"
                            },
                            "tc": {
                              "id": "/properties/TXLife/properties/TXLifeResponse/properties/OLifE/properties/Party/properties/Phone/properties/PhoneTypeCode/properties/tc",
                              "type": "integer"
                            }
                          },
                          "type": "object"
                        }
                      },
                      "type": "object"
                    },
                    "id": {
                      "id": "/properties/TXLife/properties/TXLifeResponse/properties/OLifE/properties/Party/properties/id",
                      "type": "string"
                    }
                  },
                  "type": "object"
                }
              },
              "type": "object"
            },
            "TransExeDate": {
              "id": "/properties/TXLife/properties/TXLifeResponse/properties/TransExeDate",
              "type": "string"
            },
            "TransExeTime": {
              "id": "/properties/TXLife/properties/TXLifeResponse/properties/TransExeTime",
              "type": "string"
            },
            "TransRefGUID": {
              "id": "/properties/TXLife/properties/TXLifeResponse/properties/TransRefGUID",
              "type": "string"
            },
            "TransResult": {
              "id": "/properties/TXLife/properties/TXLifeResponse/properties/TransResult",
              "properties": {
                "ResultCode": {
                  "id": "/properties/TXLife/properties/TXLifeResponse/properties/TransResult/properties/ResultCode",
                  "properties": {
                    "content": {
                      "id": "/properties/TXLife/properties/TXLifeResponse/properties/TransResult/properties/ResultCode/properties/content",
                      "type": "string"
                    },
                    "tc": {
                      "id": "/properties/TXLife/properties/TXLifeResponse/properties/TransResult/properties/ResultCode/properties/tc",
                      "type": "integer"
                    }
                  },
                  "type": "object"
                }
              },
              "type": "object"
            },
            "TransSubType": {
              "id": "/properties/TXLife/properties/TXLifeResponse/properties/TransSubType",
              "properties": {
                "content": {
                  "id": "/properties/TXLife/properties/TXLifeResponse/properties/TransSubType/properties/content",
                  "type": "string"
                },
                "tc": {
                  "id": "/properties/TXLife/properties/TXLifeResponse/properties/TransSubType/properties/tc",
                  "type": "integer"
                }
              },
              "type": "object"
            },
            "TransType": {
              "id": "/properties/TXLife/properties/TXLifeResponse/properties/TransType",
              "properties": {
                "content": {
                  "id": "/properties/TXLife/properties/TXLifeResponse/properties/TransType/properties/content",
                  "type": "string"
                },
                "tc": {
                  "id": "/properties/TXLife/properties/TXLifeResponse/properties/TransType/properties/tc",
                  "type": "integer"
                }
              },
              "type": "object"
            }
          },
          "type": "object"
        }
      },
      "type": "object"
    }
  },
  "type": "object"
}