{
   "TXLife": {
      "TXLifeResponse": {
         "TransRefGUID": "3daec1d1-c911-2332-9e1b-5ccf7277a69c",
         "TransType": {
            "@tc": "182",
            "$": "Party Update"
         },
         "TransSubType": {
            "@tc": "18200",
            "$": "Phone Update"
         },
         "TransExeDate": "2018-01-09T11:11:02.0+03:00",
         "TransExeTime": "2018-01-09T11:11:02.0+03:00",
         "TransResult": {
            "ResultCode": {
               "@tc": "1",
               "$": "Success"
            },
            "ResultInfo": {
               "ResultInfoDesc": "The transaction was processed successfully"
            }
         }
      }
   }
}