{
  "TXLife": {
    "TXLifeRequest": {
      "TransRefGUID": "c7b45f99-3c7c-c82d-479e-8d61e3d1e9e5",
      "TransType": {
        "@tc": "186",
        "$": "Party Update Transaction"
      },
      "OLifE": {
        "Holding": {
          "@id": "Holding_1",
          "HoldingTypeCode": {
            "@tc": "2",
            "$": "Policy"
          },
          "Policy": {
            "@id": "Policy1",
            "PolNumber": 83923,
            "CarrierCode": -999,
            "ProductCode": 839,
            "LineOfBusiness": {
              "@tc": "1",
              "$": "Life - Both"
            }
          }
        },
        "Party": [
          {
            "@id": "Party_1",
            "@DataRep": "ReadOnly",
            "PartySysKey": 1210,
            "FullName": "Aman Singh",
            "GovtID": 568978456,
            "GovtIDTC": {
              "@tc": "1",
              "$": 568978456
            },
            "Person": {
              "FirstName": "Aman",
              "MiddleName": null,
              "LastName": "Singh",
              "Occupation": null,
              "Gender": {
                "@tc": "1",
                "$": "Male"
              },
              "BirthDate": "1980-10-",
              "Citizenship": {
                "@tc": "1"
              },
              "BirthJurisdiction": null,
              "OLifEExtension": {
                "@VendorCode": "5",
                "PersonExtension": {
                  "TobaccoUse": {
                    "@tc": "0"
                  }
                }
              }
            },
            "Address": {
              "AddressSysKey": 1,
              "AddressTypeCode": {
                "@tc": "1",
                "$": "Home"
              },
              "Line1": "Street 098",
              "Line2": null,
              "Line3": null,
              "City": "EDISON",
              "AddressState": "NJ",
              "AddressStateTC": {
                "@tc": "35",
                "$": "NJ"
              },
              "Zip": "08837",
              "AddressCountry": "USA",
              "AddressCountryTC": {
                "@tc": "1",
                "$": "USA"
              },
              "StartDate": "2017-01-01"
            },
            "Phone": [
              {
                "PhoneTypeCode": {
                  "@tc": "1",
                  "$": "Home"
                },
                "DialNumber": 5555555555
              },
              {
                "PhoneTypeCode": {
                  "@tc": "2",
                  "$": "Business"
                },
                "DialNumber": 5555555555
              }
            ]
          },
          {
            "@id": "NewBeneficiaryID_0",
            "@DataRep": "Full",
            "PartySysKey": -1,
            "PartyTypeCode": {
              "@tc": "1",
              "$": "Person"
            },
            "FullName": "kirti",
            "Person": {
              "FirstName": "kirti",
              "LastName": "",
              "BirthDate": "1983-05-26"
            },
            "Address": {
              "@id": "Address_1",
              "AddressSysKey": -1,
              "AddressTypeCode": {
                "@tc": "1",
                "$": "Home"
              },
              "Line1": "street",
              "Line2": null,
              "Line3": null,
              "City": "edison",
              "AddressStateTC": {
                "@tc": "35",
                "$": "NJ"
              },
              "Zip": "08837",
              "AddressCountry": "United States of America",
              "AddressCountryTC": {
                "@tc": "1",
                "$": "USA"
              }
            },
            "Phone": {
              "PhoneTypeCode": {
                "@tc": "1",
                "$": "Home"
              },
              "AreaCode": 213,
              "DialNumber": 3122321
            },
            "EMailAddress": {
              "EMailType": {
                "@tc": "2",
                "$": "Personal"
              },
              "AddrLine": "kirti.praveen@accenture.com"
            }
          }
        ],
        "Relation": [
          {
            "@OriginatingObjectID": "Holding_1",
            "@RelatedObjectID": "Party_1",
            "@id": "Relation_1",
            "@DataRep": "ReadOnly",
            "OriginatingObjectType": {
              "@tc": "4",
              "$": "Holding"
            },
            "RelatedObjectType": {
              "@tc": "6",
              "$": "Party"
            },
            "RelationRoleCode": {
              "@tc": "32",
              "$": "Primary"
            },
            "RelationDescription": {
              "@tc": "0"
            },
            "InterestPercent": 100,
            "OLifEExtension": {
              "@VendorCode": "5",
              "RelationStatus": "Active"
            }
          },
          {
            "@OriginatingObjectID": "Holding_1",
            "@RelatedObjectID": "Party_2",
            "@id": "Relation_2",
            "@DataRep": "ReadOnly",
            "OriginatingObjectType": {
              "@tc": "4",
              "$": "Holding"
            },
            "RelatedObjectType": {
              "@tc": "6",
              "$": "Party"
            },
            "RelationRoleCode": {
              "@tc": "8",
              "$": "Owner"
            },
            "RelationDescription": {
              "@tc": "0"
            },
            "InterestPercent": 100,
            "OLifEExtension": {
              "@VendorCode": "5",
              "RelationStatus": "Active"
            }
          },
          {
            "@OriginatingObjectID": "Holding_1",
            "@RelatedObjectID": "Party_3",
            "@id": "Relation_3",
            "@DataRep": "ReadOnly",
            "OriginatingObjectType": {
              "@tc": "4",
              "$": "Holding"
            },
            "RelatedObjectType": {
              "@tc": "6",
              "$": "Party"
            },
            "RelationRoleCode": {
              "@tc": "11",
              "$": "Agent"
            },
            "RelationDescription": {
              "@tc": "0"
            },
            "InterestPercent": 100,
            "OLifEExtension": {
              "@VendorCode": "5",
              "RelationStatus": "Active",
              "RelationWritingAgentExtension": {
                "SituationCode": "02"
              }
            }
          },
          {
            "@OriginatingObjectID": "Holding_1",
            "@RelatedObjectID": "NewBeneficiaryID_0",
            "@id": "NewBeneficiaryID_Relation_0",
            "@DataRep": "Full",
            "OriginatingObjectType": {
              "@tc": "4",
              "$": "Holding"
            },
            "RelatedObjectType": {
              "@tc": "6",
              "$": "Party"
            },
            "RelationRoleCode": {
              "@tc": "34",
              "$": "Primary Beneficiary"
            },
            "BeneficiaryDesignation": {
              "@tc": "1",
              "$": "Named"
            },
            "RelationDescription": {
              "@tc": "0"
            },
            "RelationStatus": {
              "@tc": "1",
              "$": "Active"
            },
            "InterestPercent": "100",
            "StartDate": "2017-07-13",
            "OLifEExtension": {
              "@VendorCode": "5",
              "RelationStatus": "Active",
              "BeneficiaryType": "Primary Beneficiary"
            }
          }
        ]
      }
    }
  }
}