{
   "TXLife": {
      "TXLifeRequest": {
         "TransRefGUID": "c7ad4d9a-26b8-f740-59c5-61d56e3e4ce8",
         "TransType": {
            "@tc": "186",
            "$": "Holding Change"
         },
         "OLifE": {
            "Holding": {
               "@id": "Holding_1",
               "HoldingTypeCode": {
                  "@tc": "2"
               },
               "Policy": {
                  "@id": "Policy1",
                  "PolNumber": "839432",
                  "CarrierCode": "-999",
                  "ProductCode": "839",
                  "LineOfBusiness": {
                     "@tc": "1",
                     "$": "Life - Both"
                  }
               }
            },
            "Party": [
               {
                  "@id": "Party_2",
                  "@DataRep": "ReadOnly",
                  "PartyKey": "3954",
                  "FullName": "Ramesh Giri",
                  "GovtID": "526145487",
                  "GovtIDTC": {
                     "@tc": "1",
                     "$": "526145487"
                  },
                  "Person": {
                     "FirstName": "Ramesh",
                     "MiddleName": [],
                     "LastName": "Giri",
                     "Occupation": [],
                     "Gender": {
                        "@tc": "1",
                        "$": "Male"
                     },
                     "BirthDate": "1981-10-01",
                     "Citizenship": {
                        "@tc": "1",
                        "$": "Yes"
                     },
                     "BirthJurisdiction": [],
                     "OLifEExtension": {
                        "@VendorCode": "5",
                        "PersonExtension": {
                           "TobaccoUse": {
                              "@tc": "0"
                           }
                        }
                     }
                  },
                  "Address": {
                     "AddressKey": "1",
                     "AddressTypeCode": {
                        "@tc": "1",
                        "$": "Home"
                     },
                     "Line1": "dsfedgf",
                     "Line2": [],
                     "Line3": [],
                     "City": "EDISON",
                     "AddressState": "NJ",
                     "AddressStateTC": {
                        "@tc": "35",
                        "$": "NJ"
                     },
                     "Zip": "08837",
                     "AddressCountry": "United States of America",
                     "AddressCountryTC": {
                        "@tc": "1",
                        "$": "USA"
                     },
                     "StartDate": "2016-01-01"
                  },
                  "Phone": [
                     {
                        "PhoneTypeCode": {
                           "@tc": "1",
                           "$": "Home"
                        },
                        "DialNumber": []
                     },
                     {
                        "PhoneTypeCode": {
                           "@tc": "2",
                           "$": "Business"
                        },
                        "DialNumber": []
                     }
                  ]
               },
               {
                  "@id": "Party_4",
                  "@DataRep": "ReadOnly",
                  "PartyKey": "35",
                  "FullName": "Mark Gilmore",
                  "GovtID": "732449737",
                  "GovtIDTC": {
                     "@tc": "1",
                     "$": "732449737"
                  },
                  "Person": {
                     "FirstName": "Mark",
                     "MiddleName": [],
                     "LastName": "Gilmore",
                     "Occupation": [],
                     "Gender": {
                        "@tc": "1",
                        "$": "Male"
                     },
                     "BirthDate": "1900-10-01",
                     "Citizenship": {
                        "@tc": "1"
                     },
                     "BirthJurisdiction": [],
                     "OLifEExtension": {
                        "@VendorCode": "5",
                        "PersonExtension": {
                           "TobaccoUse": {
                              "@tc": "0"
                           }
                        }
                     }
                  },
                  "Address": {
                     "AddressKey": "1",
                     "AddressTypeCode": {
                        "@tc": "1",
                        "$": "Home"
                     },
                     "Line1": "1200 Broad Street",
                     "Line2": "Suite 33",
                     "Line3": "Suite 33",
                     "City": "NEWARK",
                     "AddressState": "NJ",
                     "AddressStateTC": {
                        "@tc": "35",
                        "$": "NJ"
                     },
                     "Zip": "07102",
                     "AddressCountry": "USA",
                     "AddressCountryTC": {
                        "@tc": "1",
                        "$": "USA"
                     },
                     "StartDate": "2017-02-14"
                  },
                  "Phone": [
                     {
                        "PhoneTypeCode": {
                           "@tc": "1",
                           "$": "Home"
                        },
                        "DialNumber": "4156896514"
                     },
                     {
                        "PhoneTypeCode": {
                           "@tc": "2",
                           "$": "Business"
                        },
                        "DialNumber": []
                     }
                  ]
               },
               {
                  "@id": "Party_1",
                  "@DataRep": "Removed",
                  "PartyKey": "4165",
                  "FullName": "X",
                  "GovtID": [],
                  "GovtIDTC": {
                     "@tc": "1"
                  },
                  "Person": {
                     "FirstName": "X",
                     "MiddleName": [],
                     "LastName": [],
                     "Occupation": [],
                     "Gender": {
                        "@tc": "1"
                     },
                     "BirthDate": "1983-02-01",
                     "Citizenship": {
                        "@tc": "1"
                     },
                     "BirthJurisdiction": [],
                     "OLifEExtension": {
                        "@VendorCode": "5",
                        "PersonExtension": {
                           "TobaccoUse": {
                              "@tc": "0"
                           }
                        }
                     }
                  },
                  "Address": {
                     "@id": "Address_1",
                     "AddressKey": "-1",
                     "AddressTypeCode": {
                        "@tc": "1",
                        "$": "Home"
                     },
                     "Line1": "dd",
                     "Line2": [],
                     "Line3": [],
                     "City": "Edison",
                     "AddressState": "NJ",
                     "AddressStateTC": {
                        "@tc": "35",
                        "$": "NJ"
                     },
                     "Zip": "08837",
                     "AddressCountry": "United States of America",
                     "AddressCountryTC": {
                        "@tc": "1",
                        "$": "USA"
                     },
                     "StartDate": "2002-01-01"
                  },
                  "Phone": [
                     {
                        "PhoneTypeCode": {
                           "@tc": "1",
                           "$": "Home"
                        },
                        "DialNumber": "1111111111"
                     },
                     {
                        "PhoneTypeCode": {
                           "@tc": "2",
                           "$": "Business"
                        },
                        "DialNumber": []
                     }
                  ],
                  "EMailAddress": {
                     "EMailType": {
                        "@tc": "2",
                        "$": "Personal"
                     },
                     "AddrLine": "a@a.com"
                  }
               }
            ],
            "Relation": [
               {
                  "@id": "Relation_2",
                  "@OriginatingObjectID": "Holding_1",
                  "@RelatedObjectID": "Party_2",
                  "@DataRep": "ReadOnly",
                  "OriginatingObjectType": {
                     "@tc": "4",
                     "$": "Holding"
                  },
                  "RelatedObjectType": {
                     "@tc": "6",
                     "$": "Party"
                  },
                  "RelationRoleCode": {
                     "@tc": "32",
                     "$": "Primary"
                  },
                  "RelationDescription": {
                     "@tc": "0"
                  },
                  "InterestPercent": "100",
                  "OLifEExtension": {
                     "@VendorCode": "5",
                     "RelationStatus": "Active"
                  }
               },
               {
                  "@id": "Relation_3",
                  "@OriginatingObjectID": "Holding_1",
                  "@RelatedObjectID": "Party_3",
                  "@DataRep": "ReadOnly",
                  "OriginatingObjectType": {
                     "@tc": "4",
                     "$": "Holding"
                  },
                  "RelatedObjectType": {
                     "@tc": "6",
                     "$": "Party"
                  },
                  "RelationRoleCode": {
                     "@tc": "8",
                     "$": "Owner"
                  },
                  "RelationDescription": {
                     "@tc": "0"
                  },
                  "InterestPercent": "100",
                  "OLifEExtension": {
                     "@VendorCode": "5",
                     "RelationStatus": "Active"
                  }
               },
               {
                  "@id": "Relation_4",
                  "@OriginatingObjectID": "Holding_1",
                  "@RelatedObjectID": "Party_3",
                  "@DataRep": "ReadOnly",
                  "OriginatingObjectType": {
                     "@tc": "4",
                     "$": "Holding"
                  },
                  "RelatedObjectType": {
                     "@tc": "6",
                     "$": "Party"
                  },
                  "RelationRoleCode": {
                     "@tc": "11",
                     "$": "Agent"
                  },
                  "RelationDescription": {
                     "@tc": "0"
                  },
                  "InterestPercent": "100",
                  "OLifEExtension": {
                     "@VendorCode": "5",
                     "RelationStatus": "Active",
                     "RelationWritingAgentExtension": {
                        "SituationCode": "02"
                     }
                  }
               },
               {
                  "@id": "Relation_1",
                  "@OriginatingObjectID": "Holding_1",
                  "@RelatedObjectID": "Party1",
                  "@DataRep": "Removed",
                  "OriginatingObjectType": {
                     "@tc": "4",
                     "$": "Holding"
                  },
                  "RelatedObjectType": {
                     "@tc": "6",
                     "$": "Party"
                  },
                  "RelationRoleCode": {
                     "@tc": "34",
                     "$": "Primary Beneficiary"
                  },
                  "RelationDescription": {
                     "@tc": "0"
                  },
                  "RelationStatus": {
                     "@tc": "2",
                     "$": "Inactive"
                  },
                  "InterestPercent": "100",
                  "OLifEExtension": {
                     "@VendorCode": "5",
                     "RelationStatus": "Active",
                     "BeneficiaryType": "Primary Beneficiary",
                     "IrrevokableInd": "false"
                  }
               }
            ]
         }
      }
   }
}