{
   "TXLife": {
      "TXLifeResponse": {
         "TransRefGUID": "e2382649-1aa5-4a92-8af3-4b84d7c7200a",
         "TransType": {
            "@tc": "182",
            "$": "Party Update"
         },
         "TransSubType": {
            "@tc": "18200",
            "$": "Phone Update"
         },
         "TransExeDate": "2017-06-08-04:00",
         "TransExeTime": "03:44:11.421-04:00",
         "TransResult": {
            "ResultCode": {
               "@tc": "1",
               "$": "Success"
            },
            "ResultInfo": {
               "ResultInfoDesc": "The transaction was processed successfully"
            }
         }
      }
   }
}