{
   "TXLife": {
   "TXLifeResponse": {
      "TransRefGUID": "d3ac00aa-6ab6-6769-6fbf-cfe35785d674",
      "TransType": {
         "@tc": "186",
         "#text": "Party Change Request"
      },
      "TransExeDate": "2017-05-01",
      "TransExeTime": "10:26:55",
      "TransMode": {
         "@tc": "2",
         "#text": "Original request"
      },
      "TransResult": {
         "ResultCode": {
            "@tc": "5",
            "#text": "Failure"
         },
         "ResultInfo": {
            "@id": "ResultInfo_1",
            "ResultInfoDesc": "Error ocured during Operation"
         }
      }
   }
   } 
}
