{
  "TXLife": {
   "TXLifeRequest": {
      "TransRefGUID": "e2382649-1aa5-4112-8af3-4aa4d7c7200a",
      "TransType": {
         "@tc": "181",
         "$": "Address Change Request"
      },
	  "TransSubType": {
         "@tc": "18100",
         "$": "Address Change Request"
      },
      "OLifE": {
         "Party": {
            "@id": "Party_1",
            "PartyKey": "3809",
            "Address": [
               {
                  "AddressKey": "-1",
                  "AddressTypeCode": {
                     "@tc": "11",
                     "$": "Temporary"
                  },
                  "Line1": "109 Tyson Lane",
                  "Line2": [],
                  "Line3": [],
                  "City": "EDISON",
                  "AddressState": "New Jersey",
                  "AddressStateTC": {
                     "@tc": "35",
                     "$": "NJ"
                  },
                  "Zip": "08839",
                  "AddressCountry": "United States of America",
                  "AddressCountryTC": {
                     "@tc": "1",
                     "$": "USA"
                  },
                  "EndDate": "2010-04-03",
                  "StartDate": "2003-09-10",
                  "RecurringEndMoDay": "--04-03",
                  "RecurringStartMoDay": "--09-10"
               },
               {
                  "AddressKey": "3813",
                  "AddressTypeCode": {
                     "@tc": "1",
                     "$": "Home"
                  },
                  "Line1": "109 Tyson Lane",
                  "Line2": [],
                  "Line3": [],
                  "City": "EDISON",
                  "AddressState": "New Jersey",
                  "AddressStateTC": {
                     "@tc": "35",
                     "$": "NJ"
                  },
                  "Zip": "08837",
                  "AddressCountry": "United States of America",
                  "AddressCountryTC": {
                     "@tc": "1",
                     "$": "USA"
                  },
                  "EndDate": "2010-04-03",
                  "StartDate": "2003-09-10",
                  "RecurringEndMoDay": "--04-03",
                  "RecurringStartMoDay": "--09-10"
               },
               {
                  "AddressKey": "-1",
                  "AddressTypeCode": {
                     "@tc": "1",
                     "$": "Home"
                  },
                  "Line1": "109 Tyson Lane1",
                  "Line2": [],
                  "Line3": [],
                  "City": "EDISON",
                  "AddressState": "New Jersey",
                  "AddressStateTC": {
                     "@tc": "35",
                     "$": "NJ"
                  },
                  "Zip": "08837",
                  "AddressCountry": "United States of America",
                  "AddressCountryTC": {
                     "@tc": "1",
                     "$": "USA"
                  },
                  "EndDate": "2010-04-03",
                  "StartDate": "2003-09-10"
               }
            ]
         }
      }
   }
  } 
}