{
   "TXLife": {
      "TXLifeResponse": {
         "TransRefGUID": "e2382649-1aa5-4112-8af3-4aa4d7c7200a",
         "TransType": {
            "@tc": "181",
            "$": "Party Update"
         },
         "TransSubType": {
            "@tc": "18100",
            "$": "Address Update"
         },
         "TransExeDate": "2017-06-08-04:00",
         "TransExeTime": "2017-06-08T02:48:44.355-04:00",
         "TransResult": {
            "ResultCode": {
               "@tc": "1",
               "$": "Success"
            },
            "ResultInfo": {
               "ResultInfoDesc": "The transaction was processed successfully"
            }
         }
      }
   }
}