{
  "TXLife": {
   "TXLifeResponse": {
      "TransRefGUID": "d3ac00aa-6ab6-6769-6fbf-cfe35785d674",
      "TransType": {
         "@tc": "182",
         "$": "Party Inquiry Transaction"
      },
      "TransSubType": {
         "@tc": "18200",
         "$": "Party Inquiry Transaction"
      },
      "TransExeDate": "2017-05-01",
      "TransExeTime": "10:26:55",
      "TransMode": {
         "@tc": "2",
         "$": "Original request"
      },
      "TransResult": {
         "ResultCode": {
            "@tc": "1",
            "$": "Success"
         },
         "ResultInfo": {
            "@id": "ResultInfo_1",
            "ResultInfoDesc": "Operation successfully"
         }
      }
   }
  } 
}