{
   "TXLife": {
      "TXLifeResponse": {
         "TransRefGUID": "13bc10aa-6ab6-6769-6fbf-cfe35785d674",
         "TransType": {
            "@tc": "183",
            "$": "Email Address Change"
         },
         "TransSubType": {
            "@tc": "18300",
            "$": "Email Update"
         },
         "TransExeDate": "2017-06-13+05:30",
         "TransExeTime": "19:15:39.072+05:30",
         "TransResult": {
            "ResultCode": {
               "@tc": "1",
               "$": "Success"
            },
            "ResultInfo": {
               "ResultInfoDesc": "The transaction was processed successfully"
            }
         }
      }
   }
}