{
	"TXLife" : {
		"TXLifeResponse" : {
			"TransRefGUID" : "de668208-5f14-9542-e9ac-a1ed493531ad",
			"TransType" : {
				"@tc" : "204",
				"$" : "Party Inquiry"
			},
			"TransExeDate" : "2018-04-13",
			"TransExeTime" : "07:28:00",
			"TransResult" : {
				"ResultCode" : {
					"@tc" : "1",
					"$" : "Success"
				}
			},
			"OLifE" : {
				"Party" : {
					"@id" : "Party_1",
					"PartyTypeCode" : {
						"@tc" : "2",
						"$" : "Organization"
					},
					"PartySysKey" : 4961,
					"FullName" : "ABCDEF",
					"GovtID" : 879899787,
					"GovtIDTC" : {
						"@tc" : "1",
						"$" : "Social Security Number US"
					},
					"Organization" : {
						"OrgForm" : {
							"@tc" : "23",
							"$" : "Corporation (general)"
						}
					},
					"Address" : {
						"@id" : "Address_1",
						"AddressSysKey" : 11252,
						"AddressTypeCode" : {
							"@tc" : "2",
							"$" : "Business"
						},
						"Line1" : 798,
						"Line2" : "Main Street",
						"Line3" : null,
						"City" : "Union",
						"AddressState" : "New Jersey",
						"AddressStateTC" : {
							"@tc" : "35",
							"$" : "NJ"
						},
						"Zip" : "07083",
						"AddressCountry" : "United States of America",
						"AddressCountryTC" : {
							"@tc" : "1",
							"$" : "USA"
						},
						"PrefAdd" : {
							"@tc" : "1",
							"$" : true
						},
						"EndDate" : "2999-12-31",
						"StartDate" : "2018-01-01",
						"LastUpdate" : "2018-04-13",
						"LastUpdateTime" : "00:59:25-04:00"
					},
					"Phone" : [ {
						"PhoneTypeCode" : {
							"@tc" : "1",
							"$" : "Home"
						},
						"DialNumber" : null
					}, {
						"PhoneTypeCode" : {
							"@tc" : "12",
							"$" : "Mobile"
						},
						"DialNumber" : null
					}, {
						"PhoneTypeCode" : {
							"@tc" : "2",
							"$" : "Other"
						},
						"AreaCode" : 314,
						"DialNumber" : 5789602
					} ],
					"EMailAddress" : {
						"EMailType" : {
							"@tc" : "2",
							"$" : "Personal"
						},
						"AddrLine" : null
					},
					"OLifEExtension" : {
						"@VendorCode" : "33",
						"Holding" : {
							"@id" : "Holding_1",
							"HoldingTypeCode" : {
								"@tc" : "2",
								"$" : "Policy"
							},
							"HoldingName" : "Deferred Annuity",
							"HoldingStatus" : {
								"@tc" : "1",
								"$" : "Active"
							},
							"Policy" : {
								"@id" : "Policy_1",
								"PolNumber" : "086319",
								"ProductType" : {
									"@tc" : "10",
									"$" : "Variable Annuity"
								},
								"isTrad" : false,
								"TrackingID" : 4003,
								"OLifEExtension" : {
									"ClientRole" : "Owner",
									"ClientStatus" : "Active"
								}
							}
						}
					}
				}
			}
		}
	}
}