{
  "TXLife": {
   "TXLifeResponse": {
      "TransRefGUID": "28c30218-02c3-280e-1151-fe92bc932179",
      "TransType": {
         "@tc": "204",
         "#text": "Party Inquiry"
      },
      "TransSubType": {
         "@tc": ""
      },
      "TransExeDate": "2018-02-13-05:00",
      "TransExeTime": "01:59:39.084-05:00",
      "TransResult": {
         "ResultCode": {
            "@tc": "5",
            "#text": "Failure"
         },
         "ResultInfo": {
            "ResultInfoCode": {
               "@tc": "",
               "#text": "General Error"
            },
            "ResultInfoDesc": "Client is not present in ALIP"
         }
      }
   }
  } 
}