{
   "TXLife":{
      "TXLifeResponse":{
         "TransRefGUID":"2db5b226-51ec-2122-1b1b-48bf67af0ea1",
         "TransType":{
            "tc":204,
            "content":"Party Inquiry"
         },
         "TransSubType":{
            "tc":20400,
            "content":"Personnel Details"
         },
         "TransExeDate":"2017-06-06",
         "TransExeTime":"11:27:39",
         "TransResult":{
            "ResultCode":{
               "tc":1,
               "content":"Success"
            }
         },
         "OLifE":{
            "Party":{
               "id":"Party_1",
               "PartyKey":3968,
               "FullName":"Jim Corbett",
               "GovtID":565444487,
               "GovtIDTC":{
                  "tc":1,
                  "content":"Social Security Number US>"
               },
               "Person":{
                  "FirstName":"Jim",
                  "MiddleName":"",
                  "LastName":"Corbett",
                  "Gender":{
                     "tc":1,
                     "content":"Male"
                  },
                  "BirthDate":"1981-01-01"
               },
               "Address":{
                  "id":"Address_1",
                  "AddressKey":4109,
                  "AddressTypeCode":{
                     "tc":1,
                     "content":"Home"
                  },
                  "Line1":"333 cactus1",
                  "Line2":"",
                  "Line3":"",
                  "City":"EDISON",
                  "AddressState":"New Jersey",
                  "AddressStateTC":{
                     "tc":35,
                     "content":"NJ"
                  },
                  "Zip":12222,
                  "AddressCountry":"United States of America",
                  "AddressCountryTC":{
                     "tc":1,
                     "content":"USA"
                  },
                  "EndDate":"2999-12-31",
                  "StartDate":"2017-01-25",
                  "LastUpdate":"2017-05-08",
                  "LastUpdateTime":"09:31:17-04:00"
               },
               "Phone":{
                  "PhoneTypeCode":{
                     "tc":1,
                     "content":"Home"
                  },
                  "DialNumber":""
               },
               "EMailAddress":{
                  "EMailType":{
                     "tc":2,
                     "content":"Personal"
                  },
                  "AddrLine":"ankita.hemant.raut@accenture.com"
               },
               "OLifEExtension":{
                  "VendorCode":33,
                  "Holding":{
                     "id":"Holding_1",
                     "HoldingTypeCode":{
                        "tc":2,
                        "content":"Policy"
                     },
                     "HoldingName":"#839438asdfghjk",
                     "Policy":{
                        "id":"Policy_1",
                        "PolNumber":839438,
                        "ProductType":{
                           "tc":1,
                           "content":"Standard Flexible VUL"
                        },
                        "isTrad":false
                     }
                  }
               }
            }
         }
      }
   }
}