{
  "TXLife" : {
		"TXLifeRequest" : {
			"TransRefGUID" : 987654321,
			"TransType" : {
				"@tc" : "183",
				"$" : "EMail Address Change Request"
			},
			"OLifE" : {
				"Party" : {
					"@id" : "Party_1",
					"PartyKey" : 3775,
					"EMailAddress" : [ {
						"@DataRep" : "Removed",
						"EMailType" : {
							"@tc" : "5",
							"$" : "Primary"
						},
						"AddrLine" : "email@added.com"
					}, {
						"@DataRep" : "Full",
						"EMailType" : {
							"@tc" : "5",
							"$" : "Primary"
						},
						"AddrLine" : "email123@updated.com"
					} ]
				}
			}
		}
	}
}  