{
  "TXLife" : {
		"TXLifeRequest" : {
			"TransRefGUID" : 987654321,
			"TransType" : {
				"@tc" : "182",
				"$" : "Phone Change Request"
			},
			"OLifE" : {
				"Party" : {
					"@id" : "Party_1",
					"PartyKey" : 3775,
					"Phone" : [ {
						"@DataRep" : "Removed",
						"PhoneTypeCode" : {
							"@tc" : "1",
							"$" : "Home"
						},
						"AreaCode" : 111,
						"DialNumber" : 22233334
					}, {
						"@DataRep" : "Full",
						"PhoneTypeCode" : {
							"@tc" : "1",
							"$" : "Home"
						},
						"AreaCode" : 444,
						"DialNumber" : 5556666
					} ]
				}
			}
		}
	}
}