{
  "TXLife": {
    "UserAuthRequest": {
      "UserLoginName": "SUPERVIS"
    },
    "TXLifeRequest": {
      "TransRefGUID": "d3bc00ca-6ab6-6769-6fbf-cfe41785d6qw520",
      "TransType": {
        "@tc": "212",
        "$": "Values Inquiry"
      },
      "TransSubType": {
        "@tc": "21200",
        "$": "Values Inquiry"
      },
      "TransExeDate": "2018-02-08",
      "TransExeTime": "19:27:14",
      "ProcessingInstruction": {
        "@id": "ID_11",
        "ProcessingInstructionType": {
          "@tc": "4"
        },
        "ProcessingInstructionDesc": "DayDiff",
        "ProcessingInstructionSysKey": "2018-10-21"
      },
      "OLifE": {
        "Holding": {
          "@id": "Holding_ProposedPolicy",
          "HoldingTypeCode": {
            "@tc": "2",
            "$": "Policy"
          },
          "Policy": {
           "IssueDate": "2017-01-01"
          }
        }
      }
    }
  }
}
