{
	"TXLife" : {
		"TXLifeResponse" : {
			"TransRefGUID" : "d3ac00aa-6ab6-6769-6fbf-cfe35785d6qw525",
			"TransType" : {
				"@tc" : "212",
				"$" : "Values Inquiry"
			},
			"TransSubType" : {
				"@tc" : "21200",
				"$" : "Values Inquiry"
			},
			"TransExeDate" : "2018-08-23",
			"TransExeTime" : "13:16:05-04:00",
			"TransResult" : {
				"ResultCode" : {
					"@tc" : "1",
					"$" : "Success"
				},
				"ResultInfo" : {
					"@id" : "ID_11",
					"ResultInfoDesc" : 365.0
				}
			}
		}
	}
}
