{
   "TXLife": {
      "UserAuthRequest": {
         "UserLoginName": "TWYLXML"
      },
      "TXLifeRequest": [
         {
            "TransRefGUID": "d97d64ca-7b6a-46d4-99cb-3473152a6bc9",
            "TransType": {
               "@tc": "237",
               "$": "CodeList Inquiry"
            },
            "TransSubType": {
               "@tc": "23700",
               "$": "General CodeList Inquiry"
            },
            "TransExeDate": "2014-08-13",
            "TransExeTime": "01:02:55",
            "TransMode": {
               "@tc": "2",
               "$": "Original"
            },
            "InquiryLevel": {
               "@tc": "3",
               "$": "Level"
            },
            "OLifE": {
               "CurrentLanguage": {
                  "@tc": "9",
                  "$": "English"
               },
               "CodeList": {
                  "CodeListType": {
                     "@tc": "1",
                     "$": "ACORD Standardised List"
                  },
                  "KeyCodeType": {
                     "@tc": "3",
                     "$": "Marital Status"
                  },
                  "Name": "Trust Type",
                  "Description": "Trust Type"
               }
            }
         },
         {
            "TransRefGUID": "RGGUID022",
            "TransType": {
               "@tc": "237",
               "$": "CodeList Inquiry"
            },
            "TransSubType": {
               "@tc": "23700",
               "$": "General CodeList Inquiry"
            },
            "TransExeDate": "2014-08-13",
            "TransExeTime": "01:02:55",
            "TransMode": {
               "@tc": "2",
               "$": "Original"
            },
            "InquiryLevel": {
               "@tc": "3",
               "$": "Level"
            },
            "OLifE": {
               "CurrentLanguage": {
                  "@tc": "9",
                  "$": "English"
               },
               "CodeList": {
                  "CodeListType": {
                     "@tc": "1",
                     "$": "ACORD Standardised List"
                  },
                  "KeyCodeType": {
                     "@tc": "65",
                     "$": "Qualified Plan Option"
                  },
                  "Name": "Qualified Plan Option",
                  "Description": "Qualified Plan Option"
               }
            }
         },
         {
            "TransRefGUID": "RGGUID022",
            "TransType": {
               "@tc": "237",
               "$": "CodeList Inquiry"
            },
            "TransSubType": {
               "@tc": "23700",
               "$": "General CodeList Inquiry"
            },
            "TransExeDate": "2014-08-13",
            "TransExeTime": "01:02:55",
            "TransMode": {
               "@tc": "2",
               "$": "Original"
            },
            "InquiryLevel": {
               "@tc": "3",
               "$": "Level"
            },
            "OLifE": {
               "CurrentLanguage": {
                  "@tc": "9",
                  "$": "English"
               },
               "CodeList": {
                  "CodeListType": {
                     "@tc": "2",
                     "$": "NON ACORD List"
                  },
                  "CodeListCode": "RELATION_TO_INSURED",
                  "Name": "Relationship to Insured",
                  "Description": "Relationship to Insured"
               }
            }
         },
         {
            "TransRefGUID": "RGGUID022",
            "TransType": {
               "@tc": "237",
               "$": "CodeList Inquiry"
            },
            "TransSubType": {
               "@tc": "23700",
               "$": "General CodeList Inquiry"
            },
            "TransExeDate": "2014-08-13",
            "TransExeTime": "01:02:55",
            "TransMode": {
               "@tc": "2",
               "$": "Original"
            },
            "InquiryLevel": {
               "@tc": "3",
               "$": "Level"
            },
            "OLifE": {
               "CurrentLanguage": {
                  "@tc": "9",
                  "$": "English"
               },
               "CodeList": {
                  "CodeListType": {
                     "@tc": "2",
                     "$": "Non ACORD List"
                  },
                  "CodeListCode": "PERSON_TITLE",
                  "Name": "Prefix",
                  "Description": "Prefix of a Person"
               }
            }
         }
      ]
   }
}