{
	"TXLife" : {
		"TXLifeResponse" : [ {
			"TransRefGUID" : "d97d64ca-7b6a-46d4-99cb-3473152a6bc9",
			"TransType" : {
				"@tc" : "237",
				"$" : "CodeList Inquiry"
			},
			"TransSubType" : {
				"@tc" : "23700",
				"$" : "General CodeList Inquiry"
			},
			"TransExeDate" : "2018-06-06",
			"TransExeTime" : "04:15:12-04:00",
			"TransMode" : {
				"@tc" : "2",
				"$" : "Original"
			},
			"InquiryLevel" : {
				"@tc" : "3",
				"$" : "Level"
			},
			"TransResult" : {
				"ResultCode" : {
					"@tc" : "1",
					"$" : "Success"
				},
				"ResultInfo" : {
					"@id" : "ResultInfo_1",
					"ResultInfoDesc" : "Get Static Data TCD Execution Successful."
				}
			},
			"OLifE" : {
				"CurrentLanguage" : {
					"@tc" : "9",
					"$" : "English"
				},
				"CodeList" : {
					"CodeListType" : {
						"@tc" : "1",
						"$" : "ACORD Standardised List"
					},
					"KeyCodeType" : {
						"@tc" : "3",
						"$" : "Marital Status"
					},
					"CodeDefinition" : [ {
						"EnumeratedTypeCodeValue" : 3,
						"Name" : "Divorced"
					}, {
						"EnumeratedTypeCodeValue" : 1,
						"Name" : "Married"
					}, {
						"EnumeratedTypeCodeValue" : 2,
						"Name" : "Single"
					}, {
						"EnumeratedTypeCodeValue" : 4,
						"Name" : "Widowed"
					} ]
				}
			}
		}, {
			"TransRefGUID" : "RGGUID022",
			"TransType" : {
				"@tc" : "237",
				"$" : "CodeList Inquiry"
			},
			"TransSubType" : {
				"@tc" : "23700",
				"$" : "General CodeList Inquiry"
			},
			"TransExeDate" : "2018-06-06",
			"TransExeTime" : "04:15:12-04:00",
			"TransMode" : {
				"@tc" : "2",
				"$" : "Original"
			},
			"InquiryLevel" : {
				"@tc" : "3",
				"$" : "Level"
			},
			"TransResult" : {
				"ResultCode" : {
					"@tc" : "1",
					"$" : "Success"
				},
				"ResultInfo" : {
					"@id" : "ResultInfo_2",
					"ResultInfoDesc" : "Get Static Data TCD Execution Successful."
				}
			},
			"OLifE" : {
				"CurrentLanguage" : {
					"@tc" : "9",
					"$" : "English"
				},
				"CodeList" : {
					"CodeListType" : {
						"@tc" : "1",
						"$" : "ACORD Standardised List"
					},
					"KeyCodeType" : {
						"@tc" : "65",
						"$" : "Qualified Plan Option"
					},
					"CodeDefinition" : [ {
						"EnumeratedTypeCodeValue" : 1,
						"Name" : "Non-Qualified"
					}, {
						"EnumeratedTypeCodeValue" : 2,
						"Name" : "401(k)"
					}, {
						"EnumeratedTypeCodeValue" : 44,
						"Name" : "401(a)"
					}, {
						"EnumeratedTypeCodeValue" : 3,
						"Name" : "TSA/403(b)"
					}, {
						"EnumeratedTypeCodeValue" : 5,
						"Name" : "Traditional IRA"
					}, {
						"EnumeratedTypeCodeValue" : 8,
						"Name" : "SEP IRA"
					}, {
						"EnumeratedTypeCodeValue" : 33,
						"Name" : "Spousal IRA"
					}, {
						"EnumeratedTypeCodeValue" : 289,
						"Name" : "Rollover IRA"
					}, {
						"EnumeratedTypeCodeValue" : 50,
						"Name" : "HR10/Keogh"
					}, {
						"EnumeratedTypeCodeValue" : 45,
						"Name" : "Qualified/Other"
					}, {
						"EnumeratedTypeCodeValue" : 4,
						"Name" : "457(b) Plan"
					}, {
						"EnumeratedTypeCodeValue" : 68,
						"Name" : "SIMPLE IRA"
					}, {
						"EnumeratedTypeCodeValue" : 6,
						"Name" : "Roth IRA"
					}, {
						"EnumeratedTypeCodeValue" : 0,
						"Name" : "Unknown"
					}, {
						"EnumeratedTypeCodeValue" : 29,
						"Name" : "Converted Roth IRA"
					}, {
						"EnumeratedTypeCodeValue" : 4,
						"Name" : "457(b) Plan"
					}, {
						"EnumeratedTypeCodeValue" : 5,
						"Name" : "IRA-Regular"
					} ]
				}
			}
		}, {
			"TransRefGUID" : "RGGUID022",
			"TransType" : {
				"@tc" : "237",
				"$" : "CodeList Inquiry"
			},
			"TransSubType" : {
				"@tc" : "23700",
				"$" : "General CodeList Inquiry"
			},
			"TransExeDate" : "2018-06-06",
			"TransExeTime" : "04:15:12-04:00",
			"TransMode" : {
				"@tc" : "2",
				"$" : "Original"
			},
			"InquiryLevel" : {
				"@tc" : "3",
				"$" : "Level"
			},
			"TransResult" : {
				"ResultCode" : {
					"@tc" : "1",
					"$" : "Success"
				},
				"ResultInfo" : {
					"@id" : "ResultInfo_3",
					"ResultInfoDesc" : "Get Static Data TCD Execution Successful."
				}
			},
			"OLifE" : {
				"CurrentLanguage" : {
					"@tc" : "9",
					"$" : "English"
				},
				"CodeList" : {
					"CodeListType" : {
						"@tc" : "2",
						"$" : "NON ACORD List"
					},
					"CodeListCode" : "RELATION_TO_INSURED",
					"CodeDefinition" : [ {
						"EnumeratedStringValue" : 65,
						"Name" : "Accountant"
					}, {
						"EnumeratedStringValue" : 66,
						"Name" : "Agent/Broker"
					}, {
						"EnumeratedStringValue" : 57,
						"Name" : "Associate"
					}, {
						"EnumeratedStringValue" : 42,
						"Name" : "Attorney"
					}, {
						"EnumeratedStringValue" : 43,
						"Name" : "Auditor"
					}, {
						"EnumeratedStringValue" : 31,
						"Name" : "Aunt"
					}, {
						"EnumeratedStringValue" : 51,
						"Name" : "Board"
					}, {
						"EnumeratedStringValue" : 44,
						"Name" : "Bookkeeper"
					}, {
						"EnumeratedStringValue" : 7,
						"Name" : "Brother"
					}, {
						"EnumeratedStringValue" : 25,
						"Name" : "Brother-in-law"
					}, {
						"EnumeratedStringValue" : 76,
						"Name" : "Business Owner"
					}, {
						"EnumeratedStringValue" : 46,
						"Name" : "Chairman"
					}, {
						"EnumeratedStringValue" : 47,
						"Name" : "Chief Executive Officer"
					}, {
						"EnumeratedStringValue" : 48,
						"Name" : "Chief Financial Officer"
					}, {
						"EnumeratedStringValue" : 50,
						"Name" : "Chief Information Officer"
					}, {
						"EnumeratedStringValue" : 49,
						"Name" : "Chief Operations Officer"
					}, {
						"EnumeratedStringValue" : 67,
						"Name" : "Child"
					}, {
						"EnumeratedStringValue" : 45,
						"Name" : "Consultant"
					}, {
						"EnumeratedStringValue" : 68,
						"Name" : "Corporation"
					}, {
						"EnumeratedStringValue" : 29,
						"Name" : "Cousin"
					}, {
						"EnumeratedStringValue" : 77,
						"Name" : "Custodial Part."
					}, {
						"EnumeratedStringValue" : 69,
						"Name" : "Custodian"
					}, {
						"EnumeratedStringValue" : 6,
						"Name" : "Daughter"
					}, {
						"EnumeratedStringValue" : 24,
						"Name" : "Daughter-in-law"
					}, {
						"EnumeratedStringValue" : 70,
						"Name" : "Employee"
					}, {
						"EnumeratedStringValue" : 71,
						"Name" : "Employer"
					}, {
						"EnumeratedStringValue" : 53,
						"Name" : "Estate"
					}, {
						"EnumeratedStringValue" : 9,
						"Name" : "Ex-Husband"
					}, {
						"EnumeratedStringValue" : 10,
						"Name" : "Ex-Wife"
					}, {
						"EnumeratedStringValue" : 41,
						"Name" : "Executive"
					}, {
						"EnumeratedStringValue" : 72,
						"Name" : "Executor"
					}, {
						"EnumeratedStringValue" : 3,
						"Name" : "Father"
					}, {
						"EnumeratedStringValue" : 21,
						"Name" : "Father-in-law"
					}, {
						"EnumeratedStringValue" : 58,
						"Name" : "Fiancee"
					}, {
						"EnumeratedStringValue" : 73,
						"Name" : "Friend"
					}, {
						"EnumeratedStringValue" : 38,
						"Name" : "General"
					}, {
						"EnumeratedStringValue" : 74,
						"Name" : "Godchild"
					}, {
						"EnumeratedStringValue" : 56,
						"Name" : "GodDaughter"
					}, {
						"EnumeratedStringValue" : 34,
						"Name" : "GodFather"
					}, {
						"EnumeratedStringValue" : 35,
						"Name" : "GodMother"
					}, {
						"EnumeratedStringValue" : 55,
						"Name" : "GodSon"
					}, {
						"EnumeratedStringValue" : 59,
						"Name" : "Grandchild"
					}, {
						"EnumeratedStringValue" : 20,
						"Name" : "Granddaughter"
					}, {
						"EnumeratedStringValue" : 17,
						"Name" : "Grandfather"
					}, {
						"EnumeratedStringValue" : 18,
						"Name" : "Grandmother"
					}, {
						"EnumeratedStringValue" : 19,
						"Name" : "Grandson"
					}, {
						"EnumeratedStringValue" : 75,
						"Name" : "Guardian"
					}, {
						"EnumeratedStringValue" : 27,
						"Name" : "HalfBrother"
					}, {
						"EnumeratedStringValue" : 28,
						"Name" : "HalfSister"
					}, {
						"EnumeratedStringValue" : 1,
						"Name" : "Husband"
					}, {
						"EnumeratedStringValue" : 54,
						"Name" : "Legal Agent"
					}, {
						"EnumeratedStringValue" : 36,
						"Name" : "Legal Guardian"
					}, {
						"EnumeratedStringValue" : 4,
						"Name" : "Mother"
					}, {
						"EnumeratedStringValue" : 22,
						"Name" : "Mother-in-law"
					}, {
						"EnumeratedStringValue" : 32,
						"Name" : "Nephew"
					}, {
						"EnumeratedStringValue" : 33,
						"Name" : "Niece"
					}, {
						"EnumeratedStringValue" : 99999999,
						"Name" : "Other"
					}, {
						"EnumeratedStringValue" : 78,
						"Name" : "Other Relative"
					}, {
						"EnumeratedStringValue" : 60,
						"Name" : "Partner"
					}, {
						"EnumeratedStringValue" : 39,
						"Name" : "President"
					}, {
						"EnumeratedStringValue" : 37,
						"Name" : "Secretary"
					}, {
						"EnumeratedStringValue" : 62,
						"Name" : "Self"
					}, {
						"EnumeratedStringValue" : 8,
						"Name" : "Sister"
					}, {
						"EnumeratedStringValue" : 26,
						"Name" : "Sister-in-law"
					}, {
						"EnumeratedStringValue" : 5,
						"Name" : "Son"
					}, {
						"EnumeratedStringValue" : 23,
						"Name" : "Son-in-law"
					}, {
						"EnumeratedStringValue" : 64,
						"Name" : "Spouse"
					}, {
						"EnumeratedStringValue" : 15,
						"Name" : "StepBrother"
					}, {
						"EnumeratedStringValue" : 79,
						"Name" : "StepChild"
					}, {
						"EnumeratedStringValue" : 14,
						"Name" : "StepDaughter"
					}, {
						"EnumeratedStringValue" : 12,
						"Name" : "StepFather"
					}, {
						"EnumeratedStringValue" : 80,
						"Name" : "StepGrandchild"
					}, {
						"EnumeratedStringValue" : 81,
						"Name" : "StepGrandparent"
					}, {
						"EnumeratedStringValue" : 11,
						"Name" : "StepMother"
					}, {
						"EnumeratedStringValue" : 16,
						"Name" : "StepSister"
					}, {
						"EnumeratedStringValue" : 13,
						"Name" : "StepSon"
					}, {
						"EnumeratedStringValue" : 52,
						"Name" : "Tax"
					}, {
						"EnumeratedStringValue" : 63,
						"Name" : "Trust"
					}, {
						"EnumeratedStringValue" : 61,
						"Name" : "Trustee"
					}, {
						"EnumeratedStringValue" : 30,
						"Name" : "Uncle"
					}, {
						"EnumeratedStringValue" : 0,
						"Name" : "Unknown"
					}, {
						"EnumeratedStringValue" : 40,
						"Name" : "Vice President"
					}, {
						"EnumeratedStringValue" : 82,
						"Name" : "Ward"
					}, {
						"EnumeratedStringValue" : 2,
						"Name" : "Wife"
					} ]
				}
			}
		}, {
			"TransRefGUID" : "RGGUID022",
			"TransType" : {
				"@tc" : "237",
				"$" : "CodeList Inquiry"
			},
			"TransSubType" : {
				"@tc" : "23700",
				"$" : "General CodeList Inquiry"
			},
			"TransExeDate" : "2018-06-06",
			"TransExeTime" : "04:15:12-04:00",
			"TransMode" : {
				"@tc" : "2",
				"$" : "Original"
			},
			"InquiryLevel" : {
				"@tc" : "3",
				"$" : "Level"
			},
			"TransResult" : {
				"ResultCode" : {
					"@tc" : "1",
					"$" : "Success"
				},
				"ResultInfo" : {
					"@id" : "ResultInfo_4",
					"ResultInfoDesc" : "Get Static Data TCD Execution Successful."
				}
			},
			"OLifE" : {
				"CurrentLanguage" : {
					"@tc" : "9",
					"$" : "English"
				},
				"CodeList" : {
					"CodeListType" : {
						"@tc" : "2",
						"$" : "Non ACORD List"
					},
					"CodeListCode" : "PERSON_TITLE",
					"CodeDefinition" : [ {
						"EnumeratedStringValue" : "Dr.",
						"Name" : "Dr."
					}, {
						"EnumeratedStringValue" : "Mr.",
						"Name" : "Mr."
					}, {
						"EnumeratedStringValue" : "Mrs.",
						"Name" : "Mrs."
					}, {
						"EnumeratedStringValue" : "Ms.",
						"Name" : "Ms."
					}, {
						"EnumeratedStringValue" : "Miss",
						"Name" : "Miss"
					} ]
				}
			}
		} ]
	}
}