{
   "TXLifeResponse": {
      "TransRefGUID": "d97d64ca-7b4a-46d4-99cb-3472252a6bc9",
      "TransType": {
         "@tc": "106",
         "$": "New Business Policy Number"
      },
      "TransSubType": {
         "@tc": "10600",
         "$": "New Business Policy Number"
      },
      "TransExeDate": "2017-10-13",
      "TransExeTime": "09:05:54",
      "TransResult": {
         "ResultCode": {
            "@tc": "5",
            "$": "Failure"
         },
         "ResultInfo": {
            "ResultInfoCode": {
               "@tc": "-1",
               "$": "Internal Error"
            },
            "ResultInfoDesc": "System Error Occurred"
         }
      }
   }
}