{
 "TXLife": {
   "@Version": "2.36.00",
   "UserAuthRequest": {
      "UserLoginName": "SUPERVIS"
   },
   "TXLifeRequest": {
      "TransRefGUID": "d97d64ca-7b4a-46d4-99cb-3472252a6bc9",
      "TransType": {
         "@tc": "106",
         "$": "New Business Policy Number Request"
      },
      "TransSubType": {
         "@tc": "10600",
         "$": "New Business Policy Number Request"
      },
      "TransExeDate": "2017-09-19",
      "TransExeTime": "19:27:14",
      "OLifE": {
         "Holding": {
            "@id": "Holding_ProposedPolicy",
            "HoldingTypeCode": {
               "@tc": "2",
               "$": "Policy"
            },
            "Policy": {
               "ProductType": {
                  "@tc": "10",
                  "$": "Deferred Annuity"
               },
               "ProductCode": "15",
               "PlanName": "Guaranteed Income for Tomorrow",
               "EffDate": "2018-01-22",
               "CarrierCode": "04",
               "ApplicationInfo": {
                  "HOAssignedAppNumber": "CD_NBSave_MandTags2",
                  "ApplicationJurisdiction": {
                     "@tc": "35",
                     "$": "NJ"
                  },
                  "SignedDate": "2018-01-22",
                  "SignatureInfo": {
                     "SignatureDate": "2018-01-22"
                  }
               }
            }
         }
      }
   }
 }
}