{
   "TXLife": {
      "TXLifeResponse": {
         "TransRefGUID": "NBS28",
         "TransType": {
            "@tc": "302",
            "$": "New Business Search"
         },
         "TransSubType": {
            "@tc": "30200",
            "$": "New Business Search"
         },
         "TransExeDate": "2017-11-06-05:00",
         "TransExeTime": "23:41:15.015-05:00",
         "OLifE": {
            "Holding": {
               "@id": "Holding1",
               "HoldingTypeCode": {
                  "@tc": "2",
                  "$": "Policy"
               },
               "Policy": {
                  "PolNumber": "08615",
                  "PolicyStatus": "Submitted",
                  "PlanName": "",
                  "ProductCode": "",
                  "ModifyDate": "2017-11-06"
               }
            },
            "Party": {
               "@id": "Party1",
               "PartyTypeCode": {
                  "@tc": "1",
                  "$": "Person"
               },
               "GovtID": "854212221",
               "Person": {
                  "FirstName": "Mike",
                  "MiddleName": "",
                  "LastName": "Hammock"
               }
            },
            "Relation": {
               "@id": "Holding1-Party1Relation",
               "@OriginatingObjectID": "Holding1",
               "@RelatedObjectID": "Party1",
               "OriginatingObjectType": {
                  "@tc": "4",
                  "$": "Holding"
               },
               "RelatedObjectType": {
                  "@tc": "6",
                  "$": "Party"
               },
               "RelationRoleCode": {
                  "@tc": "8",
                  "$": "Owner"
               }
            }
         },
         "TransResult": {
            "ResultCode": {
               "@tc": "1",
               "$": "Success"
            },
            "ResultInfo": {
               "ResultInfoDesc": "The transaction was processed successfully"
            }
         }
      }
   }
}