{
   "TXLife": {
      "TXLifeResponse": {
         "TransRefGUID": "ABC123",
         "TransType": {
            "@tc": "302",
            "$": "New Business Search"
         },
         "TransSubType": {
            "@tc": "30200",
            "$": "New Business Search"
         },
         "TransExeDate": "2017-11-06-05:00",
         "TransExeTime": "23:40:23.075-05:00",
         "TransResult": {
            "ResultCode": {
               "@tc": "5",
               "$": "Failure"
            },
            "ResultInfo": {
               "ResultInfoCode": {
                  "@tc": "100",
                  "$": "General Error"
               },
               "ResultInfoDesc": "Validation Error Occurred",
               "OLifEExtension": {
                  "ResultInfoDetail": ""
               }
            }
         }
      }
   }
}