{
   "TXLife": {
      "TXLifeResponse": {
         "TransRefGUID": "f22511aa-ed07-444d-a615-32ec47ffa508",
         "TransType": {
            "@tc": "103",
            "$": "New Business Post Submit"
         },
         "TransSubType": {
            "@tc": "10302",
            "$": "New Business Post Submit"
         },
         "TransExeDate": "2018-10-22-04:00",
         "TransExeTime": "01:13:08.011-04:00",
         "TransResult": {
            "ResultCode": {
               "@tc": "5",
               "$": "Failure"
            },
            "ResultInfo": {
               "ResultInfoCode": {
                  "@tc": "100",
                  "$": "General Error"
               },
               "ResultInfoDesc": "Validation Error Occurred",
               "OLifEExtension": {
                  "ResultInfoDetail": "Multiple causes: cvc-complex-type.2.4.b: The content of element 'Arrangement' is not complete. One of '{\"http://ACORD.org/Standards/Life/2\":NumOfModalOccurrences, \"http://ACORD.org/Standards/Life/2\":DayOfMonth}' is expected."
               }
            }
         }
      }
   }
}