{
    "TXLife": {
        "@Version": "2.36.00",
        "TXLifeResponse": {
            "TransRefGUID": "9dc75840-4f24-670b-90cb-223730842edb",
            "TransType": {
                "@tc": "302",
                "$": "Holding Inquiry"
            },
            "TransSubType": {
                "@tc": "30200",
                "$": "Holding Inquiry"
            },
            "TransExeDate": "2019-02-11",
            "TransExeTime": "22:20:16",
            "OLifE": {
                "Holding": {
                    "@id": "ID-Holding_ProposedPolicy",
                    "HoldingTypeCode": {
                        "@tc": "2",
                        "$": "Policy"
                    },
                    "Policy": {
                        "Life": {
                            "faceamt": null,
                            "AnnualPremAmt": null,
                            "ModalPremAmt": null,
                            "GrossPremAmtMTD": null,
                            "Coverage": null
                        },
                        "PolNumber": 8395,
                        "LineOfBusiness": {
                            "@tc": "0",
                            "$": "Life - Both"
                        },
                        "ProductCode": "Universal Life Insurance",
                        "PlanName": "Standard Flexible VUL",
                        "Annuity": {
                            "Payout": null
                        },
                        "ApplicationInfo": {
                            "TrackingID": 1268,
                            "HOAssignedAppNumber": 1268,
                            "ApplicationJurisdiction": {
                                "@tc": "0"
                            },
                            "SignatureInfo": {
                                "SignatureDate": "2017-08-22"
                            },
                            "SubmissionDate": "2017-08-22",
                            "ApplicationType": null,
                            "LastMaintenanceActivityDate": "2017-08-22",
                            "UserCode": "ALIP System",
                            "CWAAmt": null,
                            "OLifEExtension": {
                                "TotalAnnualPremiumBase": null,
                                "ApplicationStatus": "Submitted",
                                "VIPAppIndicator": 0
                            }
                        }
                    },
                    "Arrangement": {
                        "ArrMode": {
                            "@tc": "3",
                            "$": "Quarterly"
                        },
                        "OLifEExtension": {
                            "AutomaticIncreaseAmount": null,
                            "AutomaticIncreaseOption": null,
                            "SetupDate": "--"
                        }
                    }
                },
                "Party": {
                    "@id": "ID-Prim2",
                    "GovtID": 0,
                    "GovtIDTC": {
                        "@tc": "2",
                        "$": "Taxpayer Identification Number"
                    },
                    "OLifEExtension": {
                        "ALIPClientID": 112
                    }
                },
                "Relation": {
                    "@id": "ID-Prim2Relation",
                    "@OriginatingObjectID": "ID-Holding_ProposedPolicy",
                    "@RelatedObjectID": "ID-Prim2",
                    "OriginatingObjectType": {
                        "@tc": "4",
                        "$": "Holding"
                    },
                    "RelatedObjectType": {
                        "@tc": "6",
                        "$": "Party"
                    },
                    "RelationRoleCode": {
                        "@tc": "32",
                        "$": "Primary"
                    }
                },
                "PolicyProduct": {
                    "ProductCode": 1
                },
                "FinancialStatement": {
                    "BillingStatement": {
                        "BillingDetail": {
                            "PaymentMode": null
                        },
                        "PaymentForm": null
                    }
                }
            },
            "TransResult": {
                "ResultCode": {
                    "@tc": "1",
                    "$": "Success"
                },
                "ResultInfo": {
                    "ResultInfoDesc": "The transaction was processed successfully"
                }
            }
        }
    }
}