{
   "TXLife": {
      "TXLifeResponse": {
         "TransRefGUID": "9e85f76d-1eae-4710-bd62-dcb2feecb468",
         "TransType": {
            "@tc": "103",
            "$": "NBSubmit"
         },
         "TransSubType": {
            "@tc": "10302",
            "$": "NBSubmit"
         },
         "TransExeDate": "2018-09-07-04:00",
         "TransExeTime": "05:17:28.652-04:00",
         "TransResult": {
            "ResultCode": {
               "@tc": "5",
               "$": "Failure"
            },
            "ResultInfo": {
               "ResultInfoCode": {
                  "@tc": "100",
                  "$": "General Error"
               },
               "ResultInfoDesc": "Validation Error Occurred",
               "OLifEExtension": {
                  "ResultInfoDetail": "Multiple causes: cvc-datatype-valid.1.2.1: '' is not a valid value for 'integer'. cvc-attribute.3: The value '' of attribute 'tc' on element 'ns:RelationRoleCode' is not valid with respect to its type, 'OLI_LU_REL_TC'."
               }
            }
         }
      }
   }
}