{
   "TXLife": {
      "TXLifeResponse": {
         "TransRefGUID": "e167c93d-9b07-413f-8591-0efbb62d8dc5",
         "TransType": {
            "@tc": "103",
            "$": "New Business Submit"
         },
         "TransSubType": {
            "@tc": "10306",
            "$": "New Business Submit"
         },
         "TransExeDate": "2018-10-03",
         "TransExeTime": "06:14:52-04:00",
         "TransResult": {
            "ResultCode": {
               "@tc": "5",
               "$": "Failure"
            },
            "ResultInfo": {
               "ResultInfoCode": {
                  "@tc": "100",
                  "$": "General Error"
               },
               "ResultInfoDesc": "Validation Error Occurred",
               "OLifEExtension": {
                  "ResultInfoDetail": "Multiple causes: cvc-datatype-valid.1.2.3: '-1' is not valid. cvc-type.3.1.3: The value of element 'TrackingID' is not valid."
               }
            }
         },
         "OLifE": {
            "Holding": {
               "@id": "Holding_ProposedPolicy",
               "HoldingTypeCode": {
                  "@tc": "2",
                  "$": "Policy"
               },
               "Policy": {
                  "ApplicationInfo": {
                     "TrackingID": "-1"
                  }
               }
            }
         }
      }
   }
}

