{
   "TXLife": {
      "TXLifeResponse": {
         "TransRefGUID": "test_101206",
         "TransType": {
            "@tc": "103",
            "$": "New Business Submit"
         },
         "TransSubType": {
            "@tc": "10302",
            "$": "NBSubmit"
         },
         "TransExeDate": "2014-09-19",
         "TransExeTime": "19:27:14",
         "TransResult": {
            "ResultCode": {
               "@tc": "1",
               "$": "Success"
            },
            "ResultInfo": {
               "ResultInfoDesc": "Application was successfully received"
            }
         }
      }
   }
}