{
  "TXLife": {
   "@Version": "2.36.00",
    "TXLifeRequest": {
      "TransRefGUID": "8f0caac1-25fa-49e6-a957-13874fc6fb3a",
      "TransType": {
        "@tc": "502",
        "$": "Holding Change"
      },
      "TransSubType": {
        "@tc": "50204",
        "$": "Change Existing Holding"
      },
      "TransEffDate": "2018-05-13",
      "TransMode": {
        "@tc": "2",
        "$": "Original request"
      },
      "OLifE": {
        "Holding": [{
          "@id": "Holding_1",
          "HoldingTypeCode": {
            "@tc": "7",
            "$": "Banking"
          },
          "Banking": {
            "@id": "Banking1",
            "@DataRep": "Full",
            "BankAcctType": {
              "@tc": "2",
              "$": "Checking"
            },
            "AccountNumber": "1122334455",
            "RoutingNum": "021200339",
            "AcctHolderName": "Walt Mello",
            "BankName": "Best Bank of America"
          }
        }]
      }
    }
  }
}
