{
   "TXLife": {
      "TXLifeRequest": {
         "@PrimaryObjectID": "Holding_1",
         "TransRefGUID": {
            "$": "ec9736e1-41d9-4925-8c6a-e97b96274bbd"
         },
         "TransType": {
            "@tc": "508",
            "$": "Payment Transaction"
         },
         "TransSubType": {
            "@tc": "50800",
            "$": "Payment Transaction"
         },
         "TransExeDate": {
            "$": "2018-02-07"
         },
         "TransExeTime": {
            "$": "13:43:52"
         },
         "TransMode": {
            "@tc": "2",
            "$": "Original request"
         },
         "OLifE": {
            "@Version": "2.36.00",
            "Holding": {
               "@id": "Holding_1",
               "HoldingTypeCode": {
                  "@tc": "2",
                  "$": "Policy"
               },
               "CurrencyTypeCode": {
                  "@tc": "840",
                  "$": "USD (United States Dollar)"
               },
               "Policy": {
                  "PolNumber": {
                     "$": "08610"
                  },
                  "CarrierCode": {
                     "$": "Default Company"
                  },
                  "FinancialActivity": {
                     "@id": "FinActivity_1",
                     "FinActivityType": {
                        "@tc": "2",
                        "$": "Loan Payment"
                     },
                     "FinActivityGrossAmt": {
                        "$": "4500"
                     },
                     "FinActivityNetAmt": {
                        "$": "4500"
                     },
                     "FinEffDate": {
                        "$": "2019-03-07"
                     },
                     "OrderDate": {
                        "$": "2019-03-07"
                     },
                     "ReportingTaxYear": {
                        "$": "2020"
                     },
                     "Payment": {
                        "PaymentForm": {
                           "@tc": "1",
                           "$": "Cash"
                        },
                        "CheckNo": {
                           "$": "A1234"
                        },
                        "SourceOfFundsTC": {
                           "@tc": "17",
                           "$": "Rollover/Transfer - Another Insurance Policy"
                        },
                        "OLifEExtension": {
                           "PreviousSourceType": {
                              "@tc": "2147483647",
                              "$": "Internal 1035: Life"
                           }
                        }
                     },
                     "OLifEExtension": {
                        "PreviousTaxYear": {
                           "$": "2020"
                        },
                        "SuspenseReason": {
                           "$": "Loan"
                        },
                        "PreviousContributionAmount": {
                           "$": "3000"
                        },
                        "CurrentContributionAmount": {
                           "$": "3000"
                        },
                        "ApplySuspense": {
                           "$": "Yes"
                        }
                     }
                  }
               }
            },
            "Party": {
               "@id": "Party_1",
               "PartyTypeCode": {
                  "@tc": "1",
                  "$": "Person"
               },
               "GovtIDTC": {
                  "@tc": "1",
                  "$": "123456789"
               },
               "IDReferenceNo": {
                  "$": "EXT12345"
               },
               "Person": {
                  "FirstName": {
                     "$": "Walt"
                  },
                  "LastName": {
                     "$": "Mello"
                  }
               }
            },
            "Relation": {
               "@OriginatingObjectID": "Holding_1",
               "@RelatedObjectID": "Party_1",
               "@id": "Relation_1",
               "OriginatingObjectType": {
                  "@tc": "4",
                  "$": "Holding"
               },
               "RelatedObjectType": {
                  "@tc": "6",
                  "$": "Party"
               },
               "RelationRoleCode": {
                  "@tc": "8",
                  "$": "Owner"
               }
            }
         }
      }
   }
}