{
   "TXLife": {
      "TXLifeResponse": {
         "TransRefGUID": {
            "$": "ec9736e1-41d9-4925-8c6a-e97b96274bbd"
         },
         "TransType": {
            "@tc": "508",
            "$": "Payment Transaction"
         },
         "TransSubType": {
            "@tc": "50800",
            "$": "Payment Transaction"
         },
         "TransExeDate": {
            "$": "2018-02-14-05:00"
         },
         "TransExeTime": {
            "$": "09:01:08.937-05:00"
         },
         "TransResult": {
            "ResultCode": {
               "@tc": "1",
               "$": "Success"
            },
            "ResultInfo": {
               "ResultInfoDesc": {
                  "$": "The transaction was processed successfully"
               },
               "OLifEExtension": {
                  "SuspenseID": {
                     "$": "7760"
                  }
               }
            }
         }
      }
   }
}