{
  "TXLife": {
   "TXLifeResponse": {
      "TransRefGUID": "d3ac00aa-6ab6-6769-6fbf-cfe35785d674",
      "TransType": {
         "@tc": "102",
         "$": "Fund Transfer"
      },
      "TransSubType": {
         "@tc": "10200",
         "$": "Fund Transfer Only"
      },
      "TransExeDate": "2017-05-01",
      "TransExeTime": "10:26:55",
      "TransMode": {
         "@tc": "2",
         "$": "Original request"
      },
      "TransResult": {
         "ResultCode": {
            "@tc": "5",
            "$": "Failure"
         },
         "ResultInfo": {
            "@id": "ResultInfo_1",
            "ResultInfoDesc": "Invalid operation path followed.Please follow correct path for the opertion"
         }
      }
   }
  } 
}

