{
	"TXLife" : {
		"TXLifeResponse" : {
			"TransRefGUID" : "bd98f5fa-f8a0-00f4-1bcf-8534a2601203",
			"TransType" : {
				"@tc" : "213",
				"$" : "Holding Product Inquiry"
			},
			"TransSubType" : {
				"@tc" : "21300",
				"$" : "Allowed Transaction on the Policy"
			},
			"TransExeDate" : "2017-05-04",
			"TransExeTime" : "11:07:53",
			"TransMode" : {
				"@tc" : "2",
				"$" : "Original"
			},
			"InquiryLevel" : {
				"@tc" : "3",
				"$" : "Level"
			},
			"TransResult" : {
				"ResultCode" : {
					"@tc" : "1",
					"$" : "Success"
				}
			},
			"OLifE" : {
                                "@Version": "2.36.00",
				"Holding" : {
					"@id" : "Holding_1",
					"HoldingTypeCode" : {
						"@tc" : "2",
						"$" : "Policy"
					},
					"Policy" : {
						"PolNumber" : "839438",
						"ProductCode" : "839",
						"CarrierCode" : "048"
					}
				},
				"PolicyProduct" : {
				"@id" : "pp_1",
					"PolicyProductKey" : "P01",
					"ProductCode" : 839,
					"Description" : "Term Life",
					"LifeProduct" : {
						"FeatureTransactionProduct" : [ {
							"@id" : "ftp_1",
							"TransType" : {
								"@tc" : "19",
								"$" : "Initial Premium"
							}
						}, {
							"@id" : "ftp_5",
							"TransType" : {
								"@tc" : "30",
								"$" : "Free Look Transfer"
							}
						}, {
							"@id" : "ftp_13",
							"TransType" : {
								"@tc" : "230",
								"$" : "Unplanned Premium"
							}
						}, {
							"@id" : "ftp_15",
							"TransType" : {
								"@tc" : "1",
								"$" : "Transfer"
							}
						}, {
							"@id" : "ftp_18",
							"Arrangement" : {
								"ArrType" : {
									"@tc" : "2",
									"$" : "Dollar Cost Average"
								}
							}
						}, {
							"@id" : "ftp_19",
								"ArrType" : {
									"@tc" : "3",
									"$" : "Automatic Rebalance"
								}
							
						}, {
							"@id" : "ftp_26",
								"ArrType" : {
									"@tc" : "38",
									"$" : "Systematic Withdrawal"
								}
							
						}, {
							"@id" : "ftp_27",
							"TransType" : {
								"@tc" : "58",
								"$" : "Withdrawal"
							}
						}, {
							"@id" : "ftp_31",
							"TransType" : {
								"@tc" : "50",
								"$" : "Loan"
							},
							"OLifEExtension" : {
								"ObjectType" : {
									"@tc" : "31",
									"$" : "Investment"
								}
							}
						} ]
					}
				}
			}
		}
	}
}