{
  "TXLife": {
   "TXLifeRequest": {
      "@PrimaryObjectID": "Holding_1",
      "TransRefGUID": "123456789",
      "TransType": {
         "@tc": "105",
         "$": "Withdrawal"
      },
      "TransEffDate": "2015-01-19",
      "TransMode": {
         "@tc": "2",
         "$": "Original request"
      },
      "OLifE": {
         "@Version": "2.36.00",
         "Holding": [
            {
               "@id": "Holding_1",
               "HoldingTypeCode": {
                  "@tc": "2",
                  "$": "Policy"
               },
               "Policy": {
                  "PolNumber": "086346",
                  "ProductCode": "086",
                  "CarrierCode": "ABC",
                  "FinancialActivity": {
                     "@id": "FinActivity_1",
                     "@ArrangementRefID": "Arrangement_1",
                     "FinActivityType": {
                        "@tc": "6",
                        "$": "Specified Dollar Amount Withdrawal (Net)"
                     },
                     "FinActivityNetAmt": "1000",
                     "FinEffDate": "2015-01-17",
                     "OrderDate": "2015-01-16",
                     "Payment": {
                        "@id": "Payment_1",
                        "@BankHoldingID": "Disbursement_Bank",
                        "@PayeeID": "Party_1",
                        "PaymentForm": {
                           "@tc": "7",
                           "$": "Electronic Funds Transfer"
                        },
                        "CreateCheckInd": {
                           "@tc": "0",
                           "$": "False"
                        },
                        "PayeeRelationRoleCode": {
                           "@tc": "18",
                           "$": "Owner"
                        },
                        "PayeeName": "Walt Mello"
                     }
                  }
               },
               "Investment": {
                  "@id": "Investment_1",
                  "SubAccount": [
                     {
                        "@id": "SubAccount_1",
                        "SubAccountKey": "0A_0D"
                     },
                     {
                        "@id": "SubAccount_2",
                        "SubAccountKey": "0A_0E"
                     }
                  ]
               },
               "Arrangement": {
                  "@id": "Arrangement_1",
                  "ArrMode": {
                     "@tc": "9",
                     "$": "Single Payment"
                  },
                  "ArrType": {
                     "@tc": "58",
                     "$": "One Time Withdrawal"
                  },
                  "ArrSubType": {
                     "@tc": "4",
                     "$": "Specified Amount Withdrawal"
                  },
                  "ModalAmt": "1000",
                  "AmountQualifier": {
                     "@tc": "1",
                     "$": "Net"
                  },
                  "ArrSource": [
                     {
                        "@id": "ArrSource_1",
                        "@SubAcctID": "SubAccount_1",
                        "TransferAmt": "600"
                     },
                     {
                        "@id": "ArrSource_2",
                        "@SubAcctID": "SubAccount_2",
                        "TransferAmt": "400"
                     }
                  ]
               }
            },
            {
               "@id": "Disbursement_Bank",
               "HoldingTypeCode": {
                  "@tc": "7",
                  "$": "Banking"
               },
               "Banking": {
                  "@id": "Banking1",
                  "@AppliesToPartyID": "Party_1",
                  "BankAcctType": {
                     "@tc": "2",
                     "$": "Checking"
                  },
                  "AccountNumber": "1122334455",
                  "RoutingNum": "1234567890",
                  "AcctHolderName": "Walt Mello",
                  "BankName": "Best Bank of America"
               }
            }
         ],
         "Party": {
            "@id": "Party_1",
            "PartyTypeCode": {
               "@tc": "1",
               "$": "Person"
            },
            "Person": {
               "FirstName": "Walt",
               "LastName": "Mello"
            }
         },
         "Relation": {
            "@id": "Relation_2",
            "@RelatedObjectID": "Party_1",
            "@OriginatingObjectID": "Holding_1",
            "RelationRoleCode": {
               "@tc": "8",
               "$": "Owner"
            }
         }
      }
   }
  } 
}