{
   "TXLife": {
      "TXLifeResponse": {
         "TransRefGUID": "ec9736e1-41d9-4925-8c6a-e97b96274bbd",
         "TransType": {
            "@tc": "508",
            "$": "Payment Transaction"
         },
         "TransSubType": {
            "@tc": "50800",
            "$": "Payment Transaction"
         },
         "TransExeDate": "2018-02-08-05:00",
         "TransExeTime": "08:02:23.677-05:00",
         "TransResult": {
            "ResultCode": {
               "@tc": "5",
               "$": "Failure"
            },
            "ResultInfo": {
               "ResultInfoCode": {
                  "@tc": "100",
                  "$": "General Error"
               },
               "ResultInfoDesc": "1031:A loan trans must proceed creating a loan repayment trans."
               
            }
         }
      }
   }
}