{
    "TXLife": {
        "TXLifeResponse": {
            "TransRefGUID": "06f484dd-26c8-9873-f0dd-adb8e4169303",
            "TransType": {
                "@tc": "508",
                "$": "Payment Transaction"
            },
            "TransSubType": {
                "@tc": "50800",
                "$": "Payment Transaction"
            },
            "TransExeDate": "2019-04-11-04:00",
            "TransExeTime": "11:20:17.435-04:00",
            "TransResult": {
                "ResultCode": {
                    "@tc": "1",
                    "$": "Success"
                },
                "ResultInfo": {
                    "ResultInfoDesc": "The transaction was processed successfully",
                    "OLifEExtension": {
                        "SuspenseID": 5984
                    }
                }
            }
        }
    }
}