{
   "TXLife": {
     "TXLifeRequest": {
         "TransEffDate": "2017-11-05",
         "TransRefGUID": "3612934c-0155-4009-a6f0-04558a33b859",
         "TransType": {
            "@tc": "102",
            "$": "Fund Transfer"
         },
		 "TransSubType": {
            "@tc": "10200",
            "$": "Fund Transfer"
         },
         "TransMode": {
            "@tc": "2",
            "$": "Original request"
         },
         "OLifE": {
            "Holding": [{
               "@id": "Holding_1",
               "HoldingTypeCode": {
                  "@tc": "2",
                  "$": "Policy"
               },
               "Policy": {
                  "PolNumber": "839118",
                  "ProductCode": "839",
                  "CarrierCode": "Default Record"
               },
               "Arrangement": [{
                  "ArrMode": {
                     "@tc": "9",
                     "$": "Single Payment"
                  },
                  "ArrType": {
                     "@tc": "1",
                     "$": "Transfer"
                  },
                  "ArrSubType": {
                     "@tc": "29",
                     "$": "Specified Amount Transfer"
                  },
                  "ModalAmt": "45.257217",
                  "SourceTransferAmtType": {
                     "@tc": "2",
                     "$": "Amounts"
                  },
                  "DestTransferAmtType": {
                     "@tc": "2",
                     "$": "Amounts"
                  },
                  "ArrSource": [{
                     "@SubAcctID": "SubAccount_1",
                     "TransferAmt": "45.257217"
                  }],
                  "ArrDestination": [{
                     "@SubAcctID": "SubAccount_2",
                     "TransferAmt": "45.257217"
                  }]
               }],
               "Investment": [{
				   "SubAccount": [
					  {
						 "@id": "SubAccount_1",
						 "SubAccountKey": "0H_04"
					  },
					  {
						 "@id": "SubAccount_2",
						 "SubAccountKey": "0B_02"
					  }
					]
               }]
            }]
         }
      }
   }
}