{
    "TXLife": {
        "TXLifeResponse": {
            "TransRefGUID": "381f01fd-63ad-3d43-db18-d4bc1bccaecf",
            "TransType": {
                "@tc": "213",
                "$": "Financial Activity Inquiry"
            },
            "TransSubType": {
                "@tc": "21300",
                "$": "Allowed Transactions on the Policy"
            },
            "TransExeDate": "2018-11-18-05:00",
            "TransExeTime": "23:53:22.448-05:00",
            "TransResult": {
                "ResultCode": {
                    "@tc": "5",
                    "$": "Failure"
                },
                "ResultInfo": {
                    "ResultInfoCode": {
                        "@tc": "10",
                        "$": "General Error"
                    },
                    "ResultInfoDesc": "Contract does not exist in ALIP."
                }
            }
        }
    }
}