{
    "TXLife": {
        "TXLifeResponse": {
            "TransRefGUID": "398d2032-ea3f-a10f-7222-d369198f94c5",
            "TransType": {
                "@tc": "213",
                "$": "Financial Activity Inquiry"
            },
            "TransSubType": {
                "@tc": "21301",
                "$": "History of Allowed Transactions on the Policy"
            },
            "TransExeDate": "2018-11-19",
            "TransExeTime": "00:18:32",
            "TransResult": {
                "ResultCode": {
                    "@tc": "1",
                    "$": "Success"
                }
            },
            "OLifE": {
                "Holding": {
                    "@id": "Holding_1",
                    "HoldingTypeCode": {
                        "@tc": "2",
                        "$": "Policy"
                    },
                    "HoldingName": "Term Life Insurance",
                    "Policy": {
                        "PolNumber": "0761",
                        "ProductCode": "2",
                        "CarrierCode": "076",
                        "OLifEExtension": {
                            "isTrad": true
                        },
                        "PolicyValue": null,
                        "FinancialActivity": [
                            {
                                "@id": "fa_1",
                                "FinActivityType": {
                                    "@tc": "7",
                                    "$": "Trad Initial Premium"
                                },
                                "FinActivityStatus": {
                                    "@tc": "2",
                                    "$": "Completed"
                                },
                                "ReversalInd": {
                                    "@tc": "0",
                                    "$": "False"
                                },
                                "FinActivityGrossAmt": 4000,
                                "FinActivityDate": "2017-01-01",
                                "FinEffDate": "2017-01-01",
                                "FinancialActivitySysKey": 4
                            },
                            {
                                "@id": "fa_6",
                                "FinActivityType": {
                                    "@tc": "30",
                                    "$": "Free Look Transfer"
                                },
                                "FinActivityStatus": {
                                    "@tc": "2",
                                    "$": "Completed"
                                },
                                "ReversalInd": {
                                    "@tc": "0",
                                    "$": "False"
                                },
                                "FinActivityGrossAmt": 0,
                                "FinActivityDate": "2017-02-01",
                                "FinEffDate": "2017-01-11",
                                "FinancialActivitySysKey": 310
                            }
                        ]
                    }
                }
            }
        }
    }
}