{
    "TXLife": {
        "TXLifeResponse": {
            "TransRefGUID": "3f942175-38e7-4545-0ced-36e3b1dbba14",
            "TransType": {
                "@tc": "213",
                "$": "Financial Activity Inquiry"
            },
            "TransSubType": {
                "@tc": "21301",
                "$": "History of Allowed Transactions on the Policy"
            },
            "TransExeDate": "2018-11-19",
            "TransExeTime": "00:03:35",
            "TransResult": {
                "ResultCode": {
                    "@tc": "1",
                    "$": "Success"
                }
            },
            "OLifE": {
                "Holding": {
                    "@id": "Holding_1",
                    "HoldingTypeCode": {
                        "@tc": "2",
                        "$": "Policy"
                    },
                    "HoldingName": "Term Life Insurance",
                    "Policy": {
                        "PolNumber": "0761",
                        "ProductCode": "2",
                        "CarrierCode": "076",
                        "OLifEExtension": {
                            "isTrad": true
                        },
                        "PolicyValue": null
                    }
                }
            }
        }
    }
}