{
   "TXLife": {
      "UserAuthRequest": {
         "UserLoginName": "SUPERVIS"
      },
      "TXLifeRequest": {
         "TransRefGUID": "ec9736e1-41b9-4625-8b64-e97b86274bbd",
         "TransType": {
            "@tc": "508",
            "$": "Payment Transaction"
         },
         "TransSubType": {
            "@tc": "18507",
            "$": "Payment Reverse"
         },
         "TransExeDate": "2018-01-01",
         "TransExeTime": "00:00:00",
         "OLifE": {
            "Holding": {
               "@id": "H_1324",
               "Policy": {
                  "PolNumber": "086142",
                  "FinancialActivity": {
                     "TransConfirmNum": "18941",
                     "OLifEExtension": {
                        "ReversalReasonCode": 13,
                        "ReversalReason": "Eft Return"
                        
                     }
                  }
               }
            }
         }
      }
   }
}