{
   "TXLife": {
      "TXLifeResponse": {
         "TransRefGUID": "ec9736e1-41d9-4925-8c6a-e97b96274bbd",
         "TransType": {
            "@tc": "508",
            "$": "Payment Transaction"
         },
         "TransSubType": {
            "@tc": "18507 ",
            "$": "Payment Reversal"
         },
         "TransExeDate": "2018-03-13-04:00",
         "TransExeTime": "13:35:23.747-04:00",
         "TransResult": {
            "ResultCode": {
               "@tc": "1",
               "$": "Success"
            },
            "ResultInfo": {
               "ResultInfoDesc": "The Transaction was processed successfully"
            }
         }
      }
   }
}