{
 "TXLife": {
   "TXLifeRequest": {
"@Version": "2.36.00",
      "@PrimaryObjectID": "Holding_1",
      "TransRefGUID": "06f484bc-19c8-9873-f1ba-adb8e4169488",
      "TransType": {
         "@tc": "185",
         "$": "Financial Activity"
      },
      "TransSubType": {
         "@tc": "18500",
        "$": "One time Rebalance Transaction"
      },
      "TransEffDate": "2016-02-24",
      "TransMode": {
         "@tc": "2",
         "$": "Original request"
      },
      "OLifE": {
         "@Version": "2.36.00",
         "Holding": {
            "@id": "Holding_1",
            "HoldingTypeCode": {
               "@tc": "2",
               "$": "Policy"
            },
            "Policy": {
               "PolNumber": "08695",
               "ProductCode": "086",
               "CarrierCode": "ABC",
               "FinancialActivity": {
                  "@id": "fa_pol_1",
                  "FinActivityType": {
                     "@tc": "18",
                     "$": "Asset Rebalancing"
                  },
                  "FinEffDate": "2016-02-24",
                  "FinancialActivityInfo": [
                     {
                        "@id": "fai_sa_1",
                        "@FinancialActivityID": "fa_sa_1"
                     },
                     {
                        "@id": "fai_sa_2",
                        "@FinancialActivityID": "fa_sa_2"
                     }
                  ]
               }
            },
            "Investment": {
               "@id": "Investment_1",
               "SubAccount": [
                  {
                     "@id": "SubAccount_1",
                     "SubAccountKey": "0F_04",
                     "FinancialActivity": {
                        "@id": "fa_sa_1",
                        "FinActivityType": {
                           "@tc": "18",
                           "$": "Asset Rebalancing"
                        },
                        "FinActivityPct": "60",
                        "FinEffDate": "2016-02-24"
                     }
                  },
                  {
                     "@id": "SubAccount_2",
                     "SubAccountKey": "0D_07",
                     "FinancialActivity": {
                        "@id": "fa_sa_2",
                        "FinActivityType": {
                           "@tc": "18",
                           "$": "Asset Rebalancing"
                        },
                        "FinActivityPct": "40",
                        "FinEffDate": "2016-02-24"
                     }
                  }
               ]
            }
         }
      }
   }
  } 
}
