{
  "TXLife": {
   "TXLifeRequest": {
      "@PrimaryObjectID": "Holding_1",
      "TransRefGUID": "06f484dd-26c8-9873-f0dd-adb8e4169388",
      "TransType": {
         "@tc": "105",
         "$": "Withdrawal"
      },
      "TransEffDate": "2015-01-30",
      "TransMode": {
         "@tc": "2",
         "$": "Original request"
      },
      "OLifE": {
         "@Version": "2.36.00",
         "Holding": [{
            "@id": "Holding_1",
            "HoldingTypeCode": {
               "@tc": "2",
               "$": "Policy"
            },
            "Policy": {
               "PolNumber": "086346",
               "ProductCode": "086",
               "CarrierCode": "ABC",
               "FinancialActivity": {
                  "@id": "FinActivity_1",
                  "@ArrangementRefID": "Arrangement_1",
                  "FinActivityType": {
                     "@tc": "6",
                     "$": "Specified Dollar Amount Withdrawal (Net)"
                  },
                  "FinActivityNetAmt": "1000",
                  "FinEffDate": "2003-05-12",
                  "OrderDate": "2003-05-09",
                  "Payment": {
                     "@id": "Payment_1",
                     "PaymentForm": {
                        "@tc": "10",
                        "$": "Corporate Check"
                     },
                     "CreateCheckInd": {
                        "@tc": "1",
                        "$": "True"
                     }
                  }
               }
            },
            "Investment": {
               "@id": "Investment_1",
               "SubAccount": [{
                  "@id": "SubAccount_1",
                  "SubAccountKey": "0D_07"
               }]
            },
            "Arrangement": {
               "@id": "Arrangement_1",
               "ArrMode": {
                  "@tc": "9",
                  "$": "Single Payment"
               },
               "ArrType": {
                  "@tc": "58",
                  "$": "One Time Withdrawal"
               },
               "ArrSubType": {
                  "@tc": "4",
                  "$": "Specified Amount Withdrawal"
               },
               "ModalAmt": "1000",
               "AmountQualifier": {
                  "@tc": "1",
                  "$": "Net"
               },
               "ArrSource": [{
                  "@id": "ArrSource_1",
                  "@SubAcctID": "SubAccount_1",
                  "TransferAmt": "1000"
               }]
            }
         }]
      }
   }
  } 
}