{
    "TXLife": {
        "TXLifeResponse": {
            "TransRefGUID": "06f484dd-26c8-9873-f0dd-adb8e4169388",
            "TransType": {
                "@tc": "105",
                "$": "Withdrawal"
            },
            "TransSubType": {
                "@tc": ""
            },
            "TransExeDate": "2019-04-10-04:00",
            "TransExeTime": "14:39:21.963-04:00",
            "TransResult": {
                "ResultCode": {
                    "@tc": "1",
                    "$": "Success"
                },
                "ResultInfo": {
                    "ResultInfoCode": {
                        "@tc": "1",
                        "$": "Withdrawal"
                    }
                  
                }
            }
        }
    }
}