{
	"$schema": "http://json-schema.org/draft-04/schema#",
	"definitions": {},
	"id": "http://example.com/example.json",
	"properties": {
		"TXLife": {
			"id": "/properties/TXLife",
			"properties": {
				"TXLifeRequest": {
					"id": "/properties/TXLife/properties/TXLifeRequest",
					"properties": {
						"@PrimaryObjectID": {
							"id": "/properties/TXLife/properties/TXLifeRequest/properties/@PrimaryObjectID",
							"type": "string"
						},
						"OLifE": {
							"id": "/properties/TXLife/properties/TXLifeRequest/properties/OLifE",
							"properties": {
								"Holding": {
									"id": "/properties/TXLife/properties/TXLifeRequest/properties/OLifE/properties/Holding",
									"items": {
										"id": "/properties/TXLife/properties/TXLifeRequest/properties/OLifE/properties/Holding/items",
										"properties": {
											"@id": {
												"id": "/properties/TXLife/properties/TXLifeRequest/properties/OLifE/properties/Holding/items/properties/@id",
												"type": "string"
											},
											"Arrangement": {
												"id": "/properties/TXLife/properties/TXLifeRequest/properties/OLifE/properties/Holding/items/properties/Arrangement",
												"properties": {
													"@DataRep": {
														"id": "/properties/TXLife/properties/TXLifeRequest/properties/OLifE/properties/Holding/items/properties/Arrangement/properties/@DataRep",
														"type": "string"
													},
													"@id": {
														"id": "/properties/TXLife/properties/TXLifeRequest/properties/OLifE/properties/Holding/items/properties/Arrangement/properties/@id",
														"type": "string"
													},
													"ArrDestination": {
														"id": "/properties/TXLife/properties/TXLifeRequest/properties/OLifE/properties/Holding/items/properties/Arrangement/properties/ArrDestination",
														"items": {
															"id": "/properties/TXLife/properties/TXLifeRequest/properties/OLifE/properties/Holding/items/properties/Arrangement/properties/ArrDestination/items",
															"properties": {
																"@SubAcctID": {
																	"id": "/properties/TXLife/properties/TXLifeRequest/properties/OLifE/properties/Holding/items/properties/Arrangement/properties/ArrDestination/items/properties/@SubAcctID",
																	"type": "string"
																},
																"@id": {
																	"id": "/properties/TXLife/properties/TXLifeRequest/properties/OLifE/properties/Holding/items/properties/Arrangement/properties/ArrDestination/items/properties/@id",
																	"type": "string"
																},
																"TransferPct": {
																	"id": "/properties/TXLife/properties/TXLifeRequest/properties/OLifE/properties/Holding/items/properties/Arrangement/properties/ArrDestination/items/properties/TransferPct",
																	"type": "integer"
																}
															},
															"type": "object"
														},
														"type": "array"
													},
													"ArrMode": {
														"id": "/properties/TXLife/properties/TXLifeRequest/properties/OLifE/properties/Holding/items/properties/Arrangement/properties/ArrMode",
														"properties": {
															"$": {
																"id": "/properties/TXLife/properties/TXLifeRequest/properties/OLifE/properties/Holding/items/properties/Arrangement/properties/ArrMode/properties/$",
																"type": "string"
															},
															"@tc": {
																"id": "/properties/TXLife/properties/TXLifeRequest/properties/OLifE/properties/Holding/items/properties/Arrangement/properties/ArrMode/properties/@tc",
																"type": "string"
															}
														},
														"type": "object"
													},
													"ArrSource": {
														"id": "/properties/TXLife/properties/TXLifeRequest/properties/OLifE/properties/Holding/items/properties/Arrangement/properties/ArrSource",
														"items": {
															"id": "/properties/TXLife/properties/TXLifeRequest/properties/OLifE/properties/Holding/items/properties/Arrangement/properties/ArrSource/items",
															"properties": {
																"@SubAcctID": {
																	"id": "/properties/TXLife/properties/TXLifeRequest/properties/OLifE/properties/Holding/items/properties/Arrangement/properties/ArrSource/items/properties/@SubAcctID",
																	"type": "string"
																},
																"@id": {
																	"id": "/properties/TXLife/properties/TXLifeRequest/properties/OLifE/properties/Holding/items/properties/Arrangement/properties/ArrSource/items/properties/@id",
																	"type": "string"
																},
																"TransferPct": {
																	"id": "/properties/TXLife/properties/TXLifeRequest/properties/OLifE/properties/Holding/items/properties/Arrangement/properties/ArrSource/items/properties/TransferPct",
																	"type": "integer"
																}
															},
															"type": "object"
														},
														"type": "array"
													},
													"ArrType": {
														"id": "/properties/TXLife/properties/TXLifeRequest/properties/OLifE/properties/Holding/items/properties/Arrangement/properties/ArrType",
														"properties": {
															"$": {
																"id": "/properties/TXLife/properties/TXLifeRequest/properties/OLifE/properties/Holding/items/properties/Arrangement/properties/ArrType/properties/$",
																"type": "string"
															},
															"@tc": {
																"id": "/properties/TXLife/properties/TXLifeRequest/properties/OLifE/properties/Holding/items/properties/Arrangement/properties/ArrType/properties/@tc",
																"type": "string"
															}
														},
														"type": "object"
													},
													"DestTransferAmtType": {
														"id": "/properties/TXLife/properties/TXLifeRequest/properties/OLifE/properties/Holding/items/properties/Arrangement/properties/DestTransferAmtType",
														"properties": {
															"$": {
																"id": "/properties/TXLife/properties/TXLifeRequest/properties/OLifE/properties/Holding/items/properties/Arrangement/properties/DestTransferAmtType/properties/$",
																"type": "string"
															},
															"@tc": {
																"id": "/properties/TXLife/properties/TXLifeRequest/properties/OLifE/properties/Holding/items/properties/Arrangement/properties/DestTransferAmtType/properties/@tc",
																"type": "string"
															}
														},
														"type": "object"
													},
													"ModalAmt": {
														"id": "/properties/TXLife/properties/TXLifeRequest/properties/OLifE/properties/Holding/items/properties/Arrangement/properties/ModalAmt",
														"type": "number"
													},
													"SourceTransferAmtType": {
														"id": "/properties/TXLife/properties/TXLifeRequest/properties/OLifE/properties/Holding/items/properties/Arrangement/properties/SourceTransferAmtType",
														"properties": {
															"$": {
																"id": "/properties/TXLife/properties/TXLifeRequest/properties/OLifE/properties/Holding/items/properties/Arrangement/properties/SourceTransferAmtType/properties/$",
																"type": "string"
															},
															"@tc": {
																"id": "/properties/TXLife/properties/TXLifeRequest/properties/OLifE/properties/Holding/items/properties/Arrangement/properties/SourceTransferAmtType/properties/@tc",
																"type": "string"
															}
														},
														"type": "object"
													}
												},
												"type": "object"
											},
											"HoldingTypeCode": {
												"id": "/properties/TXLife/properties/TXLifeRequest/properties/OLifE/properties/Holding/items/properties/HoldingTypeCode",
												"properties": {
													"$": {
														"id": "/properties/TXLife/properties/TXLifeRequest/properties/OLifE/properties/Holding/items/properties/HoldingTypeCode/properties/$",
														"type": "string"
													},
													"@tc": {
														"id": "/properties/TXLife/properties/TXLifeRequest/properties/OLifE/properties/Holding/items/properties/HoldingTypeCode/properties/@tc",
														"type": "string"
													}
												},
												"type": "object"
											},
											"Investment": {
												"id": "/properties/TXLife/properties/TXLifeRequest/properties/OLifE/properties/Holding/items/properties/Investment",
												"properties": {
													"@id": {
														"id": "/properties/TXLife/properties/TXLifeRequest/properties/OLifE/properties/Holding/items/properties/Investment/properties/@id",
														"type": "string"
													},
													"SubAccount": {
														"id": "/properties/TXLife/properties/TXLifeRequest/properties/OLifE/properties/Holding/items/properties/Investment/properties/SubAccount",
														"items": {
															"id": "/properties/TXLife/properties/TXLifeRequest/properties/OLifE/properties/Holding/items/properties/Investment/properties/SubAccount/items",
															"properties": {
																"@id": {
																	"id": "/properties/TXLife/properties/TXLifeRequest/properties/OLifE/properties/Holding/items/properties/Investment/properties/SubAccount/items/properties/@id",
																	"type": "string"
																},
																"SubAccountKey": {
																	"id": "/properties/TXLife/properties/TXLifeRequest/properties/OLifE/properties/Holding/items/properties/Investment/properties/SubAccount/items/properties/SubAccountKey",
																	"type": "string"
																}
															},
															"type": "object"
														},
														"type": "array"
													}
												},
												"type": "object"
											},
											"Policy": {
												"id": "/properties/TXLife/properties/TXLifeRequest/properties/OLifE/properties/Holding/items/properties/Policy",
												"properties": {
													"CarrierCode": {
														"id": "/properties/TXLife/properties/TXLifeRequest/properties/OLifE/properties/Holding/items/properties/Policy/properties/CarrierCode",
														"type": "integer"
													},
													"PolNumber": {
														"id": "/properties/TXLife/properties/TXLifeRequest/properties/OLifE/properties/Holding/items/properties/Policy/properties/PolNumber",
														"type": "integer"
													},
													"ProductCode": {
														"id": "/properties/TXLife/properties/TXLifeRequest/properties/OLifE/properties/Holding/items/properties/Policy/properties/ProductCode",
														"type": "integer"
													}
												},
												"type": "object"
											}
										},
										"type": "object"
									},
									"type": "array"
								}
							},
							"type": "object"
						},
						"TransEffDate": {
							"id": "/properties/TXLife/properties/TXLifeRequest/properties/TransEffDate",
							"type": "string"
						},
						"TransMode": {
							"id": "/properties/TXLife/properties/TXLifeRequest/properties/TransMode",
							"properties": {
								"$": {
									"id": "/properties/TXLife/properties/TXLifeRequest/properties/TransMode/properties/$",
									"type": "string"
								},
								"@tc": {
									"id": "/properties/TXLife/properties/TXLifeRequest/properties/TransMode/properties/@tc",
									"type": "string"
								}
							},
							"type": "object"
						},
						"TransRefGUID": {
							"id": "/properties/TXLife/properties/TXLifeRequest/properties/TransRefGUID",
							"type": "string"
						},
						"TransSubType": {
							"id": "/properties/TXLife/properties/TXLifeRequest/properties/TransSubType",
							"properties": {
								"$": {
									"id": "/properties/TXLife/properties/TXLifeRequest/properties/TransSubType/properties/$",
									"type": "string"
								},
								"@tc": {
									"id": "/properties/TXLife/properties/TXLifeRequest/properties/TransSubType/properties/@tc",
									"type": "string"
								}
							},
							"type": "object"
						},
						"TransType": {
							"id": "/properties/TXLife/properties/TXLifeRequest/properties/TransType",
							"properties": {
								"$": {
									"id": "/properties/TXLife/properties/TXLifeRequest/properties/TransType/properties/$",
									"type": "string"
								},
								"@tc": {
									"id": "/properties/TXLife/properties/TXLifeRequest/properties/TransType/properties/@tc",
									"type": "string"
								}
							},
							"type": "object"
						}
					},
					"type": "object"
				},
				"UserAuthRequest": {
					"id": "/properties/TXLife/properties/UserAuthRequest",
					"properties": {
						"UserLoginName": {
							"id": "/properties/TXLife/properties/UserAuthRequest/properties/UserLoginName",
							"type": "string"
						}
					},
					"type": "object"
				}
			},
			"type": "object"
		}
	},
	"type": "object"
}