{
  "$schema": "http://json-schema.org/draft-04/schema#",
  "definitions": {},
  "id": "http://example.com/example.json",
  "properties": {
    "TXLifeRequest": {
      "id": "/properties/TXLifeRequest",
      "properties": {
        "@PrimaryObjectID": {
          "id": "/properties/TXLifeRequest/properties/@PrimaryObjectID",
          "type": "string"
        },
        "OLifE": {
          "id": "/properties/TXLifeRequest/properties/OLifE",
          "properties": {
            "Holding": {
              "id": "/properties/TXLifeRequest/properties/OLifE/properties/Holding",
              "items": {
                "id": "/properties/TXLifeRequest/properties/OLifE/properties/Holding/items",
                "properties": {
                  "@id": {
                    "id": "/properties/TXLifeRequest/properties/OLifE/properties/Holding/items/properties/@id",
                    "type": "string"
                  },
                  "Arrangement": {
                    "id": "/properties/TXLifeRequest/properties/OLifE/properties/Holding/items/properties/Arrangement",
                    "properties": {
                      "@id": {
                        "id": "/properties/TXLifeRequest/properties/OLifE/properties/Holding/items/properties/Arrangement/properties/@id",
                        "type": "string"
                      },
                      "AmountQualifier": {
                        "id": "/properties/TXLifeRequest/properties/OLifE/properties/Holding/items/properties/Arrangement/properties/AmountQualifier",
                        "properties": {
                          "$": {
                            "id": "/properties/TXLifeRequest/properties/OLifE/properties/Holding/items/properties/Arrangement/properties/AmountQualifier/properties/$",
                            "type": "string"
                          },
                          "@tc": {
                            "id": "/properties/TXLifeRequest/properties/OLifE/properties/Holding/items/properties/Arrangement/properties/AmountQualifier/properties/@tc",
                            "type": "string"
                          }
                        },
                        "type": "object"
                      },
                      "ArrMode": {
                        "id": "/properties/TXLifeRequest/properties/OLifE/properties/Holding/items/properties/Arrangement/properties/ArrMode",
                        "properties": {
                          "$": {
                            "id": "/properties/TXLifeRequest/properties/OLifE/properties/Holding/items/properties/Arrangement/properties/ArrMode/properties/$",
                            "type": "string"
                          },
                          "@tc": {
                            "id": "/properties/TXLifeRequest/properties/OLifE/properties/Holding/items/properties/Arrangement/properties/ArrMode/properties/@tc",
                            "type": "string"
                          }
                        },
                        "type": "object"
                      },
                      "ArrSource": {
                        "id": "/properties/TXLifeRequest/properties/OLifE/properties/Holding/items/properties/Arrangement/properties/ArrSource",
                        "items": {
                          "id": "/properties/TXLifeRequest/properties/OLifE/properties/Holding/items/properties/Arrangement/properties/ArrSource/items",
                          "properties": {
                            "@SubAcctID": {
                              "id": "/properties/TXLifeRequest/properties/OLifE/properties/Holding/items/properties/Arrangement/properties/ArrSource/items/properties/@SubAcctID",
                              "type": "string"
                            },
                            "@id": {
                              "id": "/properties/TXLifeRequest/properties/OLifE/properties/Holding/items/properties/Arrangement/properties/ArrSource/items/properties/@id",
                              "type": "string"
                            },
                            "TransferAmt": {
                              "id": "/properties/TXLifeRequest/properties/OLifE/properties/Holding/items/properties/Arrangement/properties/ArrSource/items/properties/TransferAmt",
                              "type": "string"
                            }
                          },
                          "type": "object"
                        },
                        "type": "array"
                      },
                      "ArrSubType": {
                        "id": "/properties/TXLifeRequest/properties/OLifE/properties/Holding/items/properties/Arrangement/properties/ArrSubType",
                        "properties": {
                          "$": {
                            "id": "/properties/TXLifeRequest/properties/OLifE/properties/Holding/items/properties/Arrangement/properties/ArrSubType/properties/$",
                            "type": "string"
                          },
                          "@tc": {
                            "id": "/properties/TXLifeRequest/properties/OLifE/properties/Holding/items/properties/Arrangement/properties/ArrSubType/properties/@tc",
                            "type": "string"
                          }
                        },
                        "type": "object"
                      },
                      "ArrType": {
                        "id": "/properties/TXLifeRequest/properties/OLifE/properties/Holding/items/properties/Arrangement/properties/ArrType",
                        "properties": {
                          "$": {
                            "id": "/properties/TXLifeRequest/properties/OLifE/properties/Holding/items/properties/Arrangement/properties/ArrType/properties/$",
                            "type": "string"
                          },
                          "@tc": {
                            "id": "/properties/TXLifeRequest/properties/OLifE/properties/Holding/items/properties/Arrangement/properties/ArrType/properties/@tc",
                            "type": "string"
                          }
                        },
                        "type": "object"
                      },
                      "ModalAmt": {
                        "id": "/properties/TXLifeRequest/properties/OLifE/properties/Holding/items/properties/Arrangement/properties/ModalAmt",
                        "type": "string"
                      }
                    },
                    "type": "object"
                  },
                  "HoldingTypeCode": {
                    "id": "/properties/TXLifeRequest/properties/OLifE/properties/Holding/items/properties/HoldingTypeCode",
                    "properties": {
                      "$": {
                        "id": "/properties/TXLifeRequest/properties/OLifE/properties/Holding/items/properties/HoldingTypeCode/properties/$",
                        "type": "string"
                      },
                      "@tc": {
                        "id": "/properties/TXLifeRequest/properties/OLifE/properties/Holding/items/properties/HoldingTypeCode/properties/@tc",
                        "type": "string"
                      }
                    },
                    "type": "object"
                  },
                  "Investment": {
                    "id": "/properties/TXLifeRequest/properties/OLifE/properties/Holding/items/properties/Investment",
                    "properties": {
                      "@id": {
                        "id": "/properties/TXLifeRequest/properties/OLifE/properties/Holding/items/properties/Investment/properties/@id",
                        "type": "string"
                      },
                      "SubAccount": {
                        "id": "/properties/TXLifeRequest/properties/OLifE/properties/Holding/items/properties/Investment/properties/SubAccount",
                        "items": {
                          "id": "/properties/TXLifeRequest/properties/OLifE/properties/Holding/items/properties/Investment/properties/SubAccount/items",
                          "properties": {
                            "@id": {
                              "id": "/properties/TXLifeRequest/properties/OLifE/properties/Holding/items/properties/Investment/properties/SubAccount/items/properties/@id",
                              "type": "string"
                            },
                            "SubAccountKey": {
                              "id": "/properties/TXLifeRequest/properties/OLifE/properties/Holding/items/properties/Investment/properties/SubAccount/items/properties/SubAccountKey",
                              "type": "string"
                            }
                          },
                          "type": "object"
                        },
                        "type": "array"
                      }
                    },
                    "type": "object"
                  },
                  "Policy": {
                    "id": "/properties/TXLifeRequest/properties/OLifE/properties/Holding/items/properties/Policy",
                    "properties": {
                      "CarrierCode": {
                        "id": "/properties/TXLifeRequest/properties/OLifE/properties/Holding/items/properties/Policy/properties/CarrierCode",
                        "type": "string"
                      },
                      "FinancialActivity": {
                        "id": "/properties/TXLifeRequest/properties/OLifE/properties/Holding/items/properties/Policy/properties/FinancialActivity",
                        "properties": {
                          "@ArrangementRefID": {
                            "id": "/properties/TXLifeRequest/properties/OLifE/properties/Holding/items/properties/Policy/properties/FinancialActivity/properties/@ArrangementRefID",
                            "type": "string"
                          },
                          "@id": {
                            "id": "/properties/TXLifeRequest/properties/OLifE/properties/Holding/items/properties/Policy/properties/FinancialActivity/properties/@id",
                            "type": "string"
                          },
                          "FinActivityNetAmt": {
                            "id": "/properties/TXLifeRequest/properties/OLifE/properties/Holding/items/properties/Policy/properties/FinancialActivity/properties/FinActivityNetAmt",
                            "type": "string"
                          },
                          "FinActivityType": {
                            "id": "/properties/TXLifeRequest/properties/OLifE/properties/Holding/items/properties/Policy/properties/FinancialActivity/properties/FinActivityType",
                            "properties": {
                              "$": {
                                "id": "/properties/TXLifeRequest/properties/OLifE/properties/Holding/items/properties/Policy/properties/FinancialActivity/properties/FinActivityType/properties/$",
                                "type": "string"
                              },
                              "@tc": {
                                "id": "/properties/TXLifeRequest/properties/OLifE/properties/Holding/items/properties/Policy/properties/FinancialActivity/properties/FinActivityType/properties/@tc",
                                "type": "string"
                              }
                            },
                            "type": "object"
                          },
                          "FinEffDate": {
                            "id": "/properties/TXLifeRequest/properties/OLifE/properties/Holding/items/properties/Policy/properties/FinancialActivity/properties/FinEffDate",
                            "type": "string"
                          },
                          "OrderDate": {
                            "id": "/properties/TXLifeRequest/properties/OLifE/properties/Holding/items/properties/Policy/properties/FinancialActivity/properties/OrderDate",
                            "type": "string"
                          },
                          "Payment": {
                            "id": "/properties/TXLifeRequest/properties/OLifE/properties/Holding/items/properties/Policy/properties/FinancialActivity/properties/Payment",
                            "properties": {
                              "@BankHoldingID": {
                                "id": "/properties/TXLifeRequest/properties/OLifE/properties/Holding/items/properties/Policy/properties/FinancialActivity/properties/Payment/properties/@BankHoldingID",
                                "type": "string"
                              },
                              "@PayeeID": {
                                "id": "/properties/TXLifeRequest/properties/OLifE/properties/Holding/items/properties/Policy/properties/FinancialActivity/properties/Payment/properties/@PayeeID",
                                "type": "string"
                              },
                              "@id": {
                                "id": "/properties/TXLifeRequest/properties/OLifE/properties/Holding/items/properties/Policy/properties/FinancialActivity/properties/Payment/properties/@id",
                                "type": "string"
                              },
                              "CreateCheckInd": {
                                "id": "/properties/TXLifeRequest/properties/OLifE/properties/Holding/items/properties/Policy/properties/FinancialActivity/properties/Payment/properties/CreateCheckInd",
                                "properties": {
                                  "$": {
                                    "id": "/properties/TXLifeRequest/properties/OLifE/properties/Holding/items/properties/Policy/properties/FinancialActivity/properties/Payment/properties/CreateCheckInd/properties/$",
                                    "type": "string"
                                  },
                                  "@tc": {
                                    "id": "/properties/TXLifeRequest/properties/OLifE/properties/Holding/items/properties/Policy/properties/FinancialActivity/properties/Payment/properties/CreateCheckInd/properties/@tc",
                                    "type": "string"
                                  }
                                },
                                "type": "object"
                              },
                              "PayeeName": {
                                "id": "/properties/TXLifeRequest/properties/OLifE/properties/Holding/items/properties/Policy/properties/FinancialActivity/properties/Payment/properties/PayeeName",
                                "type": "string"
                              },
                              "PayeeRelationRoleCode": {
                                "id": "/properties/TXLifeRequest/properties/OLifE/properties/Holding/items/properties/Policy/properties/FinancialActivity/properties/Payment/properties/PayeeRelationRoleCode",
                                "properties": {
                                  "$": {
                                    "id": "/properties/TXLifeRequest/properties/OLifE/properties/Holding/items/properties/Policy/properties/FinancialActivity/properties/Payment/properties/PayeeRelationRoleCode/properties/$",
                                    "type": "string"
                                  },
                                  "@tc": {
                                    "id": "/properties/TXLifeRequest/properties/OLifE/properties/Holding/items/properties/Policy/properties/FinancialActivity/properties/Payment/properties/PayeeRelationRoleCode/properties/@tc",
                                    "type": "string"
                                  }
                                },
                                "type": "object"
                              },
                              "PaymentForm": {
                                "id": "/properties/TXLifeRequest/properties/OLifE/properties/Holding/items/properties/Policy/properties/FinancialActivity/properties/Payment/properties/PaymentForm",
                                "properties": {
                                  "$": {
                                    "id": "/properties/TXLifeRequest/properties/OLifE/properties/Holding/items/properties/Policy/properties/FinancialActivity/properties/Payment/properties/PaymentForm/properties/$",
                                    "type": "string"
                                  },
                                  "@tc": {
                                    "id": "/properties/TXLifeRequest/properties/OLifE/properties/Holding/items/properties/Policy/properties/FinancialActivity/properties/Payment/properties/PaymentForm/properties/@tc",
                                    "type": "string"
                                  }
                                },
                                "type": "object"
                              }
                            },
                            "type": "object"
                          }
                        },
                        "type": "object"
                      },
                      "PolNumber": {
                        "id": "/properties/TXLifeRequest/properties/OLifE/properties/Holding/items/properties/Policy/properties/PolNumber",
                        "type": "string"
                      },
                      "ProductCode": {
                        "id": "/properties/TXLifeRequest/properties/OLifE/properties/Holding/items/properties/Policy/properties/ProductCode",
                        "type": "string"
                      }
                    },
                    "type": "object"
                  }
                },
                "type": "object"
              },
              "type": "array"
            },
            "Party": {
              "id": "/properties/TXLifeRequest/properties/OLifE/properties/Party",
              "properties": {
                "@id": {
                  "id": "/properties/TXLifeRequest/properties/OLifE/properties/Party/properties/@id",
                  "type": "string"
                },
                "PartyTypeCode": {
                  "id": "/properties/TXLifeRequest/properties/OLifE/properties/Party/properties/PartyTypeCode",
                  "properties": {
                    "$": {
                      "id": "/properties/TXLifeRequest/properties/OLifE/properties/Party/properties/PartyTypeCode/properties/$",
                      "type": "string"
                    },
                    "@tc": {
                      "id": "/properties/TXLifeRequest/properties/OLifE/properties/Party/properties/PartyTypeCode/properties/@tc",
                      "type": "string"
                    }
                  },
                  "type": "object"
                },
                "Person": {
                  "id": "/properties/TXLifeRequest/properties/OLifE/properties/Party/properties/Person",
                  "properties": {
                    "FirstName": {
                      "id": "/properties/TXLifeRequest/properties/OLifE/properties/Party/properties/Person/properties/FirstName",
                      "type": "string"
                    },
                    "LastName": {
                      "id": "/properties/TXLifeRequest/properties/OLifE/properties/Party/properties/Person/properties/LastName",
                      "type": "string"
                    }
                  },
                  "type": "object"
                }
              },
              "type": "object"
            },
            "Relation": {
              "id": "/properties/TXLifeRequest/properties/OLifE/properties/Relation",
              "properties": {
                "@OriginatingObjectID": {
                  "id": "/properties/TXLifeRequest/properties/OLifE/properties/Relation/properties/@OriginatingObjectID",
                  "type": "string"
                },
                "@RelatedObjectID": {
                  "id": "/properties/TXLifeRequest/properties/OLifE/properties/Relation/properties/@RelatedObjectID",
                  "type": "string"
                },
                "@id": {
                  "id": "/properties/TXLifeRequest/properties/OLifE/properties/Relation/properties/@id",
                  "type": "string"
                },
                "RelationRoleCode": {
                  "id": "/properties/TXLifeRequest/properties/OLifE/properties/Relation/properties/RelationRoleCode",
                  "properties": {
                    "$": {
                      "id": "/properties/TXLifeRequest/properties/OLifE/properties/Relation/properties/RelationRoleCode/properties/$",
                      "type": "string"
                    },
                    "@tc": {
                      "id": "/properties/TXLifeRequest/properties/OLifE/properties/Relation/properties/RelationRoleCode/properties/@tc",
                      "type": "string"
                    }
                  },
                  "type": "object"
                }
              },
              "type": "object"
            }
          },
          "type": "object"
        },
        "TransEffDate": {
          "id": "/properties/TXLifeRequest/properties/TransEffDate",
          "type": "string"
        },
        "TransMode": {
          "id": "/properties/TXLifeRequest/properties/TransMode",
          "properties": {
            "$": {
              "id": "/properties/TXLifeRequest/properties/TransMode/properties/$",
              "type": "string"
            },
            "@tc": {
              "id": "/properties/TXLifeRequest/properties/TransMode/properties/@tc",
              "type": "string"
            }
          },
          "type": "object"
        },
        "TransRefGUID": {
          "id": "/properties/TXLifeRequest/properties/TransRefGUID",
          "type": "string"
        },
        "TransType": {
          "id": "/properties/TXLifeRequest/properties/TransType",
          "properties": {
            "$": {
              "id": "/properties/TXLifeRequest/properties/TransType/properties/$",
              "type": "string"
            },
            "@tc": {
              "id": "/properties/TXLifeRequest/properties/TransType/properties/@tc",
              "type": "string"
            }
          },
          "type": "object"
        }
      },
      "type": "object"
    }
  },
  "type": "object"
}