{
"$schema" : "http://json-schema.org/draft-03/schema#",
  "type" : "object",
  "additionalProperties": false,
  "properties" : {
"TXLife" : {
  "type" : "object",
  "id" : "urn:jsonschema:org:acord:standards:life:_2:xml:addupddelbank:TXLifeType",
  "properties" : {
    "@Version" : {
      "type" : "string"
    },
    "TXLifeResponse" : {
      "type" : "array",
      "items" : {
        "type" : "object",
        "id" : "urn:jsonschema:org:acord:standards:life:_2:xml:addupddelbank:TXLifeResponseType",
        "properties" : {
          "TransRefGUID" : {
            "type" : "string",
            "required" : true
          },
          "TransType" : {
            "type" : "object",
            "id" : "urn:jsonschema:org:acord:standards:life:_2:xml:addupddelbank:OLILUTRANSTYPECODES",
            "required" : true,
            "properties" : {
              "@tc" : {
                "type" : "string",
                "enum" : [ "502" ]
              },
              "$" : {
                "type" : "string"
              }
            }
          },
          "TransSubType" : {
            "type" : "object",
            "id" : "urn:jsonschema:org:acord:standards:life:_2:xml:addupddelbank:TRANSSUBTYPECODES",
            "required" : true,
            "properties" : {
              "@tc" : {
                "type" : "string",
                "enum" : [ "50204" ]
              },
              "$" : {
                "type" : "string"
              }
            }
          },
          "TransExeDate" : {
            "type" : "string"
          },
          "TransExeTime" : {
            "type" : "string"
          },
          "TransMode" : {
            "type" : "object",
            "id" : "urn:jsonschema:org:acord:standards:life:_2:xml:addupddelbank:TRANSMODECODES",
            "properties" : {
              "@tc" : {
                "type" : "string",
                "enum" : [ "2" ]
              },
              "$" : {
                "type" : "string"
              }
            }
          },
          "TransResult" : {
            "type" : "object",
            "id" : "urn:jsonschema:org:acord:standards:life:_2:xml:addupddelbank:TransResultType",
            "required" : true,
            "properties" : {
              "ResultCode" : {
                "type" : "object",
                "id" : "urn:jsonschema:org:acord:standards:life:_2:xml:addupddelbank:RESULTCODES",
                "required" : true,
                "properties" : {
                  "@tc" : {
                    "type" : "string",
                    "enum" : [ "1", "5" ]
                  },
                  "$" : {
                    "type" : "string"
                  }
                }
              },
              "ResultInfo" : {
                "type" : "array",
                "items" : {
                  "type" : "object",
                  "id" : "urn:jsonschema:org:acord:standards:life:_2:xml:addupddelbank:ResultInfoType",
                  "properties" : {
                    "@id" : {
                      "type" : "string"
                    },
                    "ResultInfoCode" : {
                      "type" : "object",
                      "id" : "urn:jsonschema:org:acord:standards:life:_2:xml:addupddelbank:RESULTINFOCODES",
                      "properties" : {
                        "@tc" : {
                          "type" : "string"
                        },
                        "$" : {
                          "type" : "string"
                        }
                      }
                    },
                    "ResultInfoDesc" : {
                      "type" : "string"
                    }
                  }
                }
              }
            }
          }
        }
      }
    }
  }
}
}
}