{
"$schema" : "http://json-schema.org/draft-03/schema#",
  "type" : "object",
  "additionalProperties": false,
  "properties" : {
"TXLife" : {
  "type" : "object",
  "id" : "urn:jsonschema:org:acord:standards:life:_2:xml:add_update_account_v1_0_req:TXLifeType",
  "properties" : {
    "@Version" : {
      "type" : "string"
    },
    "UserAuthRequest" : {
      "type" : "object",
      "id" : "urn:jsonschema:org:acord:standards:life:_2:xml:add_update_account_v1_0_req:UserAuthRequestType",
      "properties" : {
        "UserLoginName" : {
          "type" : "string"
        }
      }
    },
    "TXLifeRequest" : {
      "type" : "object",
      "id" : "urn:jsonschema:org:acord:standards:life:_2:xml:add_update_account_v1_0_req:TXLifeRequestType",
      "properties" : {
        "TransRefGUID" : {
          "type" : "string",
          "required" : true
        },
        "TransType" : {
          "type" : "object",
          "id" : "urn:jsonschema:org:acord:standards:life:_2:xml:add_update_account_v1_0_req:OLILUTRANSTYPECODES",
          "required" : true,
          "properties" : {
            "@tc" : {
              "type" : "string"
            },
            "$" : {
              "type" : "string"
            }
          }
        },
        "TransSubType" : {
          "type" : "object",
          "id" : "urn:jsonschema:org:acord:standards:life:_2:xml:add_update_account_v1_0_req:TRANSSUBTYPECODES",
          "required" : true,
          "properties" : {
            "@tc" : {
              "type" : "string"
            },
            "$" : {
              "type" : "string"
            }
          }
        },
        "TransEffDate" : {
          "type" : "string",
          "required" : true
        },
        "TransMode" : {
          "type" : "object",
          "id" : "urn:jsonschema:org:acord:standards:life:_2:xml:add_update_account_v1_0_req:TRANSMODECODES",
          "required" : true,
          "properties" : {
            "@tc" : {
              "type" : "string"
            },
            "$" : {
              "type" : "string"
            }
          }
        },
        "OLifE" : {
          "type" : "object",
          "id" : "urn:jsonschema:org:acord:standards:life:_2:xml:add_update_account_v1_0_req:OLifEType",
          "required" : true,
          "properties" : {
            "Holding" : {
              "type" : "array",
              "required" : true,
              "items" : {
                "type" : "object",
                "id" : "urn:jsonschema:org:acord:standards:life:_2:xml:add_update_account_v1_0_req:HoldingType",
                "properties" : {
                  "@id" : {
                    "type" : "string"
                  },
                  "HoldingTypeCode" : {
                    "type" : "object",
                    "id" : "urn:jsonschema:org:acord:standards:life:_2:xml:add_update_account_v1_0_req:OLILUHOLDTYPE",
                    "properties" : {
                      "@tc" : {
                        "type" : "string"
                      },
                      "$" : {
                        "type" : "string"
                      }
                    }
                  },
                  "Banking" : {
                    "type" : "object",
                    "id" : "urn:jsonschema:org:acord:standards:life:_2:xml:add_update_account_v1_0_req:BankingType",
                    "required" : true,
                    "properties" : {
                      "@id" : {
                        "type" : "string"
                      },
                      "@DataRep" : {
                        "type" : "string"
                      },
                      "BankingSysKey" : {
                        "type" : "object",
                        "id" : "urn:jsonschema:org:acord:standards:life:_2:xml:add_update_account_v1_0_req:SYSKEY",
                        "properties" : {           
                          "$" : {
                            "type" : "string"
                          }
                        }
                      },
                      "BankingType" :{
                        "type" : "string"
                      }
                    }
                  }
                }
              }
            },
            "Party" : {
              "type" : "array",
              "items" : {
                "type" : "object",
                "id" : "urn:jsonschema:org:acord:standards:life:_2:xml:add_update_account_v1_0_req:PartyType",
                "properties" : {
                  "@id" : {
                    "type" : "string"
                  },
                  "PartySysKey" : {
                    "type" : "object",
                    "id" : "urn:jsonschema:org:acord:standards:life:_2:xml:add_update_account_v1_0_req:PERSISTKEY",
                    "required" : true,
                    "properties" : {
                      "$" : {
                        "type" : "string"
                      }
                    }
                  },
                  "PartyTypeCode" : {
                    "type" : "object",
                    "id" : "urn:jsonschema:org:acord:standards:life:_2:xml:add_update_account_v1_0_req:OLILUPARTY",
                    "required" : true,
                    "properties" : {
                      "@tc" : {
                        "type" : "string"
                      },
                      "$" : {
                        "type" : "string"
                      }
                    }
                  }
                }
              }
            },
            "Relation" : {
              "type" : "array",
              "items" : {
                "type" : "object",
                "id" : "urn:jsonschema:org:acord:standards:life:_2:xml:add_update_account_v1_0_req:RelationType",
                "properties" : {
                  "RelationRoleCode" : {
                    "type" : "object",
                    "id" : "urn:jsonschema:org:acord:standards:life:_2:xml:add_update_account_v1_0_req:OLILUREL",
                    "required" : true,
                    "properties" : {
                      "@tc" : {
                        "type" : "string"
                      },
                      "$" : {
                        "type" : "string"
                      }
                    }
                  },
                  "@id" : {
                    "type" : "string"
                  },
                  "@RelatedObjectID" : {
                    "type" : "string"
                  },
                  "@OriginatingObjectID" : {
                    "type" : "string"
                  }
                }
              }
            }
          }
        }
      }
    }
  }
}
}
}