{
    "$schema": "http://json-schema.org/draft-04/schema#",
    "definitions": {},
    "id": "http://example.com/example.json",
    "properties": {
        "TXLife": {
            "id": "/properties/TXLife",
            "properties": {
                "TXLifeResponse": {
                    "id": "/properties/TXLife/properties/TXLifeResponse",
                    "properties": {
                        "InquiryLevel": {
                            "id": "/properties/TXLife/properties/TXLifeResponse/properties/InquiryLevel",
                            "properties": {
                                "$": {
                                    "id": "/properties/TXLife/properties/TXLifeResponse/properties/InquiryLevel/properties/$",
                                    "type": "string"
                                },
                                "@tc": {
                                    "id": "/properties/TXLife/properties/TXLifeResponse/properties/InquiryLevel/properties/@tc",
                                    "type": "string"
                                }
                            },
                            "type": "object"
                        },
                        "OLifE": {
                            "id": "/properties/TXLife/properties/TXLifeResponse/properties/OLifE",
                            "properties": {
                                "Holding": {
                                    "id": "/properties/TXLife/properties/TXLifeResponse/properties/OLifE/properties/Holding",
                                    "properties": {
                                        "@id": {
                                            "id": "/properties/TXLife/properties/TXLifeResponse/properties/OLifE/properties/Holding/properties/@id",
                                            "type": "string"
                                        },
                                        "HoldingTypeCode": {
                                            "id": "/properties/TXLife/properties/TXLifeResponse/properties/OLifE/properties/Holding/properties/HoldingTypeCode",
                                            "properties": {
                                                "$": {
                                                    "id": "/properties/TXLife/properties/TXLifeResponse/properties/OLifE/properties/Holding/properties/HoldingTypeCode/properties/$",
                                                    "type": "string"
                                                },
                                                "@tc": {
                                                    "id": "/properties/TXLife/properties/TXLifeResponse/properties/OLifE/properties/Holding/properties/HoldingTypeCode/properties/@tc",
                                                    "type": "string"
                                                }
                                            },
                                            "type": "object"
                                        },
                                        "Banking": {
                                            "id": "/properties/TXLife/properties/TXLifeResponse/properties/OLifE/properties/Holding/properties/Banking",
                                            "properties": {
                                                
                                                "BankingSysKey": {
                                                    "id": "/properties/TXLife/properties/TXLifeResponse/properties/OLifE/properties/Holding/properties/Banking/properties/BankingSysKey",
                                                    "type": "integer"
                                                },
                                                "BankAcctType": {
                                                    "id": "/properties/TXLife/properties/TXLifeResponse/properties/OLifE/properties/Holding/properties/Banking/properties/BankAcctType",
                                                    "type": "null"
                                                },
												"AccountNumber": {
                                                    "id": "/properties/TXLife/properties/TXLifeResponse/properties/OLifE/properties/Holding/properties/Banking/properties/AccountNumber",
                                                    "type": "null"
                                                },
												"RoutingNum": {
                                                    "id": "/properties/TXLife/properties/TXLifeResponse/properties/OLifE/properties/Holding/properties/Banking/properties/RoutingNum",
                                                    "type": "null"
                                                },
												"AcctHolderName": {
                                                    "id": "/properties/TXLife/properties/TXLifeResponse/properties/OLifE/properties/Holding/properties/Banking/properties/AcctHolderName",
                                                    "type": "null"
                                                },
												"BankName": {
                                                    "id": "/properties/TXLife/properties/TXLifeResponse/properties/OLifE/properties/Holding/properties/Banking/properties/BankName",
                                                    "type": "null"
                                                },
												"CreditDebitType": {
                                                    "id": "/properties/TXLife/properties/TXLifeResponse/properties/OLifE/properties/Holding/properties/Banking/properties/CreditDebitType",
                                                    "type": "null"
                                                },
												"CreditCardType": {
                                                    "id": "/properties/TXLife/properties/TXLifeResponse/properties/OLifE/properties/Holding/properties/Banking/properties/CreditCardType",
                                                    "type": "null"
                                                },
												"CreditCardExpDate": {
                                                    "id": "/properties/TXLife/properties/TXLifeResponse/properties/OLifE/properties/Holding/properties/Banking/properties/CreditCardExpDate",
                                                    "type": "null"
                                                },
												"CardVerificationNum": {
                                                    "id": "/properties/TXLife/properties/TXLifeResponse/properties/OLifE/properties/Holding/properties/Banking/properties/CardVerificationNum",
                                                    "type": "null"
                                                }
                                            },
                                            "type": "object"
                                        }
                                    },
                                    "type": "object"
                                },
                                
                                    "type": "object"
                                }
                            },
                            "type": "object"
                        },
                        "TransEffDate": {
                            "id": "/properties/TXLife/properties/TXLifeResponse/properties/TransExeDate",
                            "type": "string"
                        },
                        "TransMode": {
                            "id": "/properties/TXLife/properties/TXLifeResponse/properties/TransMode",
                            "properties": {
                                "$": {
                                    "id": "/properties/TXLife/properties/TXLifeResponse/properties/TransMode/properties/$",
                                    "type": "string"
                                },
                                "@tc": {
                                    "id": "/properties/TXLife/properties/TXLifeResponse/properties/TransMode/properties/@tc",
                                    "type": "string"
                                }
                            },
                            "type": "object"
                        },
                        "TransRefGUID": {
                            "id": "/properties/TXLife/properties/TXLifeResponse/properties/TransRefGUID",
                            "type": "string"
                        },
                        "TransType": {
                            "id": "/properties/TXLife/properties/TXLifeResponse/properties/TransType",
                            "properties": {
                                "$": {
                                    "id": "/properties/TXLife/properties/TXLifeResponse/properties/TransType/properties/$",
                                    "type": "string"
                                },
                                "@tc": {
                                    "id": "/properties/TXLife/properties/TXLifeResponse/properties/TransType/properties/@tc",
                                    "type": "string"
                                }
                            },
                            "type": "object"
                        },
						"TransSubType": {
                            "id": "/properties/TXLife/properties/TXLifeResponse/properties/TransSubType",
                            "properties": {
                                "$": {
                                    "id": "/properties/TXLife/properties/TXLifeResponse/properties/TransType/properties/$",
                                    "type": "string"
                                },
                                "@tc": {
                                    "id": "/properties/TXLife/properties/TXLifeResponse/properties/TransSubType/properties/@tc",
                                    "type": "string"
                                }
                            },
                            "type": "object"
                        }
                    },
                    "type": "object"
                }
            },
            "type": "object"
        }
    },
    "type": "object"
}