{
"$schema" : "http://json-schema.org/draft-03/schema#",
  "type" : "object",
  "additionalProperties": false,
  "properties" : {
"TXLife" : {
  "type" : "object",
  "id" : "urn:jsonschema:org:acord:standards:life:_2:xml:getbankacct_resp:TXLifeType",
  "properties" : {
    "@Version" : {
      "type" : "string"
    },
    "TXLifeResponse" : {
      "type" : "array",
      "items" : {
        "type" : "object",
        "id" : "urn:jsonschema:org:acord:standards:life:_2:xml:getbankacct_resp:TXLifeResponseType",
        "properties" : {
          "TransRefGUID" : {
            "type" : "string",
            "required" : true
          },
          "TransType" : {
            "type" : "object",
            "id" : "urn:jsonschema:org:acord:standards:life:_2:xml:getbankacct_resp:OLILUTRANSTYPECODES",
            "required" : true,
            "properties" : {
              "@tc" : {
                "type" : "string",
                "enum" : [ "2035" ]
              },
              "$" : {
                "type" : "string"
              }
            }
          },
          "TransSubType" : {
            "type" : "object",
            "id" : "urn:jsonschema:org:acord:standards:life:_2:xml:getbankacct_resp:TRANSSUBTYPECODES",
            "properties" : {
              "$" : {
                "type" : "string"
              },
              "@tc" : {
                "type" : "string"
              }
            }
          },
          "TransExeDate" : {
            "type" : "string"
          },
          "TransExeTime" : {
            "type" : "string"
          },
          "TransResult" : {
            "type" : "object",
            "id" : "urn:jsonschema:org:acord:standards:life:_2:xml:getbankacct_resp:TransResultType",
            "required" : true,
            "properties" : {
              "ResultCode" : {
                "type" : "object",
                "id" : "urn:jsonschema:org:acord:standards:life:_2:xml:getbankacct_resp:RESULTCODES",
                "required" : true,
                "properties" : {
                  "@tc" : {
                    "type" : "string",
                    "enum" : [ "1", "5" ]
                  },
                  "$" : {
                    "type" : "string"
                  }
                }
              },
              "ResultInfo" : {
                "type" : "array",
                "items" : {
                  "type" : "object",
                  "id" : "urn:jsonschema:org:acord:standards:life:_2:xml:getbankacct_resp:ResultInfoType",
                  "properties" : {
                    "@id" : {
                      "type" : "string"
                    },
                    "ResultInfoCode" : {
                      "type" : "object",
                      "id" : "urn:jsonschema:org:acord:standards:life:_2:xml:getbankacct_resp:RESULTINFOCODES",
                      "properties" : {
                        "@tc" : {
                          "type" : "string"
                        },
                        "$" : {
                          "type" : "string"
                        }
                      }
                    },
                    "ResultInfoDesc" : {
                      "type" : "string"
                    },
                    "OLifEExtension" : {
                      "type" : "object",
                      "id" : "urn:jsonschema:org:acord:standards:life:_2:xml:getbankacct_resp:OLifEExtensionType",
                      "properties" : {
                        "ResultInfoDetail" : {
                          "type" : "string"
                        }
                      }
                    }
                  }
                }
              }
            }
          },
          "OLifE" : {
            "type" : "object",
            "id" : "urn:jsonschema:org:acord:standards:life:_2:xml:getbankacct_resp:OLifEType",
            "properties" : {
              "Holding" : {
                "type" : "array",
                "items" : {
                  "type" : "object",
                  "id" : "urn:jsonschema:org:acord:standards:life:_2:xml:getbankacct_resp:HoldingType",
                  "properties" : {
                    "HoldingTypeCode" : {
                      "type" : "object",
                      "id" : "urn:jsonschema:org:acord:standards:life:_2:xml:getbankacct_resp:OLILUHOLDTYPE",
                      "properties" : {
                        "@tc" : {
                          "type" : "string",
                          "enum" : [ "2", "7" ]
                        },
                        "$" : {
                          "type" : "string"
                        }
                      }
                    },
                    "Banking" : {
                      "type" : "object",
                      "id" : "urn:jsonschema:org:acord:standards:life:_2:xml:getbankacct_resp:BankingType",
                      "properties" : {
                        "@id" : {
                          "type" : "string"
                        },
                        "CreditCardExpDate" : {
                          "type" : "string"
                        },
                        "CardVerificationNum" : {
                          "type" : "string"
                        },
                        "BankingSysKey" : {
                          "type" : "string"
                        },
                        "BankAcctType" : {
                          "type" : "object",
                          "id" : "urn:jsonschema:org:acord:standards:life:_2:xml:getbankacct_resp:BankingAccTypeType",
                          "properties" : {
                            "@tc" : {
                              "type" : "string"
                            },
                            "$" : {
                              "type" : "string"
                            }
                          }
                        },
                        "AccountNumber" : {
                          "type" : "string"
                        },
                        "RoutingNum" : {
                          "type" : "string"
                        },
                        "AcctHolderName" : {
                          "type" : "string"
                        },
                        "BankName" : {
                          "type" : "string"
                        },
                        "CreditDebitType" : {
                          "type" : "object",
                          "id" : "urn:jsonschema:org:acord:standards:life:_2:xml:getbankacct_resp:BankingAccTypeType",
                          "properties" : {
                            "@tc" : {
                              "type" : "string"
                            },
                            "$" : {
                              "type" : "string"
                            }
                          }
                        },
                        "CreditCardType" : {
                          "type" : "object",
                          "id" : "urn:jsonschema:org:acord:standards:life:_2:xml:getbankacct_resp:BankingAccTypeType",
                          "properties" : {
                            "@tc" : {
                              "type" : "string"
                            },
                            "$" : {
                              "type" : "string"
                            }
                          }
                        }
                      }
                    },
                    "OLifEExtension" : {
                      "type" : "object",
                      "id" : "urn:jsonschema:org:acord:standards:life:_2:xml:getbankacct_resp:HoldingExtensionType",
                      "properties" : {
                        "BankingType" : {
                          "type" : "string"
                        },
                        "RoleCount" : {
                          "type" : "string"
                        },
                        "PolicyId" : {
                          "type" : "string"
                        },
                        "billId" : {
                          "type" : "string"
                        },
                        "billingType" : {
                          "type" : "string"
                        },
                        "PolicyNumber" : {
                          "type" : "string"
                        }
                      }
                    }
                  }
                }
              }
            }
          }
        }
      }
    }
  }
}
}
}