{
"$schema" : "http://json-schema.org/draft-03/schema#",
  "type" : "object",
  "additionalProperties": false,
  "properties" : {
"TXLife" : {
  "type" : "object",
  "id" : "urn:jsonschema:org:acord:standards:life:_2:xml:routing_num_v1_0_req:TXLifeType",
  "properties" : {
    "@Version" : {
      "type" : "string"
    },
    "UserAuthRequest" : {
      "type" : "object",
      "id" : "urn:jsonschema:org:acord:standards:life:_2:xml:routing_num_v1_0_req:UserAuthRequestType",
      "properties" : {
        "UserLoginName" : {
          "type" : "string",
          "required" : true
        }
      }
    },
    "TXLifeRequest" : {
      "type" : "object",
      "id" : "urn:jsonschema:org:acord:standards:life:_2:xml:routing_num_v1_0_req:TXLifeRequestType",
      "properties" : {
        "TransRefGUID" : {
          "type" : "string",
          "required" : true
        },
        "TransType" : {
          "type" : "object",
          "id" : "urn:jsonschema:org:acord:standards:life:_2:xml:routing_num_v1_0_req:OLILUTRANSTYPECODES",
          "required" : true,
          "properties" : {
            "@tc" : {
              "type" : "string"
            },
            "$" : {
              "type" : "string"
            }
          }
        },
        "TransSubType" : {
          "type" : "object",
          "id" : "urn:jsonschema:org:acord:standards:life:_2:xml:routing_num_v1_0_req:TRANSSUBTYPECODES",
          "required" : true,
          "properties" : {
            "@tc" : {
              "type" : "string"
            },
            "$" : {
              "type" : "string"
            }
          }
        },
        "TransExeDate" : {
          "type" : "string",
          "required" : true
        },
        "TransExeTime" : {
          "type" : "string",
          "required" : true
        },
        "OLifE" : {
          "type" : "object",
          "id" : "urn:jsonschema:org:acord:standards:life:_2:xml:routing_num_v1_0_req:OLifEType",
          "required" : true,
          "properties" : {
            "Holding" : {
              "type" : "array",
              "required" : true,
              "items" : {
                "type" : "object",
                "id" : "urn:jsonschema:org:acord:standards:life:_2:xml:routing_num_v1_0_req:HoldingType",
                "properties" : {
                  "@id" : {
                    "type" : "string"
                  },
                  "HoldingTypeCode" : {
                    "type" : "object",
                    "id" : "urn:jsonschema:org:acord:standards:life:_2:xml:routing_num_v1_0_req:OLILUHOLDTYPE",
                    "required" : true,
                    "properties" : {
                      "@tc" : {
                        "type" : "string"
                      },
                      "$" : {
                        "type" : "string"
                      }
                    }
                  },
                  "Banking" : {
                    "type" : "object",
                    "id" : "urn:jsonschema:org:acord:standards:life:_2:xml:routing_num_v1_0_req:BankingType",
                    "required" : true,
                    "properties" : {
                      "RoutingNum" : {
                        "type" : "string",
                        "required" : true
                      }
                    }
                  }
                }
              }
            }
          }
        }
      }
    }
  }
}
}
}