{
"$schema" : "http://json-schema.org/draft-03/schema#",
  "type" : "object",
  "additionalProperties": false,
  "properties" : {
"TXLife" : {
  "type" : "object",
  "id" : "urn:jsonschema:org:acord:standards:life:_2:xml:routingnumvalid_resp:TXLifeType",
  "properties" : {
    "@Version" : {
      "type" : "string"
    },
    "TXLifeResponse" : {
      "type" : "object",
      "id" : "urn:jsonschema:org:acord:standards:life:_2:xml:routingnumvalid_resp:TXLifeResponseType",
      "properties" : {
        "TransRefGUID" : {
          "type" : "string",
          "required" : true
        },
        "TransType" : {
          "type" : "object",
          "id" : "urn:jsonschema:org:acord:standards:life:_2:xml:routingnumvalid_resp:OLILUTRANSTYPECODES",
          "required" : true,
          "properties" : {
            "@tc" : {
              "type" : "string",
              "enum" : [ "230" ]
            },
            "$" : {
              "type" : "string"
            }
          }
        },
        "TransSubType" : {
          "type" : "object",
          "id" : "urn:jsonschema:org:acord:standards:life:_2:xml:routingnumvalid_resp:TRANSSUBTYPECODES",
          "required" : true,
          "properties" : {
            "@tc" : {
              "type" : "string",
              "enum" : [ "23002" ]
            },
            "$" : {
              "type" : "string"
            }
          }
        },
        "TransExeDate" : {
          "type" : "string",
          "required" : true
        },
        "TransExeTime" : {
          "type" : "string",
          "required" : true
        },
        "TransResult" : {
          "type" : "object",
          "id" : "urn:jsonschema:org:acord:standards:life:_2:xml:routingnumvalid_resp:TransResultType",
          "required" : true,
          "properties" : {
            "ResultCode" : {
              "type" : "object",
              "id" : "urn:jsonschema:org:acord:standards:life:_2:xml:routingnumvalid_resp:RESULTCODES",
              "required" : true,
              "properties" : {
                "@tc" : {
                  "type" : "string",
                  "enum" : [ "1", "2", "5" ]
                },
                "$" : {
                  "type" : "string"
                }
              }
            },
            "ResultInfo" : {
              "type" : "array",
              "items" : {
                "type" : "object",
                "id" : "urn:jsonschema:org:acord:standards:life:_2:xml:routingnumvalid_resp:ResultInfoType",
                "properties" : {
                  "@id" : {
                    "type" : "string"
                  },
                  "ResultInfoCode" : {
                    "type" : "object",
                    "id" : "urn:jsonschema:org:acord:standards:life:_2:xml:routingnumvalid_resp:RESULTINFOCODES",
                    "properties" : {
                      "@tc" : {
                        "type" : "string"
                      },
                      "$" : {
                        "type" : "string"
                      }
                    }
                  },
                  "ResultInfoDesc" : {
                    "type" : "string"
                  },
                  "ResultInfoSeverity" : {
                    "type" : "object",
                    "id" : "urn:jsonschema:org:acord:standards:life:_2:xml:routingnumvalid_resp:OLILUMSGSEVERITY",
                    "properties" : {
                      "@tc" : {
                        "type" : "string"
                      },
                      "$" : {
                        "type" : "string"
                      }
                    }
                  }
                }
              }
            }
          }
        },
        "OLifE" : {
          "type" : "object",
          "id" : "urn:jsonschema:org:acord:standards:life:_2:xml:routingnumvalid_resp:OLifEType",
          "properties" : {
            "Holding" : {
              "type" : "array",
              "items" : {
                "type" : "object",
                "id" : "urn:jsonschema:org:acord:standards:life:_2:xml:routingnumvalid_resp:HoldingType",
                "properties" : {
                  "@id" : {
                    "type" : "string"
                  },
                  "HoldingTypeCode" : {
                    "type" : "object",
                    "id" : "urn:jsonschema:org:acord:standards:life:_2:xml:routingnumvalid_resp:OLILUHOLDTYPE",
                    "required" : true,
                    "properties" : {
                      "@tc" : {
                        "type" : "string",
                        "enum" : [ "7" ]
                      },
                      "$" : {
                        "type" : "string"
                      }
                    }
                  },
                  "HoldingName" : {
                    "type" : "string"
                  },
                  "Banking" : {
                    "type" : "object",
                    "id" : "urn:jsonschema:org:acord:standards:life:_2:xml:routingnumvalid_resp:BankingType",
                    "properties" : {
                      "RoutingNum" : {
                        "type" : "string"
                      },
                      "InstitutionNumber" : {
                        "type" : "string"
                      },
                      "BankName" : {
                        "type" : "string"
                      },
                      "OLifEExtension" : {
                        "type" : "object",
                        "id" : "urn:jsonschema:org:acord:standards:life:_2:xml:routingnumvalid_resp:OLifEExtensionType",
                        "properties" : {
                          "EffectiveDate" : {
                            "type" : "string"
                          }
                        }
                      }
                    }
                  }
                }
              }
            }
          }
        }
      }
    }
  }
  }
}
}