{
  "definitions": {},
  "$schema": "http://json-schema.org/draft-03/schema#",
  "$id": "",
  "type": "object",
  "properties": {
    "TXLife": {
      "type": "object",
      "properties": {
    "@Version" : {
      "type" : "string"
    },
    "TXLifeResponse" : {
      "type" : "object",
      "id" : "urn:jsonschema:org:acord:standards:life:_2:xml:suspense:TXLifeResponseType",
      "properties" : {
        "TransRefGUID" : {
          "type" : "string"
        },
        "TransType" : {
          "type" : "object",
          "id" : "urn:jsonschema:org:acord:standards:life:_2:xml:suspense:OLILUTRANSTYPECODES",
          "properties" : {
            "@tc" : {
              "type" : "string",
              "enum" : [ "508" ]
            },
            "$" : {
              "type" : "string"
            }
          }
        },
        "TransSubType" : {
          "type" : "object",
          "id" : "urn:jsonschema:org:acord:standards:life:_2:xml:suspense:OLILUTRANSSUBTYPECODES",
          "properties" : {
            "@tc" : {
              "type" : "string",
              "enum" : [ "50800" ]
            },
            "$" : {
              "type" : "string"
            }
          }
        },
        "TransExeDate" : {
          "type" : "string"
        },
        "TransExeTime" : {
          "type" : "string"
        },
        "TransMode" : {
          "type" : "object",
          "id" : "urn:jsonschema:org:acord:standards:life:_2:xml:suspense:TRANSMODECODES",
          "properties" : {
            "@tc" : {
              "type" : "string",
              "enum" : [ "2", "3", "4", "5", "6", "7", "8", "10" ]
            },
            "$" : {
              "type" : "string"
            }
          }
        },
        "TransResult" : {
          "type" : "object",
          "id" : "urn:jsonschema:org:acord:standards:life:_2:xml:suspense:TransResultType",
          "properties" : {
            "ResultCode" : {
              "type" : "object",
              "id" : "urn:jsonschema:org:acord:standards:life:_2:xml:suspense:RESULTCODES",
              "properties" : {
                "@tc" : {
                  "type" : "string",
                  "enum" : [ "1", "5" ]
                },
                "$" : {
                  "type" : "string"
                }
              }
            },
            "ResultInfo" : {

                "type" : "object",
                "id" : "urn:jsonschema:org:acord:standards:life:_2:xml:suspense:ResultInfoType",
                "properties" : {
                  "@id" : {
                    "type" : "string"
                  },
                  "ResultInfoCode" : {
                    "type" : "object",
                    "id" : "urn:jsonschema:org:acord:standards:life:_2:xml:suspense:RESULTINFOCODES",
                    "properties" : {
                      "@tc" : {
                        "type" : "string"
                      },
                      "$" : {
                        "type" : "string"
                      }
                    }
                  },
                  "ResultInfoDesc" : {
                    "type" : "string"
                  },
                  "ResultInfoSeverity" : {
                    "type" : "string"
                  },
                  "ResultInfoSource" : {
                    "type" : "string"
                  },
                  "OLifEExtension" : {
                    "type" : "object",
                    "id" : "urn:jsonschema:org:acord:standards:life:_2:xml:suspense:OLifEExtensionType",
                    "properties" : {
                      "SuspenseID" : {
                        "type" : "number"
                      }
                    }
                  }
                }
              
            }
          }
        },
        "OLifE" : {
          "type" : "object",
          "id" : "urn:jsonschema:org:acord:standards:life:_2:xml:suspense:OLifEType",
          "properties" : {
            "Holding" : {
              "type" : "object",
              "id" : "urn:jsonschema:org:acord:standards:life:_2:xml:suspense:HoldingType",
              "properties" : {
                "@id" : {
                  "type" : "string"
                },
                "HoldingTypeCode" : {
                  "type" : "object",
                  "id" : "urn:jsonschema:org:acord:standards:life:_2:xml:suspense:OLILUHOLDTYPE",
                  "properties" : {
                    "@tc" : {
                      "type" : "string",
                      "enum" : [ "2" ]
                    },
                    "$" : {
                      "type" : "string"
                    }
                  }
                },
                "Policy" : {
                  "type" : "object",
                  "id" : "urn:jsonschema:org:acord:standards:life:_2:xml:suspense:PolicyType",
                  "properties" : {
                    "@id" : {
                      "type" : "string"
                    },
                    "FinancialActivity" : {
                      "type" : "array",
                      "items" : {
                        "type" : "object",
                        "id" : "urn:jsonschema:org:acord:standards:life:_2:xml:suspense:FinancialActivityType",
                        "properties" : {
                          "@id" : {
                            "type" : "string"
                          },
                          "FinancialActivitySysKey" : {
                            "type" : "object",
                            "id" : "urn:jsonschema:org:acord:standards:life:_2:xml:suspense:SYSKEY",
                            "properties" : {
                              "@Persist" : {
                                "type" : "string"
                              },
                              "@SystemCode" : {
                                "type" : "string"
                              },
                              "@VendorCode" : {
                                "type" : "string"
                              },
                              "$" : {
                                "type" : "string"
                              }
                            }
                          }
                        }
                      }
                    }
                  }
                }
              }
            }
          }
        }
      }
    }
  }
  }
  }
}