{
  "definitions": {},
  "$schema": "http://json-schema.org/draft-03/schema#",
  "$id": "",
  "type": "object",
  "properties": {
    "TXLife": {
      "type": "object",
      "properties": {
    "@Version" : {
      "type" : "string"
    },
    "UserAuthRequest" : {
      "type" : "object",
      "id" : "urn:jsonschema:org:acord:standards:life:_2:xml:suspensereq:UserAuthRequestType",
      "properties" : {
        "UserLoginName" : {
          "type" : "string"
        }
      }
    },
    "TXLifeRequest" : {

        "type" : "object",
        "id" : "urn:jsonschema:org:acord:standards:life:_2:xml:suspensereq:TXLifeRequestType",
        "properties" : {
          "@PrimaryObjectID" : {
            "type" : "string"
          },
          "TransRefGUID" : {
            "type" : "string"
          },
          "TransType" : {
            "type" : "object",
            "id" : "urn:jsonschema:org:acord:standards:life:_2:xml:suspensereq:OLILUTRANSTYPECODES",
            "properties" : {
              "@tc" : {
                "type" : "string",
                "enum" : [ "508" ]
              },
              "$" : {
                "type" : "string"
              }
            }
          },
          "TransSubType" : {
            "type" : "object",
            "id" : "urn:jsonschema:org:acord:standards:life:_2:xml:suspensereq:OLILUTRANSSUBTYPECODES",
            "properties" : {
              "@tc" : {
                "type" : "string",
                "enum" : [ "50800" ]
              },
              "$" : {
                "type" : "string"
              }
            }
          },
          "TransExeDate" : {
            "type" : "string"
          },
          "TransExeTime" : {
            "type" : "string"
          },
          "TransMode" : {
            "type" : "object",
            "id" : "urn:jsonschema:org:acord:standards:life:_2:xml:suspensereq:TRANSMODECODES",
            "properties" : {
              "@tc" : {
                "type" : "string",
                "enum" : [ "2", "3", "4", "5", "6", "7", "8", "10" ]
              },
              "$" : {
                "type" : "string"
              }
            }
          },
          "OLifE" : {
            "type" : "object",
            "id" : "urn:jsonschema:org:acord:standards:life:_2:xml:suspensereq:OLifEType",
            "properties" : {
              "@Version" : {
                "type" : "string"
              },
              "Holding" : {
                "type" : "object",
                "id" : "urn:jsonschema:org:acord:standards:life:_2:xml:suspensereq:HoldingType",
                "properties" : {
                  "@id" : {
                    "type" : "string"
                  },
                  "HoldingTypeCode" : {
                    "type" : "object",
                    "id" : "urn:jsonschema:org:acord:standards:life:_2:xml:suspensereq:OLILUHOLDTYPE",
                    "properties" : {
                      "@tc" : {
                        "type" : "string",
                        "enum" : [ "2" ]
                      },
                      "$" : {
                        "type" : "string"
                      }
                    }
                  },
                  "CurrencyTypeCode" : {
                    "type" : "object",
                    "id" : "urn:jsonschema:org:acord:standards:life:_2:xml:suspensereq:OLILUCURRENCYTYPE",
                    "properties" : {
                      "@tc" : {
                        "type" : "string"
                      },
                      "$" : {
                        "type" : "string"
                      }
                    }
                  },
                  "Policy" : {
                    "type" : "object",
                    "id" : "urn:jsonschema:org:acord:standards:life:_2:xml:suspensereq:PolicyType",
                    "properties" : {
                      "@id" : {
                        "type" : "string"
                      },
                      "PolNumber" : {
                        "type" : "string"
                      },
                      "CarrierCode" : {
                        "type" : "string"
                      },
                      "FinancialActivity" : {

                          "type" : "object",
                          "id" : "urn:jsonschema:org:acord:standards:life:_2:xml:suspensereq:FinancialActivityType",
                          "properties" : {
                            "@id" : {
                              "type" : "string"
                            },
                            "FinActivityType" : {
                              "type" : "object",
                              "id" : "urn:jsonschema:org:acord:standards:life:_2:xml:suspensereq:OLILUFINACTTYPE",
                              "properties" : {
                                "@tc" : {
                                  "type" : "string"
                                },
                                "$" : {
                                  "type" : "string"
                                }
                              }
                            },
                            "FinActivityGrossAmt" : {
                              "type" : "string"
                            },
                            "FinActivityNetAmt" : {
                              "type" : "string"
                            },
                            "FinEffDate" : {
                              "type" : "string"
                            },
                            "OrderDate" : {
                              "type" : "string"
                            },
                            "ReportingTaxYear" : {
                              "type" : "string"
                            },
                            "Payment" : {

                                "type" : "object",
                                "id" : "urn:jsonschema:org:acord:standards:life:_2:xml:suspensereq:PaymentType",
                                "properties" : {
                                  "PaymentForm" : {
                                    "type" : "object",
                                    "id" : "urn:jsonschema:org:acord:standards:life:_2:xml:suspensereq:OLILUPAYMENTFORM",
                                    "properties" : {
                                      "@tc" : {
                                        "type" : "string"
                                      },
                                      "$" : {
                                        "type" : "string"
                                      }
                                    }
                                  },
                                  "CheckNo" : {
                                    "type" : "string"
                                  },
                                  "SourceOfFundsTC" : {
                                    "type" : "object",
                                    "id" : "urn:jsonschema:org:acord:standards:life:_2:xml:suspensereq:OLILUSOURCEOFFUNDS",
                                    "properties" : {
                                      "@tc" : {
                                        "type" : "string"
                                      },
                                      "$" : {
                                        "type" : "string"
                                      }
                                    }
                                  },
                                  "OLifEExtension" : {
                                    "type" : "object",
                                    "id" : "urn:jsonschema:org:acord:standards:life:_2:xml:suspensereq:OLifEExtensionPaymentType",
                                    "properties" : {
                                      "PreviousSourceType" : {
                                        "type" : "object",
                                        "id" : "urn:jsonschema:org:acord:standards:life:_2:xml:suspensereq:OLILUSOURCEOFFUNDS",
                                        "properties" : {
                                          "@tc" : {
                                            "type" : "string"
                                          },
                                          "$" : {
                                            "type" : "string"
                                          }
                                        }
                                      }
                                    }
                                  }
                                }
                              
                            },
                            "OLifEExtension" : {
                              "type" : "object",
                              "id" : "urn:jsonschema:org:acord:standards:life:_2:xml:suspensereq:OLifEExtensionFinActivityType",
                              "properties" : {
                                "GroupNumber" : {
                                  "type" : "string"
                                },
                                "PreviousTaxYear" : {
                                  "type" : "string"
                                },
                                "SuspenseReason" : {
                                  "type" : "string"
                                },
                                "PreviousContributionAmount" : {
                                  "type" : "number"
                                },
                                "CurrentContributionAmount" : {
                                  "type" : "number"
                                },
                                "ListBillNumber" : {
                                  "type" : "string"
                                },
                                "LoanNumber" : {
                                  "type" : "string"
                                },
                                "ApplySuspense" : {
                                  "type" : "string"
                                }
                              }
                            }
                          }
                        
                      }
                    }
                  }
                }
              },
              "Party" : {

                  "type" : "object",
                  "id" : "urn:jsonschema:org:acord:standards:life:_2:xml:suspensereq:PartyType",
                  "properties" : {
                    "@id" : {
                      "type" : "string"
                    },
                    "PartyTypeCode" : {
                      "type" : "object",
                      "id" : "urn:jsonschema:org:acord:standards:life:_2:xml:suspensereq:OLILUPARTY",
                      "properties" : {
                        "@tc" : {
                          "type" : "string",
                          "enum" : [ "1", "2" ]
                        },
                        "$" : {
                          "type" : "string"
                        }
                      }
                    },
                    "GovtIDTC" : {
                      "type" : "object",
                      "id" : "urn:jsonschema:org:acord:standards:life:_2:xml:suspensereq:OLILUGOVTIDTC",
                      "properties" : {
                        "@tc" : {
                          "type" : "string"
                        },
                        "$" : {
                          "type" : "string"
                        }
                      }
                    },
                    "IDReferenceNo" : {
                      "type" : "string"
                    },
                    "Person" : {
                      "type" : "object",
                      "id" : "urn:jsonschema:org:acord:standards:life:_2:xml:suspensereq:PersonType",
                      "properties" : {
                        "FirstName" : {
                          "type" : "string"
                        },
                        "LastName" : {
                          "type" : "string"
                        }
                      }
                    }

                  }
                
              },
              "Relation" : {

                  "type" : "object",
                  "id" : "urn:jsonschema:org:acord:standards:life:_2:xml:suspensereq:RelationType",
                  "properties" : {
                    "@id" : {
                      "type" : "string"
                    },
                    "@OriginatingObjectID" : {
                      "type" : "string"
                    },
                    "@RelatedObjectID" : {
                      "type" : "string"
                    },
                    "OriginatingObjectType" : {
                      "type" : "object",
                      "id" : "urn:jsonschema:org:acord:standards:life:_2:xml:suspensereq:OLILUOBJECTTYPE",
                      "properties" : {
                        "@tc" : {
                          "type" : "string"
                        },
                        "$" : {
                          "type" : "string"
                        }
                      }
                    },
                    "RelatedObjectType" : {
                      "type" : "object",
                      "id" : "urn:jsonschema:org:acord:standards:life:_2:xml:suspensereq:OLILUOBJECTTYPE",
                      "properties" : {
                        "@tc" : {
                          "type" : "string"
                        },
                        "$" : {
                          "type" : "string"
                        }
                      }
                    },
                    "RelationRoleCode" : {
                      "type" : "object",
                      "id" : "urn:jsonschema:org:acord:standards:life:_2:xml:suspensereq:OLILUREL",
                      "properties" : {
                        "@tc" : {
                          "type" : "string"
                        },
                        "$" : {
                          "type" : "string"
                        }
                      }
                    }
                  }
                
              }
            }
          }
        }
      
    }
  }
  }
  }
}