{
	"definitions": {},
	"$schema": "http://json-schema.org/draft-03/schema#",
	"$id": "",
	"type": "object",
	"properties": {
		"TXLife": {
			"type": "object",
			"properties": {
				"UserAuthRequest": {
					"type": "object",
					"id": "urn:jsonschema:org:acord:standards:life:_2:xml:perform_fund_transfer_txn_v1_0_req:UserAuthRequestType",
					"properties": {
						"UserLoginName": {
							"type": "string"
						}
					}
				},
				"TXLifeRequest": {
						"type": "object",
						"id": "urn:jsonschema:org:acord:standards:life:_2:xml:perform_fund_transfer_txn_v1_0_req:TXLifeRequestType",
						"properties": {
							"@PrimaryObjectID": {
								"type": "string"
							},
							"TransEffDate": {
								"type": "string"
							},
							"StartDate": {
								"type": "string"
							},
							"EndDate": {
								"type": "string"
							},
							"TransRefGUID": {
								"type": "string",
								"required": true
							},
							"TransType": {
								"type": "object",
								"id": "urn:jsonschema:org:acord:standards:life:_2:xml:perform_fund_transfer_txn_v1_0_req:OLILUTRANSTYPECODES",
								"required": true,
								"properties": {
									"@tc": {
										"type": "string"
									},
									"$": {
										"type": "string"
									}
								}
							},
							"TransSubType": {
								"type": "object",
								"id": "urn:jsonschema:org:acord:standards:life:_2:xml:perform_fund_transfer_txn_v1_0_req:TRANSSUBTYPECODES",
								"required": true,
								"properties": {
									"@tc": {
										"type": "string"
									},
									"$": {
										"type": "string"
									}
								}
							},
							"TransMode": {
								"type": "object",
								"id": "urn:jsonschema:org:acord:standards:life:_2:xml:perform_fund_transfer_txn_v1_0_req:TRANSMODECODES",
								"properties": {
									"@tc": {
										"type": "string"
									},
									"$": {
										"type": "string"
									}
								}
							},
							"OLifE": {
								"type": "object",
								"id": "urn:jsonschema:org:acord:standards:life:_2:xml:perform_fund_transfer_txn_v1_0_req:OLifEType",
								"required": true,
								"properties": {
									"Holding": {
										"type": "array",
										"items": {
											"type": "object",
											"id": "urn:jsonschema:org:acord:standards:life:_2:xml:perform_fund_transfer_txn_v1_0_req:HoldingType",
											"properties": {
												"@id": {
													"type": "string"
												},
												"HoldingTypeCode": {
													"type": "object",
													"id": "urn:jsonschema:org:acord:standards:life:_2:xml:perform_fund_transfer_txn_v1_0_req:OLILUHOLDTYPE",
													"properties": {
														"@tc": {
															"type": "string"
														},
														"$": {
															"type": "string"
														}
													}
												},
												"Policy": {
													"type": "object",
													"id": "urn:jsonschema:org:acord:standards:life:_2:xml:perform_fund_transfer_txn_v1_0_req:PolicyType",
													"properties": {
														"PolNumber": {
															"type": "string"
														},
														"ProductCode": {
															"type": "string"
														},
														"CarrierCode": {
															"type": "string"
														}
													}
												},
												"Arrangement": {
													"type": "array",
													"items": {
														"type": "object",
														"id": "urn:jsonschema:org:acord:standards:life:_2:xml:perform_fund_transfer_txn_v1_0_req:ArrangementType",
														"properties": {
															"@id": {
																"type": "string"
															},
															"@DataRep": {
																"type": "string"
															},
															"ArrMode": {
																"type": "object",
																"id": "urn:jsonschema:org:acord:standards:life:_2:xml:perform_fund_transfer_txn_v1_0_req:OLILUPAYMODE",
																"required": true,
																"properties": {
																	"@tc": {
																		"type": "string"
																	},
																	"$": {
																		"type": "string"
																	}
																}
															},
															"ArrType": {
																"type": "object",
																"id": "urn:jsonschema:org:acord:standards:life:_2:xml:perform_fund_transfer_txn_v1_0_req:OLILUARRTYPE",
																"required": true,
																"properties": {
																	"@tc": {
																		"type": "string"
																	},
																	"$": {
																		"type": "string"
																	}
																}
															},
															"ArrSubType": {
																"type": "object",
																"id": "urn:jsonschema:org:acord:standards:life:_2:xml:perform_fund_transfer_txn_v1_0_req:OLILUARRSUBTYPE",
																"required": true,
																"properties": {
																	"@tc": {
																		"type": "string"
																	},
																	"$": {
																		"type": "string"
																	}
																}
															},
															"ModalAmt": {
																"type": "string",
																"required": true
															},
															"SourceTransferAmtType": {
																"type": "object",
																"id": "urn:jsonschema:org:acord:standards:life:_2:xml:perform_fund_transfer_txn_v1_0_req:OLILUTRNSFRAMTTYPE",
																"required": true,
																"properties": {
																	"@tc": {
																		"type": "string"
																	},
																	"$": {
																		"type": "string"
																	}
																}
															},
															"DestTransferAmtType": {
																"type": "object",
																"id": "urn:jsonschema:org:acord:standards:life:_2:xml:perform_fund_transfer_txn_v1_0_req:OLILUTRNSFRAMTTYPE",
																"required": true,
																"properties": {
																	"@tc": {
																		"type": "string"
																	},
																	"$": {
																		"type": "string"
																	}
																}
															},
															"ArrSource": {
																"type": "array",
																"required": true,
																"items": {
																	"type": "object",
																	"id": "urn:jsonschema:org:acord:standards:life:_2:xml:perform_fund_transfer_txn_v1_0_req:ArrSourceType",
																	"properties": {
																		"@id": {
																			"type": "string"
																		},
																		"@SubAcctID": {
																			"type": "string"
																		},
																		"TransferAmt": {
																			"type": "string"
																		},
																		"TransferPct": {
																			"type": "string"
																		}
																}
																}
															},
															"ArrDestination": {
																"type": "array",
																"required": true,
																"items": {
																	"type": "object",
																	"id": "urn:jsonschema:org:acord:standards:life:_2:xml:perform_fund_transfer_txn_v1_0_req:ArrDestinationType",
																	"properties": {
																		"@id": {
																			"type": "string"
																		},
																		"@SubAcctID": {
																			"type": "string"
																		},
																		"TransferAmt": {
																			"type": "string"
																		},
																		"TransferPct": {
																			"type": "string"
																		}
																	}
															}
														}
														}
													}
												},
												"Investment": {
													"type": "array",
													"required": true,
													"items": {
														"type": "object",
														"id": "urn:jsonschema:org:acord:standards:life:_2:xml:perform_fund_transfer_txn_v1_0_req:InvestmentType",
														"properties": {
															"@id": {
																"type": "string"
															},
															"SubAccount": {
																"type": "array",
																"items": {
																	"type": "object",
																	"id": "urn:jsonschema:org:acord:standards:life:_2:xml:perform_fund_transfer_txn_v1_0_req:SubAccountType",
																	"properties": {
																		"@id": {
																			"type": "string"
																		},
																		"SubAccountKey": {
																			"type": "string"
																		}
																	}
																}
															}
														}
													
												}
											}
										}
								}
							}
						}
				}
			}
		}
	}
}
	}
}
