{
  "$schema": "http://json-schema.org/draft-04/schema#",
  "definitions": {},
  "id": "http://example.com/example.json",
  "properties": {
    "TXLife": {
      "id": "/properties/TXLife",
      "properties": {
        "TXLifeResponse": {
          "id": "/properties/TXLife/properties/TXLifeResponse",
          "properties": {
            "InquiryLevel": {
              "id": "/properties/TXLife/properties/TXLifeResponse/properties/InquiryLevel",
              "properties": {
                "$": {
                  "id": "/properties/TXLife/properties/TXLifeResponse/properties/InquiryLevel/properties/$",
                  "type": "string"
                },
                "@tc": {
                  "id": "/properties/TXLife/properties/TXLifeResponse/properties/InquiryLevel/properties/@tc",
                  "type": "string"
                }
              },
              "type": "object"
            },
            "OLifE": {
              "id": "/properties/TXLife/properties/TXLifeResponse/properties/OLifE",
              "properties": {
                "Holding": {
                  "id": "/properties/TXLife/properties/TXLifeResponse/properties/OLifE/properties/Holding",
                  "properties": {
                    "@id": {
                      "id": "/properties/TXLife/properties/TXLifeResponse/properties/OLifE/properties/Holding/properties/@id",
                      "type": "string"
                    },
                    "HoldingTypeCode": {
                      "id": "/properties/TXLife/properties/TXLifeResponse/properties/OLifE/properties/Holding/properties/HoldingTypeCode",
                      "properties": {
                        "$": {
                          "id": "/properties/TXLife/properties/TXLifeResponse/properties/OLifE/properties/Holding/properties/HoldingTypeCode/properties/$",
                          "type": "string"
                        },
                        "@tc": {
                          "id": "/properties/TXLife/properties/TXLifeResponse/properties/OLifE/properties/Holding/properties/HoldingTypeCode/properties/@tc",
                          "type": "string"
                        }
                      },
                      "type": "object"
                    },
                    "Policy": {
                      "id": "/properties/TXLife/properties/TXLifeResponse/properties/OLifE/properties/Holding/properties/Policy",
                      "properties": {
                        "CarrierCode": {
                          "id": "/properties/TXLife/properties/TXLifeResponse/properties/OLifE/properties/Holding/properties/Policy/properties/CarrierCode",
                          "type": "string"
                        },
                        "PolNumber": {
                          "id": "/properties/TXLife/properties/TXLifeResponse/properties/OLifE/properties/Holding/properties/Policy/properties/PolNumber",
                          "type": "string"
                        },
                        "ProductCode": {
                          "id": "/properties/TXLife/properties/TXLifeResponse/properties/OLifE/properties/Holding/properties/Policy/properties/ProductCode",
                          "type": "string"
                        }
                      },
                      "type": "object"
                    }
                  },
                  "type": "object"
                },
                "PolicyProduct": {
                  "id": "/properties/TXLife/properties/TXLifeResponse/properties/OLifE/properties/PolicyProduct",
                  "properties": {
                    "Description": {
                      "id": "/properties/TXLife/properties/TXLifeResponse/properties/OLifE/properties/PolicyProduct/properties/Description",
                      "type": "string"
                    },
                    "LifeProduct": {
                      "id": "/properties/TXLife/properties/TXLifeResponse/properties/OLifE/properties/PolicyProduct/properties/LifeProduct",
                      "type": "object"
                    },
                    "PolicyProductKey": {
                      "id": "/properties/TXLife/properties/TXLifeResponse/properties/OLifE/properties/PolicyProduct/properties/PolicyProductKey",
                      "type": "string"
                    },
                    "ProductCode": {
                      "id": "/properties/TXLife/properties/TXLifeResponse/properties/OLifE/properties/PolicyProduct/properties/ProductCode",
                      "type": "string"
                    }
                  },
                  "type": "object"
                }
              },
              "type": "object"
            },
            "TransExeDate": {
              "id": "/properties/TXLife/properties/TXLifeResponse/properties/TransExeDate",
              "type": "string"
            },
            "TransExeTime": {
              "id": "/properties/TXLife/properties/TXLifeResponse/properties/TransExeTime",
              "type": "string"
            },
            "TransMode": {
              "id": "/properties/TXLife/properties/TXLifeResponse/properties/TransMode",
              "properties": {
                "$": {
                  "id": "/properties/TXLife/properties/TXLifeResponse/properties/TransMode/properties/$",
                  "type": "string"
                },
                "@tc": {
                  "id": "/properties/TXLife/properties/TXLifeResponse/properties/TransMode/properties/@tc",
                  "type": "string"
                }
              },
              "type": "object"
            },
            "TransRefGUID": {
              "id": "/properties/TXLife/properties/TXLifeResponse/properties/TransRefGUID",
              "type": "string"
            },
            "TransResult": {
              "id": "/properties/TXLife/properties/TXLifeResponse/properties/TransResult",
              "properties": {
                "ResultCode": {
                  "id": "/properties/TXLife/properties/TXLifeResponse/properties/TransResult/properties/ResultCode",
                  "properties": {
                    "$": {
                      "id": "/properties/TXLife/properties/TXLifeResponse/properties/TransResult/properties/ResultCode/properties/$",
                      "type": "string"
                    },
                    "@tc": {
                      "id": "/properties/TXLife/properties/TXLifeResponse/properties/TransResult/properties/ResultCode/properties/@tc",
                      "type": "string"
                    }
                  },
                  "type": "object"
                }
              },
              "type": "object"
            },
            "TransSubType": {
              "id": "/properties/TXLife/properties/TXLifeResponse/properties/TransSubType",
              "properties": {
                "$": {
                  "id": "/properties/TXLife/properties/TXLifeResponse/properties/TransSubType/properties/$",
                  "type": "string"
                },
                "@tc": {
                  "id": "/properties/TXLife/properties/TXLifeResponse/properties/TransSubType/properties/@tc",
                  "type": "string"
                }
              },
              "type": "object"
            },
            "TransType": {
              "id": "/properties/TXLife/properties/TXLifeResponse/properties/TransType",
              "properties": {
                "$": {
                  "id": "/properties/TXLife/properties/TXLifeResponse/properties/TransType/properties/$",
                  "type": "string"
                },
                "@tc": {
                  "id": "/properties/TXLife/properties/TXLifeResponse/properties/TransType/properties/@tc",
                  "type": "string"
                }
              },
              "type": "object"
            }
          },
          "type": "object"
        }
      },
      "type": "object"
    }
  },
  "type": "object"
}