{
  "$schema": "http://json-schema.org/draft-04/schema#",
  "definitions": {},
  "id": "http://example.com/example.json",
  "properties": {
    "TXLife": {
      "id": "/properties/TXLife",
      "properties": {
        "TXLifeResponse": {
          "id": "/properties/TXLife/properties/TXLifeResponse",
          "properties": {
            "OLifE": {
              "id": "/properties/TXLife/properties/TXLifeResponse/properties/OLifE",
              "properties": {
                "Holding": {
                  "id": "/properties/TXLife/properties/TXLifeResponse/properties/OLifE/properties/Holding",
                  "properties": {
                    "@id": {
                      "id": "/properties/TXLife/properties/TXLifeResponse/properties/OLifE/properties/Holding/properties/@id",
                      "type": "string"
                    },
                    "HoldingName": {
                      "id": "/properties/TXLife/properties/TXLifeResponse/properties/OLifE/properties/Holding/properties/HoldingName",
                      "type": "string"
                    },
                    "HoldingTypeCode": {
                      "id": "/properties/TXLife/properties/TXLifeResponse/properties/OLifE/properties/Holding/properties/HoldingTypeCode",
                      "properties": {
                        "$": {
                          "id": "/properties/TXLife/properties/TXLifeResponse/properties/OLifE/properties/Holding/properties/HoldingTypeCode/properties/$",
                          "type": "string"
                        },
                        "@tc": {
                          "id": "/properties/TXLife/properties/TXLifeResponse/properties/OLifE/properties/Holding/properties/HoldingTypeCode/properties/@tc",
                          "type": "string"
                        }
                      },
                      "type": "object"
                    },
                    "Policy": {
                      "id": "/properties/TXLife/properties/TXLifeResponse/properties/OLifE/properties/Holding/properties/Policy",
                      "properties": {
                        "CarrierCode": {
                          "id": "/properties/TXLife/properties/TXLifeResponse/properties/OLifE/properties/Holding/properties/Policy/properties/CarrierCode",
                          "type": "string"
                        },
                        "FinancialActivity": {
                          "id": "/properties/TXLife/properties/TXLifeResponse/properties/OLifE/properties/Holding/properties/Policy/properties/FinancialActivity",
                          "items": {
                            "id": "/properties/TXLife/properties/TXLifeResponse/properties/OLifE/properties/Holding/properties/Policy/properties/FinancialActivity/items",
                            "properties": {
                              "@id": {
                                "id": "/properties/TXLife/properties/TXLifeResponse/properties/OLifE/properties/Holding/properties/Policy/properties/FinancialActivity/items/properties/@id",
                                "type": "string"
                              },
                              "FinActivityDate": {
                                "id": "/properties/TXLife/properties/TXLifeResponse/properties/OLifE/properties/Holding/properties/Policy/properties/FinancialActivity/items/properties/FinActivityDate",
                                "type": "string"
                              },
                              "FinActivityGrossAmt": {
                                "id": "/properties/TXLife/properties/TXLifeResponse/properties/OLifE/properties/Holding/properties/Policy/properties/FinancialActivity/items/properties/FinActivityGrossAmt",
                                "type": "integer"
                              },
                              "FinActivityStatus": {
                                "id": "/properties/TXLife/properties/TXLifeResponse/properties/OLifE/properties/Holding/properties/Policy/properties/FinancialActivity/items/properties/FinActivityStatus",
                                "properties": {
                                  "$": {
                                    "id": "/properties/TXLife/properties/TXLifeResponse/properties/OLifE/properties/Holding/properties/Policy/properties/FinancialActivity/items/properties/FinActivityStatus/properties/$",
                                    "type": "string"
                                  },
                                  "@tc": {
                                    "id": "/properties/TXLife/properties/TXLifeResponse/properties/OLifE/properties/Holding/properties/Policy/properties/FinancialActivity/items/properties/FinActivityStatus/properties/@tc",
                                    "type": "string"
                                  }
                                },
                                "type": "object"
                              },
                              "FinActivityType": {
                                "id": "/properties/TXLife/properties/TXLifeResponse/properties/OLifE/properties/Holding/properties/Policy/properties/FinancialActivity/items/properties/FinActivityType",
                                "properties": {
                                  "$": {
                                    "id": "/properties/TXLife/properties/TXLifeResponse/properties/OLifE/properties/Holding/properties/Policy/properties/FinancialActivity/items/properties/FinActivityType/properties/$",
                                    "type": "string"
                                  },
                                  "@tc": {
                                    "id": "/properties/TXLife/properties/TXLifeResponse/properties/OLifE/properties/Holding/properties/Policy/properties/FinancialActivity/items/properties/FinActivityType/properties/@tc",
                                    "type": "string"
                                  }
                                },
                                "type": "object"
                              },
                              "FinEffDate": {
                                "id": "/properties/TXLife/properties/TXLifeResponse/properties/OLifE/properties/Holding/properties/Policy/properties/FinancialActivity/items/properties/FinEffDate",
                                "type": "string"
                              },
                              "FinancialActivitySysKey": {
                                "id": "/properties/TXLife/properties/TXLifeResponse/properties/OLifE/properties/Holding/properties/Policy/properties/FinancialActivity/items/properties/FinancialActivitySysKey",
                                "type": "integer"
                              },
                              "ReversalInd": {
                                "id": "/properties/TXLife/properties/TXLifeResponse/properties/OLifE/properties/Holding/properties/Policy/properties/FinancialActivity/items/properties/ReversalInd",
                                "properties": {
                                  "$": {
                                    "id": "/properties/TXLife/properties/TXLifeResponse/properties/OLifE/properties/Holding/properties/Policy/properties/FinancialActivity/items/properties/ReversalInd/properties/$",
                                    "type": "string"
                                  },
                                  "@tc": {
                                    "id": "/properties/TXLife/properties/TXLifeResponse/properties/OLifE/properties/Holding/properties/Policy/properties/FinancialActivity/items/properties/ReversalInd/properties/@tc",
                                    "type": "string"
                                  }
                                },
                                "type": "object"
                              }
                            },
                            "type": "object"
                          },
                          "type": "array"
                        },
                        "OLifEExtension": {
                          "id": "/properties/TXLife/properties/TXLifeResponse/properties/OLifE/properties/Holding/properties/Policy/properties/OLifEExtension",
                          "properties": {
                            "isTrad": {
                              "id": "/properties/TXLife/properties/TXLifeResponse/properties/OLifE/properties/Holding/properties/Policy/properties/OLifEExtension/properties/isTrad",
                              "type": "boolean"
                            }
                          },
                          "type": "object"
                        },
                        "PolNumber": {
                          "id": "/properties/TXLife/properties/TXLifeResponse/properties/OLifE/properties/Holding/properties/Policy/properties/PolNumber",
                          "type": "string"
                        },
                        "ProductCode": {
                          "id": "/properties/TXLife/properties/TXLifeResponse/properties/OLifE/properties/Holding/properties/Policy/properties/ProductCode",
                          "type": "string"
                        }
                      },
                      "type": "object"
                    }
                  },
                  "type": "object"
                }
              },
              "type": "object"
            },
            "TransExeDate": {
              "id": "/properties/TXLife/properties/TXLifeResponse/properties/TransExeDate",
              "type": "string"
            },
            "TransExeTime": {
              "id": "/properties/TXLife/properties/TXLifeResponse/properties/TransExeTime",
              "type": "string"
            },
            "TransRefGUID": {
              "id": "/properties/TXLife/properties/TXLifeResponse/properties/TransRefGUID",
              "type": "string"
            },
            "TransResult": {
              "id": "/properties/TXLife/properties/TXLifeResponse/properties/TransResult",
              "properties": {
                "ResultCode": {
                  "id": "/properties/TXLife/properties/TXLifeResponse/properties/TransResult/properties/ResultCode",
                  "properties": {
                    "$": {
                      "id": "/properties/TXLife/properties/TXLifeResponse/properties/TransResult/properties/ResultCode/properties/$",
                      "type": "string"
                    },
                    "@tc": {
                      "id": "/properties/TXLife/properties/TXLifeResponse/properties/TransResult/properties/ResultCode/properties/@tc",
                      "type": "string"
                    }
                  },
                  "type": "object"
                }
              },
              "type": "object"
            },
            "TransType": {
              "id": "/properties/TXLife/properties/TXLifeResponse/properties/TransType",
              "properties": {
                "$": {
                  "id": "/properties/TXLife/properties/TXLifeResponse/properties/TransType/properties/$",
                  "type": "string"
                },
                "@tc": {
                  "id": "/properties/TXLife/properties/TXLifeResponse/properties/TransType/properties/@tc",
                  "type": "string"
                }
              },
              "type": "object"
            }
          },
          "type": "object"
        }
      },
      "type": "object"
    }
  },
  "type": "object"
}