{
  "definitions": {},
  "$schema": "http://json-schema.org/draft-03/schema#",
  "$id": "",
  "type": "object",
  "properties": {
    "TXLife": {
      "type": "object",
      "properties": {
    "UserAuthRequest" : {
      "type" : "object",
      "id" : "urn:jsonschema:org:acord:standards:life:_2:xml:payment_reject_req_binding:UserAuthRequestType",
      "required" : true,
      "properties" : {
        "UserLoginName" : {
          "type" : "string"
        }
      }
    },
    "TXLifeRequest" : {
      "type" : "object",
      "id" : "urn:jsonschema:org:acord:standards:life:_2:xml:payment_reject_req_binding:TXLifeRequestType",
      "properties" : {
        "TransRefGUID" : {
          "type" : "string",
          "required" : true
        },
        "TransType" : {
          "type" : "object",
          "id" : "urn:jsonschema:org:acord:standards:life:_2:xml:payment_reject_req_binding:OLILUTRANSTYPECODES",
          "required" : true,
          "properties" : {
            "@tc" : {
              "type" : "string"
            },
            "$" : {
              "type" : "string"
            }
          }
        },
        "TransSubType" : {
          "type" : "object",
          "id" : "urn:jsonschema:org:acord:standards:life:_2:xml:payment_reject_req_binding:TRANSSUBTYPECODES",
          "required" : true,
          "properties" : {
            "@tc" : {
              "type" : "string"
            },
            "$" : {
              "type" : "string"
            }
          }
        },
        "TransExeDate" : {
          "type" : "string",
          "required" : true
        },
        "TransExeTime" : {
          "type" : "string",
          "required" : true
        },
        "OLifE" : {
          "type" : "object",
          "id" : "urn:jsonschema:org:acord:standards:life:_2:xml:payment_reject_req_binding:OLifEType",
          "required" : true,
          "properties" : {
            "Holding" : {
                "type" : "object",
                "id" : "urn:jsonschema:org:acord:standards:life:_2:xml:payment_reject_req_binding:HoldingType",
                "properties" : {
                  "@id" : {
                    "type" : "string"
                  },
                  "Policy" : {
                    "type" : "object",
                    "id" : "urn:jsonschema:org:acord:standards:life:_2:xml:payment_reject_req_binding:PolicyType",
                    "properties" : {
                      "PolNumber" : {
                        "type" : "string",
                        "required" : true
                      },
                      "FinancialActivity" : {
                        "type" : "object",
                        "id" : "urn:jsonschema:org:acord:standards:life:_2:xml:payment_reject_req_binding:FinancialActivityType",
                        "required" : true,
                        "properties" : {
                          "TransConfirmNum" : {
                            "type" : "string",
                            "required" : true
                          },
                          "Payment" : {
                            "type" : "object",
                            "id" : "urn:jsonschema:org:acord:standards:life:_2:xml:payment_reject_req_binding:PaymentType",
                            "properties" : {
                              "PaymentAmt" : {
                                "type" : "number",
                                "required" : true
                              }
                            }
                          },
                          "OLifEExtension" : {
                            "type" : "object",
                            "id" : "urn:jsonschema:org:acord:standards:life:_2:xml:payment_reject_req_binding:OLifEExtensionType",
                            "required" : true,
                            "properties" : {
                              "ReversalReasonCode" : {
                                "type" : "integer",
                                "required" : true
                              },
                              "ReversalReason" : {
                                "type" : "string",
                                "required" : true
                              }
                            }
                          }
                        }
                      }
                    }
                  }
                }
              }
          }
        }
      }
    }
  }
  }
  }
}