{
  "definitions": {},
  "$schema": "http://json-schema.org/draft-03/schema#",
  "$id": "",
  "type": "object",
  "properties": {
    "TXLife": {
      "type": "object",
      "properties": {
    "@Version" : {
      "type" : "string"
    },
    "TXLifeResponse" : {

        "type" : "object",
        "id" : "urn:jsonschema:org:acord:standards:life:_2:xml:payment_reject:TXLifeResponseType",
        "properties" : {
          "TransRefGUID" : {
            "type" : "string",
            "required" : true
          },
          "TransType" : {
            "type" : "object",
            "id" : "urn:jsonschema:org:acord:standards:life:_2:xml:payment_reject:OLILUTRANSTYPECODES",
            "required" : true,
            "properties" : {
              "@tc" : {
                "type" : "string",
                "enum" : [ "508" ]
              },
              "$" : {
                "type" : "string"
              }
            }
          },
          "TransSubType" : {
            "type" : "object",
            "id" : "urn:jsonschema:org:acord:standards:life:_2:xml:payment_reject:TRANSSUBTYPECODES",
            "required" : true,
            "properties" : {
              "@tc" : {
                "type" : "string",
                "enum" : [ "18507 " ]
              },
              "$" : {
                "type" : "string"
              }
            }
          },
          "TransExeDate" : {
            "type" : "string"
          },
          "TransExeTime" : {
            "type" : "string"
          },
          "TransMode" : {
            "type" : "object",
            "id" : "urn:jsonschema:org:acord:standards:life:_2:xml:payment_reject:TRANSMODECODES",
            "properties" : {
              "@tc" : {
                "type" : "string",
                "enum" : [ "2" ]
              },
              "$" : {
                "type" : "string"
              }
            }
          },
          "TransResult" : {
            "type" : "object",
            "id" : "urn:jsonschema:org:acord:standards:life:_2:xml:payment_reject:TransResultType",
            "required" : true,
            "properties" : {
              "ResultCode" : {
                "type" : "object",
                "id" : "urn:jsonschema:org:acord:standards:life:_2:xml:payment_reject:RESULTCODES",
                "required" : true,
                "properties" : {
                  "@tc" : {
                    "type" : "string",
                    "enum" : [ "1", "5" ]
                  },
                  "$" : {
                    "type" : "string"
                  }
                }
              },
              "ResultInfo" : {

                  "type" : "object",
                  "id" : "urn:jsonschema:org:acord:standards:life:_2:xml:payment_reject:ResultInfoType",
                  "properties" : {
                    "@id" : {
                      "type" : "string"
                    },
                    "ResultInfoCode" : {
                      "type" : "object",
                      "id" : "urn:jsonschema:org:acord:standards:life:_2:xml:payment_reject:RESULTINFOCODES",
                      "properties" : {
                        "@tc" : {
                          "type" : "string"
                        },
                        "$" : {
                          "type" : "string"
                        }
                      }
                    },
                    "ResultInfoDesc" : {
                      "type" : "string"
                    }
                  }
                
              }
            }
          }
        }
      
    }
  }
  }
  }
}