{
  "definitions": {},
  "$schema": "http://json-schema.org/draft-03/schema#",
  "$id": "",
  "type": "object",
  "properties": {
    "TXLife": {
      "type": "object",
      "properties": {
      "@Version": {
          "id": "/properties/TXLife/properties/@PrimaryObjectID",
          "type": "string"
        },
        "UserAuthRequest" : {
      "id" : "/properties/TXLife/properties/UserAuthRequest",
      "properties" : {
        "UserLoginName" : {
          "id" : "/properties/TXLife/properties/UserAuthRequest/properties/UserLoginName",
          "type" : "string"
        }
      },
      "type" : "object"
    },
    "TXLifeRequest": {
      "id": "/properties/TXLifeRequest",
      "properties": {
        "@Version": {
          "id": "/properties/TXLifeRequest/properties/@PrimaryObjectID",
          "type": "string"
        },
        "@PrimaryObjectID": {
          "id": "/properties/TXLifeRequest/properties/@PrimaryObjectID",
          "type": "string"
        },
        "TransEffDate": {
          "id": "/properties/TXLifeRequest/properties/TransEffDate",
          "type": "string"
        },
        "StartDate": {
          "id": "/properties/TXLifeRequest/properties/StartDate",
          "type": "string"
        },
        "EndDate": {
          "id": "/properties/TXLifeRequest/properties/EndDate",
          "type": "string"
        },
        "TransRefGUID": {
          "id": "/properties/TXLifeRequest/properties/TransRefGUID",
          "type": "string"
        },
        "TransType": {
          "id": "/properties/TXLifeRequest/properties/TransType",
          "properties": {
            "@tc": {
              "id": "/properties/TXLifeRequest/properties/TransType/properties/@tc",
              "type": "string"
            },
            "$": {
              "id": "/properties/TXLifeRequest/properties/TransType/properties/$",
              "type": "string"
            }
          },
          "type": "object"
        },
        "TransSubType": {
          "id": "/properties/TXLifeRequest/properties/TransSubType",
          "properties": {
            "@tc": {
              "id": "/properties/TXLifeRequest/properties/TransSubType/properties/@tc",
              "type": "string"
            },
            "$": {
              "id": "/properties/TXLifeRequest/properties/TransSubType/properties/$",
              "type": "string"
            }
          },
          "type": "object"
        },
		"TransMode": {
          "id": "/properties/TXLifeRequest/properties/TransMode",
          "properties": {
            "@tc": {
              "id": "/properties/TXLifeRequest/properties/TransMode/properties/@tc",
              "type": "string"
            },
            "$": {
              "id": "/properties/TXLifeRequest/properties/TransMode/properties/$",
              "type": "string"
            }
          },
          "type": "object"
        },
		"OLifE": {
          "id": "/properties/TXLifeRequest/properties/OLifE",
          "properties": {
				"@Version": {
                  "id": "/properties/TXLifeRequest/properties/OLifE/properties/@Version",
                  "type": "string"
                },
                "Holding": {
              "id": "/properties/TXLifeRequest/properties/OLifE/properties/Holding",
              "properties": {
                "@id": {
                  "id": "/properties/TXLifeRequest/properties/OLifE/properties/Holding/properties/@id",
                  "type": "string"
                },
                "HoldingTypeCode": {
                  "id": "/properties/TXLifeRequest/properties/OLifE/properties/Holding/properties/HoldingTypeCode",
                  "properties": {
                    "@tc": {
                      "id": "/properties/TXLifeRequest/properties/OLifE/properties/Holding/properties/HoldingTypeCode/properties/@tc",
                      "type": "string"
                    },
                    "$": {
                      "id": "/properties/TXLifeRequest/properties/OLifE/properties/Holding/properties/HoldingTypeCode/properties/$",
                      "type": "string"
                    }
                  },
                  "type": "object"
                },
                "HoldingName": {
                      "id": "/properties/TXLifeRequest/properties/OLifE/properties/Holding/properties/HoldingName",
                      "type": "string"
                    },
					"Policy": {
                  "id": "/properties/TXLifeRequest/properties/OLifE/properties/Holding/properties/Policy",
                  "properties": {
                    "PolNumber": {
                      "id": "/properties/TXLifeRequest/properties/OLifE/properties/Holding/properties/Policy/properties/PolNumber",
                      "type": "string"
                    },
                    "ProductCode": {
                      "id": "/properties/TXLifeRequest/properties/OLifE/properties/Holding/properties/Policy/properties/ProductCode",
                      "type": "string"
                    },
					"CarrierCode": {
                      "id": "/properties/TXLifeRequest/properties/OLifE/properties/Holding/properties/Policy/properties/CarrierCode",
                      "type": "string"
                    },
                    "FinancialActivity": {
                      "id": "/properties/TXLifeRequest/properties/OLifE/properties/Holding/properties/Policy/properties/FinancialActivity",
                      "properties": {
                        "@id": {
                          "id": "/properties/TXLifeRequest/properties/OLifE/properties/Holding/properties/Policy/properties/FinancialActivity/properties/@id",
                          "type": "string"
                        },
                        "FinActivityType": {
                          "id": "/properties/TXLifeRequest/properties/OLifE/properties/Holding/properties/Policy/properties/FinancialActivity/properties/FinActivityType",
                          "properties": {
                            "@tc": {
                              "id": "/properties/TXLifeRequest/properties/OLifE/properties/Holding/properties/Policy/properties/FinancialActivity/properties/FinActivityType/properties/@tc",
                              "type": "string"
                            },
                            "$": {
                              "id": "/properties/TXLifeRequest/properties/OLifE/properties/Holding/properties/Policy/properties/FinancialActivity/properties/FinActivityType/properties/$",
                              "type": "string"
                            }
                          },
                          "type": "object"
                        },
                        "FinActivityPct": {
                                "id": "properties/TXLifeRequest/properties/OLifE/properties/Holding/properties/Policy/properties/FinancialActivity/properties/FinActivityPct",
                                "type": "string"
                        },
						"FinActivityGrossAmt": {
                                "id": "properties/TXLifeRequest/properties/OLifE/properties/Holding/properties/Policy/properties/FinancialActivity/properties/FinActivityGrossAmt",
                                "type": "integer"
                        },
						"FinEffDate": {
                          "id": "/properties/TXLifeRequest/properties/OLifE/properties/Holding/properties/Policy/properties/FinancialActivity/properties/FinEffDate",
                          "type": "string"
                        },
                        "FinancialActivityInfo": {
                          "id": "/properties/TXLifeRequest/properties/OLifE/properties/Holding/properties/Policy/properties/FinancialActivity/properties/FinancialActivityInfo",
                          "items": {
                            "id": "/properties/TXLifeRequest/properties/OLifE/properties/Holding/properties/Policy/properties/FinancialActivity/properties/FinancialActivityInfo/items",
                            "properties": {
                              "@id": {
                                "id": "/properties/TXLifeRequest/properties/OLifE/properties/Holding/properties/Policy/properties/FinancialActivity/properties/FinancialActivityInfo/items/properties/@id",
                                "type": "string"
                              },
                              "@DataRep": {
                                "id": "/properties/TXLifeRequest/properties/OLifE/properties/Holding/properties/Policy/properties/FinancialActivity/properties/FinancialActivityInfo/items/properties/@DataRep",
                                "type": "string"
                              },
							  "@FinancialActivityID": {
                                "id": "/properties/TXLifeRequest/properties/OLifE/properties/Holding/properties/Policy/properties/FinancialActivity/properties/FinancialActivityInfo/items/properties/@FinancialActivityID",
                                "type": "string"
                              },
							  "@HoldingRefID": {
                                "id": "/properties/TXLifeRequest/properties/OLifE/properties/Holding/properties/Policy/properties/FinancialActivity/properties/FinancialActivityInfo/items/properties/@HoldingRefID",
                                "type": "string"
                              },
							  "FinancialActivityInfoKey": {
                                "id": "/properties/TXLifeRequest/properties/OLifE/properties/Holding/properties/Policy/properties/FinancialActivity/properties/FinancialActivityInfo/items/properties/FinancialActivityInfoKey",
								"properties": {
									"@VendorCode": {
                                "id": "/properties/TXLifeRequest/properties/OLifE/properties/Holding/properties/Policy/properties/FinancialActivity/properties/FinancialActivityInfo/items/properties/FinancialActivityInfoKey/properties/@VendorCode",
                                "type": "string"
                              },
							  "@Persist": {
                                "id": "/properties/TXLifeRequest/properties/OLifE/properties/Holding/properties/Policy/properties/FinancialActivity/properties/FinancialActivityInfo/items/properties/FinancialActivityInfoKey/properties/@Persist",
                                "type": "string"
                              },
							  "@SystemCode": {
                                "id": "/properties/TXLifeRequest/properties/OLifE/properties/Holding/properties/Policy/properties/FinancialActivity/properties/FinancialActivityInfo/items/properties/FinancialActivityInfoKey/properties/@SystemCode",
                                "type": "string"
                              }
								},
                                "type": "object"
                              },
							  "FinancialActivityInfoSysKey": {
                                "id": "/properties/TXLifeRequest/properties/OLifE/properties/Holding/properties/Policy/properties/FinancialActivity/properties/FinancialActivityInfo/items/properties/FinancialActivityInfoSysKey",
								"properties": {
									"@VendorCode": {
                                "id": "/properties/TXLifeRequest/properties/OLifE/properties/Holding/properties/Policy/properties/FinancialActivity/properties/FinancialActivityInfo/items/properties/FinancialActivityInfoSysKey/properties/@VendorCode",
                                "type": "string"
                              },
							  "@Persist": {
                                "id": "/properties/TXLifeRequest/properties/OLifE/properties/Holding/properties/Policy/properties/FinancialActivity/properties/FinancialActivityInfo/items/properties/FinancialActivityInfoSysKey/properties/@Persist",
                                "type": "string"
                              },
							  "@SystemCode": {
                                "id": "/properties/TXLifeRequest/properties/OLifE/properties/Holding/properties/Policy/properties/FinancialActivity/properties/FinancialActivityInfo/items/properties/FinancialActivityInfoSysKey/properties/@SystemCode",
                                "type": "string"
                              }
								},
                                "type": "object"
                              },
							  "ReferenceNo": {
                                "id": "/properties/TXLifeRequest/properties/OLifE/properties/Holding/properties/Policy/properties/FinancialActivity/properties/FinancialActivityInfo/items/properties/ReferenceNo",
                                "type": "string"
                              },
							  "OLifEExtension": {
                                "id": "/properties/TXLifeRequest/properties/OLifE/properties/Holding/properties/Policy/properties/FinancialActivity/properties/FinancialActivityInfo/items/properties/OLifEExtension",
								"properties": {
									"@VendorCode": {
                                "id": "/properties/TXLifeRequest/properties/OLifE/properties/Holding/properties/Policy/properties/FinancialActivity/properties/FinancialActivityInfo/items/properties/OLifEExtension/properties/@VendorCode",
                                "type": "string"
                              },
							  "@ExtensionCode": {
                                "id": "/properties/TXLifeRequest/properties/OLifE/properties/Holding/properties/Policy/properties/FinancialActivity/properties/FinancialActivityInfo/items/properties/OLifEExtension/properties/@ExtensionCode",
                                "type": "string"
                              },
							  "@DataRep": {
                                "id": "/properties/TXLifeRequest/properties/OLifE/properties/Holding/properties/Policy/properties/FinancialActivity/properties/FinancialActivityInfo/items/properties/OLifEExtension/properties/@DataRep",
                                "type": "string"
                              },
							  "@SystemCode": {
                                "id": "/properties/TXLifeRequest/properties/OLifE/properties/Holding/properties/Policy/properties/FinancialActivity/properties/FinancialActivityInfo/items/properties/OLifEExtension/properties/@SystemCode",
                                "type": "string"
                              }
								},
                                "type": "object"
                              }
                            },
                            "type": "object"
                          },
                          "type": "array"
                        }
                      },
                      "type": "object"
                    }
                  },
                  "type": "object"
                },
					"Investment": {
                  "id": "/properties/TXLifeRequest/properties/OLifE/properties/Holding/properties/Investment",
                  "properties": {
                    "@id": {
                      "id": "/properties/TXLifeRequest/properties/OLifE/properties/Holding/properties/Investment/properties/@id",
                      "type": "string"
                    },
                    "SubAccount": {
                      "id": "/properties/TXLifeRequest/properties/OLifE/properties/Holding/properties/Investment/properties/SubAccount",
                      "items": {
                        "id": "/properties/TXLifeRequest/properties/OLifE/properties/Holding/properties/Investment/properties/SubAccount/items",
                        "properties": {
                          "@id": {
                            "id": "/properties/TXLifeRequest/properties/OLifE/properties/Holding/properties/Investment/properties/SubAccount/items/properties/@id",
                            "type": "string"
                          },
                          "SubAccountKey": {
                            "id": "/properties/TXLifeRequest/properties/OLifE/properties/Holding/properties/Investment/properties/SubAccount/items/properties/SubAccountKey",
                            "type": "string"
                          },
						  "FinancialActivity": {
                            "id": "/properties/TXLifeRequest/properties/OLifE/properties/Holding/properties/Investment/properties/SubAccount/items/properties/FinancialActivity",
                            "properties": {
                              "@id": {
                                "id": "/properties/TXLifeRequest/properties/OLifE/properties/Holding/properties/Investment/properties/SubAccount/items/properties/FinancialActivity/properties/@id",
                                "type": "string"
                              },
                              "FinActivityType": {
                                "id": "/properties/TXLifeRequest/properties/OLifE/properties/Holding/properties/Investment/properties/SubAccount/items/properties/FinancialActivity/properties/FinActivityType",
                                "properties": {
                                  "@tc": {
                                    "id": "/properties/TXLifeRequest/properties/OLifE/properties/Holding/properties/Investment/properties/SubAccount/items/properties/FinancialActivity/properties/FinActivityType/properties/@tc",
                                    "type": "string"
                                  },
                                  "$": {
                                    "id": "/properties/TXLifeRequest/properties/OLifE/properties/Holding/properties/Investment/properties/SubAccount/items/properties/FinancialActivity/properties/FinActivityType/properties/$",
                                    "type": "string"
                                  }
                                },
                                "type": "object"
                              },
							  "FinActivityPct": {
                                "id": "/properties/TXLifeRequest/properties/OLifE/properties/Holding/properties/Investment/properties/SubAccount/items/properties/FinancialActivity/properties/FinActivityPct",
                                "type": "string"
                              },
                              "FinEffDate": {
                                "id": "/properties/TXLifeRequest/properties/OLifE/properties/Holding/properties/Investment/properties/SubAccount/items/properties/FinancialActivity/properties/FinEffDate",
                                "type": "string"
                              }
                            },
                            "type": "object"
                          }
                        },
                        "type": "object"
                      },
                      "type": "array"
                    }
                  },
                  "type": "object"
                }
              },
              "type": "object"
            }
          },
          "type": "object"
        }
      },
      "type": "object"
    }
  }
  }
  }
}
