{
	"definitions": {},
	"$schema": "http://json-schema.org/draft-03/schema#",
	"$id": "",
	"type": "object",
	"properties": {
		"TXLife": {
			"type": "object",
			"properties": {
				"TXLifeRequest": {
					"id": "/properties/TXLifeRequest",
					"properties": {
						"@PrimaryObjectID": {
							"id": "/properties/TXLifeRequest/properties/@PrimaryObjectID",
							"type": "string"
						},
						"TransRefGUID": {
							"id": "/properties/TXLifeRequest/properties/TransRefGUID",
							"type": "string"
						},
						"TransType": {
							"id": "/properties/TXLifeRequest/properties/TransType",
							"properties": {
								"@tc": {
									"id": "/properties/TXLifeRequest/properties/TransType/properties/@tc",
									"type": "string"
								},
								"$": {
									"id": "/properties/TXLifeRequest/properties/TransType/properties/$",
									"type": "string"
								}
							},
							"type": "object"
						},
						"TransEffDate": {
							"id": "/properties/TXLifeRequest/properties/TransEffDate",
							"type": "string"
						},
						"TransMode": {
							"id": "/properties/TXLifeRequest/properties/TransMode",
							"properties": {
								"@tc": {
									"id": "/properties/TXLifeRequest/properties/TransMode/properties/@tc",
									"type": "string"
								},
								"$": {
									"id": "/properties/TXLifeRequest/properties/TransMode/properties/$",
									"type": "string"
								}

							},
							"type": "object"
						},
						"OLifE": {
							"id": "/properties/TXLifeRequest/properties/OLifE",
							"properties": {
								"Holding": {
									"id": "/properties/TXLifeRequest/properties/OLifE/properties/Holding",
									"items": {
										"id": "/properties/TXLifeRequest/properties/OLifE/properties/Holding/items",
										"properties": {
											"@id": {
												"id": "/properties/TXLifeRequest/properties/OLifE/properties/Holding/items/properties/@id",
												"type": "string"
											},
											"HoldingTypeCode": {
												"id": "/properties/TXLifeRequest/properties/OLifE/properties/Holding/items/properties/HoldingTypeCode",
												"properties": {
													"@tc": {
														"id": "/properties/TXLifeRequest/properties/OLifE/properties/Holding/items/properties/HoldingTypeCode/properties/@tc",
														"type": "string"
													},
													"$": {
														"id": "/properties/TXLifeRequest/properties/OLifE/properties/Holding/items/properties/HoldingTypeCode/properties/$",
														"type": "string"
													}
												},
												"type": "object"
											},
											"Policy": {
												"id": "/properties/TXLifeRequest/properties/OLifE/properties/Holding/items/properties/Policy",
												"properties": {
													"PolNumber": {
														"id": "/properties/TXLifeRequest/properties/OLifE/properties/Holding/items/properties/Policy/properties/PolNumber",
														"type": "string"
													},
													"ProductCode": {
														"id": "/properties/TXLifeRequest/properties/OLifE/properties/Holding/items/properties/Policy/properties/ProductCode",
														"type": "string"
													},
													"CarrierCode": {
														"id": "/properties/TXLifeRequest/properties/OLifE/properties/Holding/items/properties/Policy/properties/CarrierCode",
														"type": "string"
													},
													"FinancialActivity": {
														"id": "/properties/TXLifeRequest/properties/OLifE/properties/Holding/items/properties/Policy/properties/FinancialActivity",
														"properties": {
															"@id": {
																"id": "/properties/TXLifeRequest/properties/OLifE/properties/Holding/items/properties/Policy/properties/FinancialActivity/properties/@id",
																"type": "string"
															},
															"@ArrangementRefID": {
																"id": "/properties/TXLifeRequest/properties/OLifE/properties/Holding/items/properties/Policy/properties/FinancialActivity/properties/@ArrangementRefID",
																"type": "string"
															},
															"FinActivityType": {
																"id": "/properties/TXLifeRequest/properties/OLifE/properties/Holding/items/properties/Policy/properties/FinancialActivity/properties/FinActivityType",
																"properties": {
																	"@tc": {
																		"id": "/properties/TXLifeRequest/properties/OLifE/properties/Holding/items/properties/Policy/properties/FinancialActivity/properties/FinActivityType/properties/@tc",
																		"type": "string"
																	},
																	"$": {
																		"id": "/properties/TXLifeRequest/properties/OLifE/properties/Holding/items/properties/Policy/properties/FinancialActivity/properties/FinActivityType/properties/$",
																		"type": "string"
																	}

																},
																"type": "object"
															},

															"FinActivityNetAmt": {
																"id": "/properties/TXLifeRequest/properties/OLifE/properties/Holding/items/properties/Policy/properties/FinancialActivity/properties/FinActivityNetAmt",
																"type": "string"
															},

															"FinEffDate": {
																"id": "/properties/TXLifeRequest/properties/OLifE/properties/Holding/items/properties/Policy/properties/FinancialActivity/properties/FinEffDate",
																"type": "string"
															},
															"OrderDate": {
																"id": "/properties/TXLifeRequest/properties/OLifE/properties/Holding/items/properties/Policy/properties/FinancialActivity/properties/OrderDate",
																"type": "string"
															},
															"Payment": {
																"id": "/properties/TXLifeRequest/properties/OLifE/properties/Holding/items/properties/Policy/properties/FinancialActivity/properties/Payment",
																"properties": {
																	"@id": {
																		"id": "/properties/TXLifeRequest/properties/OLifE/properties/Holding/items/properties/Policy/properties/FinancialActivity/properties/Payment/properties/@id",
																		"type": "string"
																	},
																	"@BankHoldingID": {
																		"id": "/properties/TXLifeRequest/properties/OLifE/properties/Holding/items/properties/Policy/properties/FinancialActivity/properties/Payment/properties/@BankHoldingID",
																		"type": "string"
																	},
																	"@PayeeID": {
																		"id": "/properties/TXLifeRequest/properties/OLifE/properties/Holding/items/properties/Policy/properties/FinancialActivity/properties/Payment/properties/@PayeeID",
																		"type": "string"
																	},
																	"PaymentForm": {
																		"id": "/properties/TXLifeRequest/properties/OLifE/properties/Holding/items/properties/Policy/properties/FinancialActivity/properties/Payment/properties/PaymentForm",
																		"properties": {
																			"@tc": {
																				"id": "/properties/TXLifeRequest/properties/OLifE/properties/Holding/items/properties/Policy/properties/FinancialActivity/properties/Payment/properties/PaymentForm/properties/@tc",
																				"type": "string"
																			},
																			"$": {
																				"id": "/properties/TXLifeRequest/properties/OLifE/properties/Holding/items/properties/Policy/properties/FinancialActivity/properties/Payment/properties/PaymentForm/properties/$",
																				"type": "string"
																			}

																		},
																		"type": "object"
																	},
																	"CreateCheckInd": {
																		"id": "/properties/TXLifeRequest/properties/OLifE/properties/Holding/items/properties/Policy/properties/FinancialActivity/properties/Payment/properties/CreateCheckInd",
																		"properties": {
																			"@tc": {
																				"id": "/properties/TXLifeRequest/properties/OLifE/properties/Holding/items/properties/Policy/properties/FinancialActivity/properties/Payment/properties/CreateCheckInd/properties/@tc",
																				"type": "string"
																			},
																			"$": {
																				"id": "/properties/TXLifeRequest/properties/OLifE/properties/Holding/items/properties/Policy/properties/FinancialActivity/properties/Payment/properties/CreateCheckInd/properties/$",
																				"type": "string"
																			}

																		},
																		"type": "object"
																	},
																	"PayeeName": {
																		"id": "/properties/TXLifeRequest/properties/OLifE/properties/Holding/items/properties/Policy/properties/FinancialActivity/properties/Payment/properties/PayeeName",
																		"type": "string"
																	},
																	"PayeeRelationRoleCode": {
																		"id": "/properties/TXLifeRequest/properties/OLifE/properties/Holding/items/properties/Policy/properties/FinancialActivity/properties/Payment/properties/PayeeRelationRoleCode",
																		"properties": {
																			"$": {
																				"id": "/properties/TXLifeRequest/properties/OLifE/properties/Holding/items/properties/Policy/properties/FinancialActivity/properties/Payment/properties/PayeeRelationRoleCode/properties/$",
																				"type": "string"
																			},
																			"@tc": {
																				"id": "/properties/TXLifeRequest/properties/OLifE/properties/Holding/items/properties/Policy/properties/FinancialActivity/properties/Payment/properties/PayeeRelationRoleCode/properties/@tc",
																				"type": "string"
																			}
																		},
																		"type": "object"
																	}

																},
																"type": "object"
															}
														},
														"type": "object"
													}

												},
												"type": "object"
											},
											"Investment": {
												"id": "/properties/TXLifeRequest/properties/OLifE/properties/Holding/items/properties/Investment",
												"properties": {
													"@id": {
														"id": "/properties/TXLifeRequest/properties/OLifE/properties/Holding/items/properties/Investment/properties/@id",
														"type": "string"
													},
													"SubAccount": {
														"id": "/properties/TXLifeRequest/properties/OLifE/properties/Holding/items/properties/Investment/properties/SubAccount",
														"items": {
															"id": "/properties/TXLifeRequest/properties/OLifE/properties/Holding/items/properties/Investment/properties/SubAccount/items",
															"properties": {
																"@id": {
																	"id": "/properties/TXLifeRequest/properties/OLifE/properties/Holding/items/properties/Investment/properties/SubAccount/items/properties/@id",
																	"type": "string"
																},
																"SubAccountKey": {
																	"id": "/properties/TXLifeRequest/properties/OLifE/properties/Holding/items/properties/Investment/properties/SubAccount/items/properties/SubAccountKey",
																	"type": "string"
																}
															},
															"type": "object"
														},
														"type": "array"
													}
												},
												"type": "object"
											},

											"Arrangement": {
												"id": "/properties/TXLifeRequest/properties/OLifE/properties/Holding/items/properties/Arrangement",
												"properties": {
													"@id": {
														"id": "/properties/TXLifeRequest/properties/OLifE/properties/Holding/items/properties/Arrangement/properties/@id",
														"type": "string"
													},
													"ArrMode": {
														"id": "/properties/TXLifeRequest/properties/OLifE/properties/Holding/items/properties/Arrangement/properties/ArrMode",
														"properties": {
															"@tc": {
																"id": "/properties/TXLifeRequest/properties/OLifE/properties/Holding/items/properties/Arrangement/properties/ArrMode/properties/@tc",
																"type": "string"
															},
															"$": {
																"id": "/properties/TXLifeRequest/properties/OLifE/properties/Holding/items/properties/Arrangement/properties/ArrMode/properties/$",
																"type": "string"
															}

														},
														"type": "object"
													},
													"ArrType": {
														"id": "/properties/TXLifeRequest/properties/OLifE/properties/Holding/items/properties/Arrangement/properties/ArrType",
														"properties": {
															"@tc": {
																"id": "/properties/TXLifeRequest/properties/OLifE/properties/Holding/items/properties/Arrangement/properties/ArrType/properties/@tc",
																"type": "string"
															},
															"$": {
																"id": "/properties/TXLifeRequest/properties/OLifE/properties/Holding/items/properties/Arrangement/properties/ArrType/properties/$",
																"type": "string"
															}

														},
														"type": "object"
													},
													"ArrSubType": {
														"id": "/properties/TXLifeRequest/properties/OLifE/properties/Holding/items/properties/Arrangement/properties/ArrSubType",
														"properties": {
															"@tc": {
																"id": "/properties/TXLifeRequest/properties/OLifE/properties/Holding/items/properties/Arrangement/properties/ArrSubType/properties/@tc",
																"type": "string"
															},
															"$": {
																"id": "/properties/TXLifeRequest/properties/OLifE/properties/Holding/items/properties/Arrangement/properties/ArrSubType/properties/$",
																"type": "string"
															}

														},
														"type": "object"
													},
													"ModalAmt": {
														"id": "/properties/TXLifeRequest/properties/OLifE/properties/Holding/items/properties/Arrangement/properties/ModalAmt",
														"type": "string"
													},
													"AmountQualifier": {
														"id": "/properties/TXLifeRequest/properties/OLifE/properties/Holding/items/properties/Arrangement/properties/AmountQualifier",
														"properties": {
															"@tc": {
																"id": "/properties/TXLifeRequest/properties/OLifE/properties/Holding/items/properties/Arrangement/properties/AmountQualifier/properties/@tc",
																"type": "string"
															},
															"$": {
																"id": "/properties/TXLifeRequest/properties/OLifE/properties/Holding/items/properties/Arrangement/properties/AmountQualifier/properties/$",
																"type": "string"
															}

														},
														"type": "object"
													},

													"ArrSource": {
														"id": "/properties/TXLifeRequest/properties/OLifE/properties/Holding/items/properties/Arrangement/properties/ArrSource",
														"items": {
															"id": "/properties/TXLifeRequest/properties/OLifE/properties/Holding/items/properties/Arrangement/properties/ArrSource/items",
															"properties": {
																"@SubAcctID": {
																	"id": "/properties/TXLifeRequest/properties/OLifE/properties/Holding/items/properties/Arrangement/properties/ArrSource/items/properties/@SubAcctID",
																	"type": "string"
																},
																"@id": {
																	"id": "/properties/TXLifeRequest/properties/OLifE/properties/Holding/items/properties/Arrangement/properties/ArrSource/items/properties/@id",
																	"type": "string"
																},
																"TransferAmt": {
																	"id": "/properties/TXLifeRequest/properties/OLifE/properties/Holding/items/properties/Arrangement/properties/ArrSource/items/properties/TransferAmt",
																	"type": "string"
																}
															},
															"type": "object"
														},
														"type": "array"
													}



												},
												"type": "object"
											},
											"Banking": {
												"id": "/properties/TXLife/properties/TXLifeResponse/properties/OLifE/properties/Holding/properties/Banking",
												"properties": {

													"BankingSysKey": {
														"id": "/properties/TXLife/properties/TXLifeResponse/properties/OLifE/properties/Holding/properties/Banking/properties/BankingSysKey",
														"type": "integer"
													},
													"BankAcctType": {
														"id": "/properties/TXLife/properties/TXLifeResponse/properties/OLifE/properties/Holding/properties/Banking/properties/BankAcctType",
														"properties": {
															"@tc": {
																"id": "/properties/TXLife/properties/TXLifeResponse/properties/OLifE/properties/Holding/properties/Banking/properties/BankAcctType/properties/@tc",
																"type": "string"
															},
															"$": {
																"id": "/properties/TXLife/properties/TXLifeResponse/properties/OLifE/properties/Holding/properties/Banking/properties/BankAcctType/properties/$",
																"type": "string"
															}
														},
                            "type": "object"
													},
													"AccountNumber": {
														"id": "/properties/TXLife/properties/TXLifeResponse/properties/OLifE/properties/Holding/properties/Banking/properties/AccountNumber",
														"type": "string"
													},
													"RoutingNum": {
														"id": "/properties/TXLife/properties/TXLifeResponse/properties/OLifE/properties/Holding/properties/Banking/properties/RoutingNum",
														"type": "string"
													},
													"AcctHolderName": {
														"id": "/properties/TXLife/properties/TXLifeResponse/properties/OLifE/properties/Holding/properties/Banking/properties/AcctHolderName",
														"type": "string"
													},
													"BankName": {
														"id": "/properties/TXLife/properties/TXLifeResponse/properties/OLifE/properties/Holding/properties/Banking/properties/BankName",
														"type": "string"
													},
													"CreditDebitType": {
														"id": "/properties/TXLife/properties/TXLifeResponse/properties/OLifE/properties/Holding/properties/Banking/properties/CreditDebitType",
														"type": "null"
													},
													"CreditCardType": {
														"id": "/properties/TXLife/properties/TXLifeResponse/properties/OLifE/properties/Holding/properties/Banking/properties/CreditCardType",
														"type": "null"
													},
													"CreditCardExpDate": {
														"id": "/properties/TXLife/properties/TXLifeResponse/properties/OLifE/properties/Holding/properties/Banking/properties/CreditCardExpDate",
														"type": "null"
													},
													"CardVerificationNum": {
														"id": "/properties/TXLife/properties/TXLifeResponse/properties/OLifE/properties/Holding/properties/Banking/properties/CardVerificationNum",
														"type": "null"
													}
												},
												"type": "object"
											}

										},
										"type": "object"
									},
									"type": "array"
								},
								"Party": {
									"id": "/properties/TXLifeRequest/properties/OLifE/properties/Party",
									"properties": {
										"@id": {
											"id": "/properties/TXLifeRequest/properties/OLifE/properties/Party/properties/@id",
											"type": "string"
										},
										"PartyTypeCode": {
											"id": "/properties/TXLifeRequest/properties/OLifE/properties/Party/properties/PartyTypeCode",
											"properties": {
												"$": {
													"id": "/properties/TXLifeRequest/properties/OLifE/properties/Party/properties/PartyTypeCode/properties/$",
													"type": "string"
												},
												"@tc": {
													"id": "/properties/TXLifeRequest/properties/OLifE/properties/Party/properties/PartyTypeCode/properties/@tc",
													"type": "string"
												}
											},
											"type": "object"
										},
										"Person": {
											"id": "/properties/TXLifeRequest/properties/OLifE/properties/Party/properties/Person",
											"properties": {
												"FirstName": {
													"id": "/properties/TXLifeRequest/properties/OLifE/properties/Party/properties/Person/properties/FirstName",
													"type": "string"
												},
												"LastName": {
													"id": "/properties/TXLifeRequest/properties/OLifE/properties/Party/properties/Person/properties/LastName",
													"type": "string"
												}
											},
											"type": "object"
										}
									},
									"type": "object"
								},
								"Relation": {
									"id": "/properties/TXLifeRequest/properties/OLifE/properties/Relation",
									"properties": {
										"@OriginatingObjectID": {
											"id": "/properties/TXLifeRequest/properties/OLifE/properties/Relation/properties/@OriginatingObjectID",
											"type": "string"
										},
										"@RelatedObjectID": {
											"id": "/properties/TXLifeRequest/properties/OLifE/properties/Relation/properties/@RelatedObjectID",
											"type": "string"
										},
										"@id": {
											"id": "/properties/TXLifeRequest/properties/OLifE/properties/Relation/properties/@id",
											"type": "string"
										},
										"RelationRoleCode": {
											"id": "/properties/TXLifeRequest/properties/OLifE/properties/Relation/properties/RelationRoleCode",
											"properties": {
												"$": {
													"id": "/properties/TXLifeRequest/properties/OLifE/properties/Relation/properties/RelationRoleCode/properties/$",
													"type": "string"
												},
												"@tc": {
													"id": "/properties/TXLifeRequest/properties/OLifE/properties/Relation/properties/RelationRoleCode/properties/@tc",
													"type": "string"
												}
											},
											"type": "object"
										}
									},
									"type": "object"
								}
							},
							"type": "object"
						}



					},
					"type": "object"
				}
			}
		}
	}
}