{ 
 "TXLife": {
  "type" : "object",
  "id" : "urn:jsonschema:org:acord:standards:life:_2:xml:nbsave_req:TXLifeType",
  "properties" : {
    "@Version" : {
      "type" : "string"
    },
    "UserAuthRequest" : {
      "type" : "object",
      "id" : "urn:jsonschema:org:acord:standards:life:_2:xml:nbsave_req:UserAuthRequestType",
      "properties" : {
        "UserLoginName" : {
          "type" : "string"
        }
      }
    },
    "TXLifeRequest" : {
      "type" : "object",
      "id" : "urn:jsonschema:org:acord:standards:life:_2:xml:nbsave_req:TXLifeRequestType",
      "properties" : {
        "@id" : {
          "type" : "string"
        },
        "@PrimaryObjectID" : {
          "type" : "any"
        },
        "TransRefGUID" : {
          "type" : "string",
          "required" : true
        },
        "TransType" : {
          "type" : "object",
          "id" : "urn:jsonschema:org:acord:standards:life:_2:xml:nbsave_req:OLILUTRANSTYPECODES",
          "required" : true,
          "properties" : {
            "@tc" : {
              "type" : "string",
              "enum" : [ "103" ]
            },
            "$" : {
              "type" : "string"
            }
          }
        },
        "TransSubType" : {
          "type" : "object",
          "id" : "urn:jsonschema:org:acord:standards:life:_2:xml:nbsave_req:TRANSSUBTYPECODES",
          "required" : true,
          "properties" : {
            "@tc" : {
              "type" : "string",
              "enum" : [ "10306" ]
            },
            "$" : {
              "type" : "string"
            }
          }
        },
        "TransExeDate" : {
          "type" : "string",
          "required" : true
        },
        "TransExeTime" : {
          "type" : "string",
          "required" : true
        },
        "OLifE" : {
          "type" : "object",
          "id" : "urn:jsonschema:org:acord:standards:life:_2:xml:nbsave_req:OLifEType",
          "required" : true,
          "properties" : {
            "@Version" : {
              "type" : "string"
            },
            "SourceInfo" : {
              "type" : "object",
              "id" : "urn:jsonschema:org:acord:standards:life:_2:xml:nbsave_req:SourceInfoType",
              "properties" : {
                "SourceInfoName" : {
                  "type" : "string"
                }
              }
            },
            "Holding" : {
              "type" : "array",
              "required" : true,
              "items" : {
                "type" : "object",
                "id" : "urn:jsonschema:org:acord:standards:life:_2:xml:nbsave_req:HoldingType",
                "properties" : {
                  "@id" : {
                    "type" : "string"
                  },
                  "HoldingTypeCode" : {
                    "type" : "object",
                    "id" : "urn:jsonschema:org:acord:standards:life:_2:xml:nbsave_req:OLILUHOLDTYPE",
                    "required" : true,
                    "properties" : {
                      "@tc" : {
                        "type" : "string"
                      },
                      "$" : {
                        "type" : "string"
                      }
                    }
                  },
                  "Policy" : {
                    "type" : "object",
                    "id" : "urn:jsonschema:org:acord:standards:life:_2:xml:nbsave_req:PolicyType",
                    "properties" : {
                      "PolNumber" : {
                        "type" : "string"
                      },
                      "ProductType" : {
                        "type" : "object",
                        "id" : "urn:jsonschema:org:acord:standards:life:_2:xml:nbsave_req:OLILUPOLPROD",
                        "properties" : {
                          "@tc" : {
                            "type" : "string"
                          },
                          "$" : {
                            "type" : "string"
                          }
                        }
                      },
                      "ProductCode" : {
                        "type" : "string"
                      },
                      "CarrierCode" : {
                        "type" : "string"
                      },
                      "PlanName" : {
                        "type" : "string"
                      },
                      "PolicyStatus" : {
                        "type" : "object",
                        "id" : "urn:jsonschema:org:acord:standards:life:_2:xml:nbsave_req:OLILUPOLSTAT",
                        "properties" : {
                          "@tc" : {
                            "type" : "string"
                          },
                          "$" : {
                            "type" : "string"
                          }
                        }
                      },
                      "Jurisdiction" : {
                        "type" : "object",
                        "id" : "urn:jsonschema:org:acord:standards:life:_2:xml:nbsave_req:OLILUSTATE",
                        "properties" : {
                          "@tc" : {
                            "type" : "string"
                          },
                          "$" : {
                            "type" : "string"
                          }
                        }
                      },
                      "EffDate" : {
                        "type" : "string"
                      },
                      "MinPremiumInitialAmt" : {
                        "type" : "number"
                      },
                      "PaymentMethod" : {
                        "type" : "object",
                        "id" : "urn:jsonschema:org:acord:standards:life:_2:xml:nbsave_req:OLILUPAYMETHOD",
                        "properties" : {
                          "@tc" : {
                            "type" : "string"
                          },
                          "$" : {
                            "type" : "string"
                          }
                        }
                      },
                      "PaymentMode" : {
                        "type" : "object",
                        "id" : "urn:jsonschema:org:acord:standards:life:_2:xml:nbsave_req:OLILUPAYMODE",
                        "properties" : {
                          "@tc" : {
                            "type" : "string"
                          },
                          "$" : {
                            "type" : "string"
                          }
                        }
                      },
                      "PaymentAmt" : {
                        "type" : "number"
                      },
                      "PaymentDraftDay" : {
                        "type" : "string"
                      },
                      "Life" : {
                        "type" : "object",
                        "id" : "urn:jsonschema:org:acord:standards:life:_2:xml:nbsave_req:LifeType",
                        "properties" : {
                          "Coverage" : {
                            "type" : "array",
                            "items" : {
                              "type" : "object",
                              "id" : "urn:jsonschema:org:acord:standards:life:_2:xml:nbsave_req:CoverageType",
                              "properties" : {
                                "DeathBenefitOptType" : {
                                  "type" : "object",
                                  "id" : "urn:jsonschema:org:acord:standards:life:_2:xml:nbsave_req:OLILUDTHBENETYPE",
                                  "properties" : {
                                    "@tc" : {
                                      "type" : "string"
                                    },
                                    "$" : {
                                      "type" : "string"
                                    }
                                  }
                                },
                                "LifeParticipant" : {
                                  "type" : "array",
                                  "items" : {
                                    "type" : "object",
                                    "id" : "urn:jsonschema:org:acord:standards:life:_2:xml:nbsave_req:LifeParticipantType",
                                    "properties" : {
                                      "LifeParticipantRoleCode" : {
                                        "type" : "object",
                                        "id" : "urn:jsonschema:org:acord:standards:life:_2:xml:nbsave_req:OLILUPARTICROLE",
                                        "properties" : {
                                          "@tc" : {
                                            "type" : "string"
                                          },
                                          "$" : {
                                            "type" : "string"
                                          }
                                        }
                                      },
                                      "TobaccoPremiumBasis" : {
                                        "type" : "object",
                                        "id" : "urn:jsonschema:org:acord:standards:life:_2:xml:nbsave_req:OLILUTOBPREMBASIS",
                                        "properties" : {
                                          "@tc" : {
                                            "type" : "string"
                                          },
                                          "$" : {
                                            "type" : "string"
                                          }
                                        }
                                      },
                                      "UnderwritingClass" : {
                                        "type" : "object",
                                        "id" : "urn:jsonschema:org:acord:standards:life:_2:xml:nbsave_req:OLILUUNWRITECLASS",
                                        "properties" : {
                                          "@tc" : {
                                            "type" : "string"
                                          },
                                          "$" : {
                                            "type" : "string"
                                          }
                                        }
                                      }
                                    }
                                  }
                                },
                                "CovOption" : {
                                  "type" : "any"
                                }
                              }
                            }
                          },
                          "LifeUSA" : {
                            "type" : "object",
                            "id" : "urn:jsonschema:org:acord:standards:life:_2:xml:nbsave_req:LifeUSAType",
                            "properties" : {
                              "DefLifeInsMethod" : {
                                "type" : "object",
                                "id" : "urn:jsonschema:org:acord:standards:life:_2:xml:nbsave_req:OLILULIFETEST",
                                "properties" : {
                                  "@tc" : {
                                    "type" : "string"
                                  },
                                  "$" : {
                                    "type" : "string"
                                  }
                                }
                              },
                              "MECInd" : {
                                "type" : "object",
                                "id" : "urn:jsonschema:org:acord:standards:life:_2:xml:nbsave_req:OLILUBOOLEAN",
                                "properties" : {
                                  "@tc" : {
                                    "type" : "string"
                                  },
                                  "$" : {
                                    "type" : "string"
                                  }
                                }
                              }
                            }
                          },
                          "InitDepositAmt" : {
                            "type" : "number"
                          },
                          "InitialPremAmt" : {
                            "type" : "number"
                          },
                          "InitCovAmt" : {
                            "type" : "number"
                          },
                          "FaceAmt" : {
                            "type" : "number"
                          },
                          "CWAAmt" : {
                            "type" : "number"
                          }
                        }
                      },
                      "Annuity" : {
                        "type" : "object",
                        "id" : "urn:jsonschema:org:acord:standards:life:_2:xml:nbsave_req:AnnuityType",
                        "properties" : {
                          "QualPlanType" : {
                            "type" : "object",
                            "id" : "urn:jsonschema:org:acord:standards:life:_2:xml:nbsave_req:OLILUQUALPLAN",
                            "properties" : {
                              "@tc" : {
                                "type" : "string"
                              },
                              "$" : {
                                "type" : "string"
                              }
                            }
                          },
                          "InitDepositDate" : {
                            "type" : "string"
                          },
                          "Payout" : {
                            "type" : "array",
                            "items" : {
                              "type" : "object",
                              "id" : "urn:jsonschema:org:acord:standards:life:_2:xml:nbsave_req:PayoutType",
                              "properties" : {
                                "AnnuityStartingDate" : {
                                  "type" : "string"
                                },
                                "PayoutMode" : {
                                  "type" : "object",
                                  "id" : "urn:jsonschema:org:acord:standards:life:_2:xml:nbsave_req:OLILUPAYMODE",
                                  "properties" : {
                                    "@tc" : {
                                      "type" : "string"
                                    },
                                    "$" : {
                                      "type" : "string"
                                    }
                                  }
                                }
                              }
                            }
                          }
                        }
                      },
                      "ApplicationInfo" : {
                        "type" : "object",
                        "id" : "urn:jsonschema:org:acord:standards:life:_2:xml:nbsave_req:ApplicationInfoType",
                        "properties" : {
                          "HOAssignedAppNumber" : {
                            "type" : "string"
                          },
                          "TrackingID" : {
                            "type" : "string"
                          },
                          "ApplicationJurisdiction" : {
                            "type" : "object",
                            "id" : "urn:jsonschema:org:acord:standards:life:_2:xml:nbsave_req:OLILUSTATE",
                            "properties" : {
                              "@tc" : {
                                "type" : "string"
                              },
                              "$" : {
                                "type" : "string"
                              }
                            }
                          },
                          "SignedDate" : {
                            "type" : "string"
                          },
                          "SignatureInfo" : {
                            "type" : "array",
                            "items" : {
                              "type" : "object",
                              "id" : "urn:jsonschema:org:acord:standards:life:_2:xml:nbsave_req:SignatureInfoType",
                              "properties" : {
                                "SignatureDate" : {
                                  "type" : "string"
                                }
                              }
                            }
                          }
                        }
                      },
                      "OLifEExtension" : {
                        "type" : "array",
                        "items" : {
                          "type" : "object",
                          "id" : "urn:jsonschema:org:acord:standards:life:_2:xml:nbsave_req:OLifEExtensionType",
                          "properties" : {
                            "InitDepositAmt" : {
                              "type" : "number"
                            },
                            "DraftDate" : {
                              "type" : "string"
                            },
                            "CaseIGO" : {
                              "type" : "array",
                              "items" : {
                                "type" : "string"
                              }
                            },
                            "BackupWithholdingIndicator" : {
                              "type" : "array",
                              "items" : {
                                "type" : "object",
                                "id" : "urn:jsonschema:org:acord:standards:life:_2:xml:nbsave_req:IndicatorType",
                                "properties" : {
                                  "@tc" : {
                                    "type" : "string",
                                    "enum" : [ "0", "1" ]
                                  },
                                  "$" : {
                                    "type" : "string"
                                  }
                                }
                              }
                            },
                            "eDeliveryOptOutOptionIndicator" : {
                              "type" : "array",
                              "items" : {
                                "type" : "object",
                                "id" : "urn:jsonschema:org:acord:standards:life:_2:xml:nbsave_req:IndicatorType",
                                "properties" : {
                                  "@tc" : {
                                    "type" : "string",
                                    "enum" : [ "0", "1" ]
                                  },
                                  "$" : {
                                    "type" : "string"
                                  }
                                }
                              }
                            },
                            "BDValidationDate" : {
                              "type" : "array",
                              "items" : {
                                "type" : "string"
                              }
                            }
                          }
                        }
                      }
                    }
                  },
                  "Investment" : {
                    "type" : "object",
                    "id" : "urn:jsonschema:org:acord:standards:life:_2:xml:nbsave_req:InvestmentType",
                    "properties" : {
                      "SubAccount" : {
                        "type" : "array",
                        "items" : {
                          "type" : "object",
                          "id" : "urn:jsonschema:org:acord:standards:life:_2:xml:nbsave_req:SubAccountType",
                          "properties" : {
                            "@id" : {
                              "type" : "string"
                            },
                            "ProductCode" : {
                              "type" : "string"
                            },
                            "ProductFullName" : {
                              "type" : "string"
                            },
                            "InvestType" : {
                              "type" : "object",
                              "id" : "urn:jsonschema:org:acord:standards:life:_2:xml:nbsave_req:OLILUINVESTPROD",
                              "properties" : {
                                "@tc" : {
                                  "type" : "string"
                                },
                                "$" : {
                                  "type" : "string"
                                }
                              }
                            },
                            "AllocPercent" : {
                              "type" : "number"
                            },
                            "FinancialActivity" : {
                              "type" : "array",
                              "items" : {
                                "type" : "object",
                                "id" : "urn:jsonschema:org:acord:standards:life:_2:xml:nbsave_req:FinancialActivityType",
                                "properties" : {
                                  "FinActivityType" : {
                                    "type" : "object",
                                    "id" : "urn:jsonschema:org:acord:standards:life:_2:xml:nbsave_req:OLILUFINACTTYPE",
                                    "properties" : {
                                      "@tc" : {
                                        "type" : "string"
                                      },
                                      "$" : {
                                        "type" : "string"
                                      }
                                    }
                                  }
                                }
                              }
                            }
                          }
                        }
                      }
                    }
                  },
                  "Arrangement" : {
                    "type" : "array",
                    "items" : {
                      "type" : "object",
                      "id" : "urn:jsonschema:org:acord:standards:life:_2:xml:nbsave_req:ArrangementType",
                      "properties" : {
                        "ArrMode" : {
                          "type" : "object",
                          "id" : "urn:jsonschema:org:acord:standards:life:_2:xml:nbsave_req:OLILUPAYMODE",
                          "required" : true,
                          "properties" : {
                            "@tc" : {
                              "type" : "string"
                            },
                            "$" : {
                              "type" : "string"
                            }
                          }
                        },
                        "ArrType" : {
                          "type" : "object",
                          "id" : "urn:jsonschema:org:acord:standards:life:_2:xml:nbsave_req:OLILUARRTYPE",
                          "required" : true,
                          "properties" : {
                            "@tc" : {
                              "type" : "string"
                            },
                            "$" : {
                              "type" : "string"
                            }
                          }
                        },
                        "ArrSubType" : {
                          "type" : "object",
                          "id" : "urn:jsonschema:org:acord:standards:life:_2:xml:nbsave_req:OLILUARRSUBTYPE",
                          "properties" : {
                            "@tc" : {
                              "type" : "string"
                            },
                            "$" : {
                              "type" : "string"
                            }
                          }
                        },
                        "StartDate" : {
                          "type" : "string",
                          "required" : true
                        },
                        "EndDate" : {
                          "type" : "string",
                          "required" : true
                        },
                        "ModalAmt" : {
                          "type" : "number",
                          "required" : true
                        },
                        "NumOfModalOccurrences" : {
                          "type" : "number"
                        },
                        "DayOfMonth" : {
                          "type" : "object",
                          "id" : "urn:jsonschema:org:acord:standards:life:_2:xml:nbsave_req:DayofMonthType",
                          "properties" : {
                            "@tc" : {
                              "type" : "string",
                              "enum" : [ "1", "2" ]
                            },
                            "$" : {
                              "type" : "string"
                            }
                          }
                        },
                        "BusinessDayOfMonth" : {
                          "type" : "object",
                          "id" : "urn:jsonschema:org:acord:standards:life:_2:xml:nbsave_req:OLILUALLOWEDDAY",
                          "properties" : {
                            "@tc" : {
                              "type" : "string",
                              "enum" : [ "1", "2", "3", "4" ]
                            },
                            "$" : {
                              "type" : "string"
                            }
                          }
                        },
                        "ArrSource" : {
                          "type" : "object",
                          "id" : "urn:jsonschema:org:acord:standards:life:_2:xml:nbsave_req:ArrSourceType",
                          "properties" : {
                            "@SubAcctID" : {
                              "type" : "any"
                            },
                            "ProductCode" : {
                              "type" : "string"
                            },
                            "TransferPct" : {
                              "type" : "number"
                            }
                          }
                        },
                        "ArrDestination" : {
                          "type" : "object",
                          "id" : "urn:jsonschema:org:acord:standards:life:_2:xml:nbsave_req:ArrDestinationType",
                          "properties" : {
                            "@SubAcctID" : {
                              "type" : "string"
                            },
                            "ProductCode" : {
                              "type" : "string"
                            },
                            "TransferPct" : {
                              "type" : "number"
                            }
                          }
                        },
                        "OLifEExtension" : {
                          "type" : "array",
                          "items" : {
                            "type" : "object",
                            "id" : "urn:jsonschema:org:acord:standards:life:_2:xml:nbsave_req:OLifEExtensionType",
                            "properties" : {
                              "InitDepositAmt" : {
                                "type" : "number"
                              },
                              "DraftDate" : {
                                "type" : "string"
                              },
                              "CaseIGO" : {
                                "type" : "array",
                                "items" : {
                                  "type" : "string"
                                }
                              },
                              "BackupWithholdingIndicator" : {
                                "type" : "array",
                                "items" : {
                                  "type" : "object",
                                  "id" : "urn:jsonschema:org:acord:standards:life:_2:xml:nbsave_req:IndicatorType",
                                  "properties" : {
                                    "@tc" : {
                                      "type" : "string",
                                      "enum" : [ "0", "1" ]
                                    },
                                    "$" : {
                                      "type" : "string"
                                    }
                                  }
                                }
                              },
                              "eDeliveryOptOutOptionIndicator" : {
                                "type" : "array",
                                "items" : {
                                  "type" : "object",
                                  "id" : "urn:jsonschema:org:acord:standards:life:_2:xml:nbsave_req:IndicatorType",
                                  "properties" : {
                                    "@tc" : {
                                      "type" : "string",
                                      "enum" : [ "0", "1" ]
                                    },
                                    "$" : {
                                      "type" : "string"
                                    }
                                  }
                                }
                              },
                              "BDValidationDate" : {
                                "type" : "array",
                                "items" : {
                                  "type" : "string"
                                }
                              }
                            }
                          }
                        }
                      }
                    }
                  },
                  "Banking" : {
                    "type" : "object",
                    "id" : "urn:jsonschema:org:acord:standards:life:_2:xml:nbsave_req:BankingType",
                    "properties" : {
                      "@AppliesToPartyID" : {
                        "type" : "any"
                      },
                      "BankAcctType" : {
                        "type" : "object",
                        "id" : "urn:jsonschema:org:acord:standards:life:_2:xml:nbsave_req:OLILUBANKACCTTYPE",
                        "required" : true,
                        "properties" : {
                          "@tc" : {
                            "type" : "string"
                          },
                          "$" : {
                            "type" : "string"
                          }
                        }
                      },
                      "AccountNumber" : {
                        "type" : "string",
                        "required" : true
                      },
                      "RoutingNum" : {
                        "type" : "string"
                      },
                      "AcctHolderName" : {
                        "type" : "string",
                        "required" : true
                      },
                      "BankName" : {
                        "type" : "string"
                      },
                      "BankingDescriptor" : {
                        "type" : "object",
                        "id" : "urn:jsonschema:org:acord:standards:life:_2:xml:nbsave_req:BANKINGDESCRIPTORTYPE",
                        "properties" : {
                          "@tc" : {
                            "type" : "string"
                          },
                          "$" : {
                            "type" : "string"
                          }
                        }
                      },
                      "OLifEExtension" : {
                        "type" : "array",
                        "items" : {
                          "type" : "object",
                          "id" : "urn:jsonschema:org:acord:standards:life:_2:xml:nbsave_req:OLifEExtensionType",
                          "properties" : {
                            "InitDepositAmt" : {
                              "type" : "number"
                            },
                            "DraftDate" : {
                              "type" : "string"
                            },
                            "CaseIGO" : {
                              "type" : "array",
                              "items" : {
                                "type" : "string"
                              }
                            },
                            "BackupWithholdingIndicator" : {
                              "type" : "array",
                              "items" : {
                                "type" : "object",
                                "id" : "urn:jsonschema:org:acord:standards:life:_2:xml:nbsave_req:IndicatorType",
                                "properties" : {
                                  "@tc" : {
                                    "type" : "string",
                                    "enum" : [ "0", "1" ]
                                  },
                                  "$" : {
                                    "type" : "string"
                                  }
                                }
                              }
                            },
                            "eDeliveryOptOutOptionIndicator" : {
                              "type" : "array",
                              "items" : {
                                "type" : "object",
                                "id" : "urn:jsonschema:org:acord:standards:life:_2:xml:nbsave_req:IndicatorType",
                                "properties" : {
                                  "@tc" : {
                                    "type" : "string",
                                    "enum" : [ "0", "1" ]
                                  },
                                  "$" : {
                                    "type" : "string"
                                  }
                                }
                              }
                            },
                            "BDValidationDate" : {
                              "type" : "array",
                              "items" : {
                                "type" : "string"
                              }
                            }
                          }
                        }
                      }
                    }
                  }
                }
              }
            },
            "Party" : {
              "type" : "array",
              "required" : true,
              "items" : {
                "type" : "object",
                "id" : "urn:jsonschema:org:acord:standards:life:_2:xml:nbsave_req:PartyType",
                "properties" : {
                  "@id" : {
                    "type" : "string"
                  },
                  "PartyTypeCode" : {
                    "type" : "object",
                    "id" : "urn:jsonschema:org:acord:standards:life:_2:xml:nbsave_req:OLILUPARTY",
                    "properties" : {
                      "@tc" : {
                        "type" : "string"
                      },
                      "$" : {
                        "type" : "string"
                      }
                    }
                  },
                  "FullName" : {
                    "type" : "string"
                  },
                  "GovtID" : {
                    "type" : "integer"
                  },
                  "GovtIDTC" : {
                    "type" : "object",
                    "id" : "urn:jsonschema:org:acord:standards:life:_2:xml:nbsave_req:OLILUGOVTIDTC",
                    "properties" : {
                      "@tc" : {
                        "type" : "string"
                      },
                      "$" : {
                        "type" : "string"
                      }
                    }
                  },
                  "GovtIDCertificationDate" : {
                    "type" : "string"
                  },
                  "ResidenceCountry" : {
                    "type" : "object",
                    "id" : "urn:jsonschema:org:acord:standards:life:_2:xml:nbsave_req:OLILUNATION",
                    "properties" : {
                      "@tc" : {
                        "type" : "string",
                        "enum" : [ "VALUE_1", "VALUE_2", "VALUE_3", "VALUE_4", "VALUE_5", "VALUE_6", "VALUE_7", "VALUE_8", "VALUE_9", "VALUE_10", "VALUE_11", "VALUE_12", "VALUE_13", "VALUE_14", "VALUE_15", "VALUE_16", "VALUE_17", "VALUE_18", "VALUE_19", "VALUE_20", "VALUE_21", "VALUE_22", "VALUE_23", "VALUE_24", "VALUE_25", "VALUE_26", "VALUE_27", "VALUE_28", "VALUE_29", "VALUE_30", "VALUE_31", "VALUE_32", "VALUE_33", "VALUE_34", "VALUE_35", "VALUE_36", "VALUE_37", "VALUE_38", "VALUE_39", "VALUE_40", "VALUE_41", "VALUE_42", "VALUE_43", "VALUE_44", "VALUE_45", "VALUE_46", "VALUE_47", "VALUE_48", "VALUE_49", "VALUE_50", "VALUE_51", "VALUE_52", "VALUE_53", "VALUE_54", "VALUE_55", "VALUE_56", "VALUE_57", "VALUE_58", "VALUE_59", "VALUE_60", "VALUE_61", "VALUE_62", "VALUE_63", "VALUE_64", "VALUE_65", "VALUE_66", "VALUE_67", "VALUE_68", "VALUE_69", "VALUE_70", "VALUE_71", "VALUE_72", "VALUE_73", "VALUE_74", "VALUE_75", "VALUE_76", "VALUE_77", "VALUE_78", "VALUE_79", "VALUE_80", "VALUE_81", "VALUE_82", "VALUE_83", "VALUE_84", "VALUE_85", "VALUE_86", "VALUE_87", "VALUE_88", "VALUE_89", "VALUE_90", "VALUE_91", "VALUE_92", "VALUE_93", "VALUE_94", "VALUE_95", "VALUE_96", "VALUE_97", "VALUE_98", "VALUE_99", "VALUE_100", "VALUE_101", "VALUE_102", "VALUE_103", "VALUE_104", "VALUE_105", "VALUE_106", "VALUE_107", "VALUE_108", "VALUE_109", "VALUE_110", "VALUE_111", "VALUE_112", "VALUE_113", "VALUE_114", "VALUE_115", "VALUE_116", "VALUE_117", "VALUE_118", "VALUE_119", "VALUE_120", "VALUE_121", "VALUE_122", "VALUE_123", "VALUE_124", "VALUE_125", "VALUE_126", "VALUE_127", "VALUE_128", "VALUE_129", "VALUE_130", "VALUE_131", "VALUE_132", "VALUE_133", "VALUE_134", "VALUE_135", "VALUE_136", "VALUE_137", "VALUE_138", "VALUE_139", "VALUE_140", "VALUE_141", "VALUE_142", "VALUE_143", "VALUE_144", "VALUE_145", "VALUE_146", "VALUE_147", "VALUE_148", "VALUE_149", "VALUE_150", "VALUE_151", "VALUE_152", "VALUE_153", "VALUE_154", "VALUE_155", "VALUE_156", "VALUE_157", "VALUE_158", "VALUE_159", "VALUE_160", "VALUE_161", "VALUE_162", "VALUE_163", "VALUE_164", "VALUE_165", "VALUE_166", "VALUE_167", "VALUE_168", "VALUE_169", "VALUE_170", "VALUE_171", "VALUE_172", "VALUE_173", "VALUE_174", "VALUE_175", "VALUE_176", "VALUE_177", "VALUE_178", "VALUE_179", "VALUE_180", "VALUE_181", "VALUE_182", "VALUE_183", "VALUE_184", "VALUE_185", "VALUE_186", "VALUE_187", "VALUE_188", "VALUE_189", "VALUE_190", "VALUE_191", "VALUE_192", "VALUE_193", "VALUE_194", "VALUE_195", "VALUE_196", "VALUE_197", "VALUE_198", "VALUE_199", "VALUE_200", "VALUE_201", "VALUE_202", "VALUE_203", "VALUE_204", "VALUE_205", "VALUE_206", "VALUE_207", "VALUE_208", "VALUE_209", "VALUE_210", "VALUE_211", "VALUE_212", "VALUE_213", "VALUE_214", "VALUE_215", "VALUE_216", "VALUE_217", "VALUE_218", "VALUE_219", "VALUE_220", "VALUE_221", "VALUE_222", "VALUE_223", "VALUE_224", "VALUE_225", "VALUE_226", "VALUE_227", "VALUE_228", "VALUE_229", "VALUE_230", "VALUE_231", "VALUE_232", "VALUE_233", "VALUE_234", "VALUE_235", "VALUE_236", "VALUE_237", "VALUE_238", "VALUE_239", "VALUE_240", "VALUE_241", "VALUE_242", "VALUE_243", "VALUE_244", "VALUE_245", "VALUE_246", "VALUE_247", "VALUE_248", "VALUE_249", "VALUE_250", "VALUE_251", "VALUE_252", "VALUE_253", "VALUE_254", "VALUE_255", "VALUE_256", "VALUE_257", "VALUE_258", "VALUE_259", "VALUE_260", "VALUE_261", "VALUE_262" ]
                      },
                      "$" : {
                        "type" : "string"
                      }
                    }
                  },
                  "Person" : {
                    "type" : "object",
                    "id" : "urn:jsonschema:org:acord:standards:life:_2:xml:nbsave_req:PersonType",
                    "properties" : {
                      "PersonKey" : {
                        "type" : "object",
                        "id" : "urn:jsonschema:org:acord:standards:life:_2:xml:nbsave_req:PERSISTKEY",
                        "properties" : {
                          "@Persist" : {
                            "type" : "string"
                          },
                          "@SystemCode" : {
                            "type" : "string"
                          },
                          "@VendorCode" : {
                            "type" : "string"
                          },
                          "$" : {
                            "type" : "string"
                          }
                        }
                      },
                      "PersonSysKey" : {
                        "type" : "array",
                        "items" : {
                          "type" : "object",
                          "id" : "urn:jsonschema:org:acord:standards:life:_2:xml:nbsave_req:SYSKEY",
                          "properties" : {
                            "@Persist" : {
                              "type" : "string"
                            },
                            "@SystemCode" : {
                              "type" : "string"
                            },
                            "@VendorCode" : {
                              "type" : "string"
                            },
                            "$" : {
                              "type" : "string"
                            }
                          }
                        }
                      },
                      "FirstName" : {
                        "type" : "string",
                        "required" : true
                      },
                      "MiddleName" : {
                        "type" : "string"
                      },
                      "LastName" : {
                        "type" : "string",
                        "required" : true
                      },
                      "Prefix" : {
                        "type" : "string"
                      },
                      "Title" : {
                        "type" : "string"
                      },
                      "MarStat" : {
                        "type" : "object",
                        "id" : "urn:jsonschema:org:acord:standards:life:_2:xml:nbsave_req:OLILUMARSTAT",
                        "properties" : {
                          "@tc" : {
                            "type" : "string"
                          },
                          "$" : {
                            "type" : "string"
                          }
                        }
                      },
                      "Gender" : {
                        "type" : "object",
                        "id" : "urn:jsonschema:org:acord:standards:life:_2:xml:nbsave_req:OLILUGENDER",
                        "properties" : {
                          "@tc" : {
                            "type" : "string"
                          },
                          "$" : {
                            "type" : "string"
                          }
                        }
                      },
                      "BirthDate" : {
                        "type" : "string"
                      },
                      "Citizenship" : {
                        "type" : "object",
                        "id" : "urn:jsonschema:org:acord:standards:life:_2:xml:nbsave_req:OLILUNATION",
                        "properties" : {
                          "@tc" : {
                            "type" : "string",
                            "enum" : [ "VALUE_1", "VALUE_2", "VALUE_3", "VALUE_4", "VALUE_5", "VALUE_6", "VALUE_7", "VALUE_8", "VALUE_9", "VALUE_10", "VALUE_11", "VALUE_12", "VALUE_13", "VALUE_14", "VALUE_15", "VALUE_16", "VALUE_17", "VALUE_18", "VALUE_19", "VALUE_20", "VALUE_21", "VALUE_22", "VALUE_23", "VALUE_24", "VALUE_25", "VALUE_26", "VALUE_27", "VALUE_28", "VALUE_29", "VALUE_30", "VALUE_31", "VALUE_32", "VALUE_33", "VALUE_34", "VALUE_35", "VALUE_36", "VALUE_37", "VALUE_38", "VALUE_39", "VALUE_40", "VALUE_41", "VALUE_42", "VALUE_43", "VALUE_44", "VALUE_45", "VALUE_46", "VALUE_47", "VALUE_48", "VALUE_49", "VALUE_50", "VALUE_51", "VALUE_52", "VALUE_53", "VALUE_54", "VALUE_55", "VALUE_56", "VALUE_57", "VALUE_58", "VALUE_59", "VALUE_60", "VALUE_61", "VALUE_62", "VALUE_63", "VALUE_64", "VALUE_65", "VALUE_66", "VALUE_67", "VALUE_68", "VALUE_69", "VALUE_70", "VALUE_71", "VALUE_72", "VALUE_73", "VALUE_74", "VALUE_75", "VALUE_76", "VALUE_77", "VALUE_78", "VALUE_79", "VALUE_80", "VALUE_81", "VALUE_82", "VALUE_83", "VALUE_84", "VALUE_85", "VALUE_86", "VALUE_87", "VALUE_88", "VALUE_89", "VALUE_90", "VALUE_91", "VALUE_92", "VALUE_93", "VALUE_94", "VALUE_95", "VALUE_96", "VALUE_97", "VALUE_98", "VALUE_99", "VALUE_100", "VALUE_101", "VALUE_102", "VALUE_103", "VALUE_104", "VALUE_105", "VALUE_106", "VALUE_107", "VALUE_108", "VALUE_109", "VALUE_110", "VALUE_111", "VALUE_112", "VALUE_113", "VALUE_114", "VALUE_115", "VALUE_116", "VALUE_117", "VALUE_118", "VALUE_119", "VALUE_120", "VALUE_121", "VALUE_122", "VALUE_123", "VALUE_124", "VALUE_125", "VALUE_126", "VALUE_127", "VALUE_128", "VALUE_129", "VALUE_130", "VALUE_131", "VALUE_132", "VALUE_133", "VALUE_134", "VALUE_135", "VALUE_136", "VALUE_137", "VALUE_138", "VALUE_139", "VALUE_140", "VALUE_141", "VALUE_142", "VALUE_143", "VALUE_144", "VALUE_145", "VALUE_146", "VALUE_147", "VALUE_148", "VALUE_149", "VALUE_150", "VALUE_151", "VALUE_152", "VALUE_153", "VALUE_154", "VALUE_155", "VALUE_156", "VALUE_157", "VALUE_158", "VALUE_159", "VALUE_160", "VALUE_161", "VALUE_162", "VALUE_163", "VALUE_164", "VALUE_165", "VALUE_166", "VALUE_167", "VALUE_168", "VALUE_169", "VALUE_170", "VALUE_171", "VALUE_172", "VALUE_173", "VALUE_174", "VALUE_175", "VALUE_176", "VALUE_177", "VALUE_178", "VALUE_179", "VALUE_180", "VALUE_181", "VALUE_182", "VALUE_183", "VALUE_184", "VALUE_185", "VALUE_186", "VALUE_187", "VALUE_188", "VALUE_189", "VALUE_190", "VALUE_191", "VALUE_192", "VALUE_193", "VALUE_194", "VALUE_195", "VALUE_196", "VALUE_197", "VALUE_198", "VALUE_199", "VALUE_200", "VALUE_201", "VALUE_202", "VALUE_203", "VALUE_204", "VALUE_205", "VALUE_206", "VALUE_207", "VALUE_208", "VALUE_209", "VALUE_210", "VALUE_211", "VALUE_212", "VALUE_213", "VALUE_214", "VALUE_215", "VALUE_216", "VALUE_217", "VALUE_218", "VALUE_219", "VALUE_220", "VALUE_221", "VALUE_222", "VALUE_223", "VALUE_224", "VALUE_225", "VALUE_226", "VALUE_227", "VALUE_228", "VALUE_229", "VALUE_230", "VALUE_231", "VALUE_232", "VALUE_233", "VALUE_234", "VALUE_235", "VALUE_236", "VALUE_237", "VALUE_238", "VALUE_239", "VALUE_240", "VALUE_241", "VALUE_242", "VALUE_243", "VALUE_244", "VALUE_245", "VALUE_246", "VALUE_247", "VALUE_248", "VALUE_249", "VALUE_250", "VALUE_251", "VALUE_252", "VALUE_253", "VALUE_254", "VALUE_255", "VALUE_256", "VALUE_257", "VALUE_258", "VALUE_259", "VALUE_260", "VALUE_261", "VALUE_262" ]
                          },
                          "$" : {
                            "type" : "string"
                          }
                        }
                      },
                      "EstGrossAnnualOtherIncome" : {
                        "type" : "number"
                      },
                      "NonResidentAlienInd" : {
                        "type" : "object",
                        "id" : "urn:jsonschema:org:acord:standards:life:_2:xml:nbsave_req:OLILUBOOLEAN",
                        "properties" : {
                          "@tc" : {
                            "type" : "string"
                          },
                          "$" : {
                            "type" : "string"
                          }
                        }
                      },
                      "Occupation" : {
                        "type" : "string"
                      },
                      "OLifEExtension" : {
                        "type" : "array",
                        "items" : {
                          "type" : "object",
                          "id" : "urn:jsonschema:org:acord:standards:life:_2:xml:nbsave_req:OLifEExtensionType",
                          "properties" : {
                            "InitDepositAmt" : {
                              "type" : "number"
                            },
                            "DraftDate" : {
                              "type" : "string"
                            },
                            "CaseIGO" : {
                              "type" : "array",
                              "items" : {
                                "type" : "string"
                              }
                            },
                            "BackupWithholdingIndicator" : {
                              "type" : "array",
                              "items" : {
                                "type" : "object",
                                "id" : "urn:jsonschema:org:acord:standards:life:_2:xml:nbsave_req:IndicatorType",
                                "properties" : {
                                  "@tc" : {
                                    "type" : "string",
                                    "enum" : [ "0", "1" ]
                                  },
                                  "$" : {
                                    "type" : "string"
                                  }
                                }
                              }
                            },
                            "eDeliveryOptOutOptionIndicator" : {
                              "type" : "array",
                              "items" : {
                                "type" : "object",
                                "id" : "urn:jsonschema:org:acord:standards:life:_2:xml:nbsave_req:IndicatorType",
                                "properties" : {
                                  "@tc" : {
                                    "type" : "string",
                                    "enum" : [ "0", "1" ]
                                  },
                                  "$" : {
                                    "type" : "string"
                                  }
                                }
                              }
                            },
                            "BDValidationDate" : {
                              "type" : "array",
                              "items" : {
                                "type" : "string"
                              }
                            }
                          }
                        }
                      }
                    }
                  },
                  "Organization" : {
                    "type" : "object",
                    "id" : "urn:jsonschema:org:acord:standards:life:_2:xml:nbsave_req:OrganizationType",
                    "properties" : {
                      "@id" : {
                        "type" : "string"
                      },
                      "@DataRep" : {
                        "type" : "string"
                      },
                      "OrganizationKey" : {
                        "type" : "object",
                        "id" : "urn:jsonschema:org:acord:standards:life:_2:xml:nbsave_req:PERSISTKEY",
                        "properties" : {
                          "@Persist" : {
                            "type" : "string"
                          },
                          "@SystemCode" : {
                            "type" : "string"
                          },
                          "@VendorCode" : {
                            "type" : "string"
                          },
                          "$" : {
                            "type" : "string"
                          }
                        }
                      },
                      "OrganizationSysKey" : {
                        "type" : "array",
                        "items" : {
                          "type" : "object",
                          "id" : "urn:jsonschema:org:acord:standards:life:_2:xml:nbsave_req:SYSKEY",
                          "properties" : {
                            "@Persist" : {
                              "type" : "string"
                            },
                            "@SystemCode" : {
                              "type" : "string"
                            },
                            "@VendorCode" : {
                              "type" : "string"
                            },
                            "$" : {
                              "type" : "string"
                            }
                          }
                        }
                      },
                      "OrgForm" : {
                        "type" : "object",
                        "id" : "urn:jsonschema:org:acord:standards:life:_2:xml:nbsave_req:OLILUORGFORM",
                        "properties" : {
                          "@tc" : {
                            "type" : "string"
                          },
                          "$" : {
                            "type" : "string"
                          }
                        }
                      },
                      "TrustType" : {
                        "type" : "object",
                        "id" : "urn:jsonschema:org:acord:standards:life:_2:xml:nbsave_req:OLILUTRUSTTYPE",
                        "properties" : {
                          "@tc" : {
                            "type" : "string"
                          },
                          "$" : {
                            "type" : "string"
                          }
                        }
                      },
                      "EstabDate" : {
                        "type" : "string"
                      }
                    }
                  },
                  "Address" : {
                    "type" : "array",
                    "items" : {
                      "type" : "object",
                      "id" : "urn:jsonschema:org:acord:standards:life:_2:xml:nbsave_req:AddressType",
                      "properties" : {
                        "AddressKey" : {
                          "type" : "object",
                          "id" : "urn:jsonschema:org:acord:standards:life:_2:xml:nbsave_req:PERSISTKEY",
                          "properties" : {
                            "@Persist" : {
                              "type" : "string"
                            },
                            "@SystemCode" : {
                              "type" : "string"
                            },
                            "@VendorCode" : {
                              "type" : "string"
                            },
                            "$" : {
                              "type" : "string"
                            }
                          }
                        },
                        "AddressSysKey" : {
                          "type" : "array",
                          "items" : {
                            "type" : "object",
                            "id" : "urn:jsonschema:org:acord:standards:life:_2:xml:nbsave_req:SYSKEY",
                            "properties" : {
                              "@Persist" : {
                                "type" : "string"
                              },
                              "@SystemCode" : {
                                "type" : "string"
                              },
                              "@VendorCode" : {
                                "type" : "string"
                              },
                              "$" : {
                                "type" : "string"
                              }
                            }
                          }
                        },
                        "AddressTypeCode" : {
                          "type" : "object",
                          "id" : "urn:jsonschema:org:acord:standards:life:_2:xml:nbsave_req:OLILUADTYPE",
                          "required" : true,
                          "properties" : {
                            "@tc" : {
                              "type" : "string"
                            },
                            "$" : {
                              "type" : "string"
                            }
                          }
                        },
                        "Line1" : {
                          "type" : "string"
                        },
                        "Line2" : {
                          "type" : "string"
                        },
                        "Line3" : {
                          "type" : "string"
                        },
                        "City" : {
                          "type" : "string"
                        },
                        "AddressStateTC" : {
                          "type" : "object",
                          "id" : "urn:jsonschema:org:acord:standards:life:_2:xml:nbsave_req:OLILUSTATE",
                          "properties" : {
                            "@tc" : {
                              "type" : "string"
                            },
                            "$" : {
                              "type" : "string"
                            }
                          }
                        },
                        "Zip" : {
                          "type" : "string"
                        },
                        "AddressCountryTC" : {
                          "type" : "object",
                          "id" : "urn:jsonschema:org:acord:standards:life:_2:xml:nbsave_req:OLILUNATION",
                          "properties" : {
                            "@tc" : {
                              "type" : "string",
                              "enum" : [ "VALUE_1", "VALUE_2", "VALUE_3", "VALUE_4", "VALUE_5", "VALUE_6", "VALUE_7", "VALUE_8", "VALUE_9", "VALUE_10", "VALUE_11", "VALUE_12", "VALUE_13", "VALUE_14", "VALUE_15", "VALUE_16", "VALUE_17", "VALUE_18", "VALUE_19", "VALUE_20", "VALUE_21", "VALUE_22", "VALUE_23", "VALUE_24", "VALUE_25", "VALUE_26", "VALUE_27", "VALUE_28", "VALUE_29", "VALUE_30", "VALUE_31", "VALUE_32", "VALUE_33", "VALUE_34", "VALUE_35", "VALUE_36", "VALUE_37", "VALUE_38", "VALUE_39", "VALUE_40", "VALUE_41", "VALUE_42", "VALUE_43", "VALUE_44", "VALUE_45", "VALUE_46", "VALUE_47", "VALUE_48", "VALUE_49", "VALUE_50", "VALUE_51", "VALUE_52", "VALUE_53", "VALUE_54", "VALUE_55", "VALUE_56", "VALUE_57", "VALUE_58", "VALUE_59", "VALUE_60", "VALUE_61", "VALUE_62", "VALUE_63", "VALUE_64", "VALUE_65", "VALUE_66", "VALUE_67", "VALUE_68", "VALUE_69", "VALUE_70", "VALUE_71", "VALUE_72", "VALUE_73", "VALUE_74", "VALUE_75", "VALUE_76", "VALUE_77", "VALUE_78", "VALUE_79", "VALUE_80", "VALUE_81", "VALUE_82", "VALUE_83", "VALUE_84", "VALUE_85", "VALUE_86", "VALUE_87", "VALUE_88", "VALUE_89", "VALUE_90", "VALUE_91", "VALUE_92", "VALUE_93", "VALUE_94", "VALUE_95", "VALUE_96", "VALUE_97", "VALUE_98", "VALUE_99", "VALUE_100", "VALUE_101", "VALUE_102", "VALUE_103", "VALUE_104", "VALUE_105", "VALUE_106", "VALUE_107", "VALUE_108", "VALUE_109", "VALUE_110", "VALUE_111", "VALUE_112", "VALUE_113", "VALUE_114", "VALUE_115", "VALUE_116", "VALUE_117", "VALUE_118", "VALUE_119", "VALUE_120", "VALUE_121", "VALUE_122", "VALUE_123", "VALUE_124", "VALUE_125", "VALUE_126", "VALUE_127", "VALUE_128", "VALUE_129", "VALUE_130", "VALUE_131", "VALUE_132", "VALUE_133", "VALUE_134", "VALUE_135", "VALUE_136", "VALUE_137", "VALUE_138", "VALUE_139", "VALUE_140", "VALUE_141", "VALUE_142", "VALUE_143", "VALUE_144", "VALUE_145", "VALUE_146", "VALUE_147", "VALUE_148", "VALUE_149", "VALUE_150", "VALUE_151", "VALUE_152", "VALUE_153", "VALUE_154", "VALUE_155", "VALUE_156", "VALUE_157", "VALUE_158", "VALUE_159", "VALUE_160", "VALUE_161", "VALUE_162", "VALUE_163", "VALUE_164", "VALUE_165", "VALUE_166", "VALUE_167", "VALUE_168", "VALUE_169", "VALUE_170", "VALUE_171", "VALUE_172", "VALUE_173", "VALUE_174", "VALUE_175", "VALUE_176", "VALUE_177", "VALUE_178", "VALUE_179", "VALUE_180", "VALUE_181", "VALUE_182", "VALUE_183", "VALUE_184", "VALUE_185", "VALUE_186", "VALUE_187", "VALUE_188", "VALUE_189", "VALUE_190", "VALUE_191", "VALUE_192", "VALUE_193", "VALUE_194", "VALUE_195", "VALUE_196", "VALUE_197", "VALUE_198", "VALUE_199", "VALUE_200", "VALUE_201", "VALUE_202", "VALUE_203", "VALUE_204", "VALUE_205", "VALUE_206", "VALUE_207", "VALUE_208", "VALUE_209", "VALUE_210", "VALUE_211", "VALUE_212", "VALUE_213", "VALUE_214", "VALUE_215", "VALUE_216", "VALUE_217", "VALUE_218", "VALUE_219", "VALUE_220", "VALUE_221", "VALUE_222", "VALUE_223", "VALUE_224", "VALUE_225", "VALUE_226", "VALUE_227", "VALUE_228", "VALUE_229", "VALUE_230", "VALUE_231", "VALUE_232", "VALUE_233", "VALUE_234", "VALUE_235", "VALUE_236", "VALUE_237", "VALUE_238", "VALUE_239", "VALUE_240", "VALUE_241", "VALUE_242", "VALUE_243", "VALUE_244", "VALUE_245", "VALUE_246", "VALUE_247", "VALUE_248", "VALUE_249", "VALUE_250", "VALUE_251", "VALUE_252", "VALUE_253", "VALUE_254", "VALUE_255", "VALUE_256", "VALUE_257", "VALUE_258", "VALUE_259", "VALUE_260", "VALUE_261", "VALUE_262" ]
                            },
                            "$" : {
                              "type" : "string"
                            }
                          }
                        },
                        "PrefAddr" : {
                          "type" : "object",
                          "id" : "urn:jsonschema:org:acord:standards:life:_2:xml:nbsave_req:OLILUBOOLEAN",
                          "properties" : {
                            "@tc" : {
                              "type" : "string"
                            },
                            "$" : {
                              "type" : "string"
                            }
                          }
                        },
                        "StartDate" : {
                          "type" : "string"
                        },
                        "EndDate" : {
                          "type" : "string"
                        },
                        "SolicitationInd" : {
                          "type" : "object",
                          "id" : "urn:jsonschema:org:acord:standards:life:_2:xml:nbsave_req:OLILUBOOLEAN",
                          "properties" : {
                            "@tc" : {
                              "type" : "string"
                            },
                            "$" : {
                              "type" : "string"
                            }
                          }
                        },
                        "PostalDropCode" : {
                          "type" : "string"
                        },
                        "AddressValidInd" : {
                          "type" : "object",
                          "id" : "urn:jsonschema:org:acord:standards:life:_2:xml:nbsave_req:OLILUBOOLEAN",
                          "properties" : {
                            "@tc" : {
                              "type" : "string"
                            },
                            "$" : {
                              "type" : "string"
                            }
                          }
                        }
                      }
                    }
                  },
                  "Phone" : {
                    "type" : "array",
                    "items" : {
                      "type" : "object",
                      "id" : "urn:jsonschema:org:acord:standards:life:_2:xml:nbsave_req:PhoneType",
                      "properties" : {
                        "PhoneKey" : {
                          "type" : "object",
                          "id" : "urn:jsonschema:org:acord:standards:life:_2:xml:nbsave_req:PERSISTKEY",
                          "properties" : {
                            "@Persist" : {
                              "type" : "string"
                            },
                            "@SystemCode" : {
                              "type" : "string"
                            },
                            "@VendorCode" : {
                              "type" : "string"
                            },
                            "$" : {
                              "type" : "string"
                            }
                          }
                        },
                        "PhoneSysKey" : {
                          "type" : "array",
                          "items" : {
                            "type" : "object",
                            "id" : "urn:jsonschema:org:acord:standards:life:_2:xml:nbsave_req:SYSKEY",
                            "properties" : {
                              "@Persist" : {
                                "type" : "string"
                              },
                              "@SystemCode" : {
                                "type" : "string"
                              },
                              "@VendorCode" : {
                                "type" : "string"
                              },
                              "$" : {
                                "type" : "string"
                              }
                            }
                          }
                        },
                        "PhoneTypeCode" : {
                          "type" : "object",
                          "id" : "urn:jsonschema:org:acord:standards:life:_2:xml:nbsave_req:OLILUPHONETYPE",
                          "properties" : {
                            "@tc" : {
                              "type" : "string"
                            },
                            "$" : {
                              "type" : "string"
                            }
                          }
                        },
                        "AreaCode" : {
                          "type" : "string"
                        },
                        "DialNumber" : {
                          "type" : "string"
                        },
                        "SolicitationInd" : {
                          "type" : "object",
                          "id" : "urn:jsonschema:org:acord:standards:life:_2:xml:nbsave_req:OLILUBOOLEAN",
                          "properties" : {
                            "@tc" : {
                              "type" : "string"
                            },
                            "$" : {
                              "type" : "string"
                            }
                          }
                        },
                        "PhoneCountryTC" : {
                          "type" : "object",
                          "id" : "urn:jsonschema:org:acord:standards:life:_2:xml:nbsave_req:OLILUNATION",
                          "properties" : {
                            "@tc" : {
                              "type" : "string",
                              "enum" : [ "VALUE_1", "VALUE_2", "VALUE_3", "VALUE_4", "VALUE_5", "VALUE_6", "VALUE_7", "VALUE_8", "VALUE_9", "VALUE_10", "VALUE_11", "VALUE_12", "VALUE_13", "VALUE_14", "VALUE_15", "VALUE_16", "VALUE_17", "VALUE_18", "VALUE_19", "VALUE_20", "VALUE_21", "VALUE_22", "VALUE_23", "VALUE_24", "VALUE_25", "VALUE_26", "VALUE_27", "VALUE_28", "VALUE_29", "VALUE_30", "VALUE_31", "VALUE_32", "VALUE_33", "VALUE_34", "VALUE_35", "VALUE_36", "VALUE_37", "VALUE_38", "VALUE_39", "VALUE_40", "VALUE_41", "VALUE_42", "VALUE_43", "VALUE_44", "VALUE_45", "VALUE_46", "VALUE_47", "VALUE_48", "VALUE_49", "VALUE_50", "VALUE_51", "VALUE_52", "VALUE_53", "VALUE_54", "VALUE_55", "VALUE_56", "VALUE_57", "VALUE_58", "VALUE_59", "VALUE_60", "VALUE_61", "VALUE_62", "VALUE_63", "VALUE_64", "VALUE_65", "VALUE_66", "VALUE_67", "VALUE_68", "VALUE_69", "VALUE_70", "VALUE_71", "VALUE_72", "VALUE_73", "VALUE_74", "VALUE_75", "VALUE_76", "VALUE_77", "VALUE_78", "VALUE_79", "VALUE_80", "VALUE_81", "VALUE_82", "VALUE_83", "VALUE_84", "VALUE_85", "VALUE_86", "VALUE_87", "VALUE_88", "VALUE_89", "VALUE_90", "VALUE_91", "VALUE_92", "VALUE_93", "VALUE_94", "VALUE_95", "VALUE_96", "VALUE_97", "VALUE_98", "VALUE_99", "VALUE_100", "VALUE_101", "VALUE_102", "VALUE_103", "VALUE_104", "VALUE_105", "VALUE_106", "VALUE_107", "VALUE_108", "VALUE_109", "VALUE_110", "VALUE_111", "VALUE_112", "VALUE_113", "VALUE_114", "VALUE_115", "VALUE_116", "VALUE_117", "VALUE_118", "VALUE_119", "VALUE_120", "VALUE_121", "VALUE_122", "VALUE_123", "VALUE_124", "VALUE_125", "VALUE_126", "VALUE_127", "VALUE_128", "VALUE_129", "VALUE_130", "VALUE_131", "VALUE_132", "VALUE_133", "VALUE_134", "VALUE_135", "VALUE_136", "VALUE_137", "VALUE_138", "VALUE_139", "VALUE_140", "VALUE_141", "VALUE_142", "VALUE_143", "VALUE_144", "VALUE_145", "VALUE_146", "VALUE_147", "VALUE_148", "VALUE_149", "VALUE_150", "VALUE_151", "VALUE_152", "VALUE_153", "VALUE_154", "VALUE_155", "VALUE_156", "VALUE_157", "VALUE_158", "VALUE_159", "VALUE_160", "VALUE_161", "VALUE_162", "VALUE_163", "VALUE_164", "VALUE_165", "VALUE_166", "VALUE_167", "VALUE_168", "VALUE_169", "VALUE_170", "VALUE_171", "VALUE_172", "VALUE_173", "VALUE_174", "VALUE_175", "VALUE_176", "VALUE_177", "VALUE_178", "VALUE_179", "VALUE_180", "VALUE_181", "VALUE_182", "VALUE_183", "VALUE_184", "VALUE_185", "VALUE_186", "VALUE_187", "VALUE_188", "VALUE_189", "VALUE_190", "VALUE_191", "VALUE_192", "VALUE_193", "VALUE_194", "VALUE_195", "VALUE_196", "VALUE_197", "VALUE_198", "VALUE_199", "VALUE_200", "VALUE_201", "VALUE_202", "VALUE_203", "VALUE_204", "VALUE_205", "VALUE_206", "VALUE_207", "VALUE_208", "VALUE_209", "VALUE_210", "VALUE_211", "VALUE_212", "VALUE_213", "VALUE_214", "VALUE_215", "VALUE_216", "VALUE_217", "VALUE_218", "VALUE_219", "VALUE_220", "VALUE_221", "VALUE_222", "VALUE_223", "VALUE_224", "VALUE_225", "VALUE_226", "VALUE_227", "VALUE_228", "VALUE_229", "VALUE_230", "VALUE_231", "VALUE_232", "VALUE_233", "VALUE_234", "VALUE_235", "VALUE_236", "VALUE_237", "VALUE_238", "VALUE_239", "VALUE_240", "VALUE_241", "VALUE_242", "VALUE_243", "VALUE_244", "VALUE_245", "VALUE_246", "VALUE_247", "VALUE_248", "VALUE_249", "VALUE_250", "VALUE_251", "VALUE_252", "VALUE_253", "VALUE_254", "VALUE_255", "VALUE_256", "VALUE_257", "VALUE_258", "VALUE_259", "VALUE_260", "VALUE_261", "VALUE_262" ]
                            },
                            "$" : {
                              "type" : "string"
                            }
                          }
                        }
                      }
                    }
                  },
                  "Producer" : {
                    "type" : "object",
                    "id" : "urn:jsonschema:org:acord:standards:life:_2:xml:nbsave_req:ProducerType",
                    "properties" : {
                      "NIPRNumber" : {
                        "type" : "string"
                      }
                    }
                  },
                  "EMailAddress" : {
                    "type" : "array",
                    "items" : {
                      "type" : "object",
                      "id" : "urn:jsonschema:org:acord:standards:life:_2:xml:nbsave_req:EMailAddressType",
                      "properties" : {
                        "EMailAddressKey" : {
                          "type" : "object",
                          "id" : "urn:jsonschema:org:acord:standards:life:_2:xml:nbsave_req:PERSISTKEY",
                          "properties" : {
                            "@Persist" : {
                              "type" : "string"
                            },
                            "@SystemCode" : {
                              "type" : "string"
                            },
                            "@VendorCode" : {
                              "type" : "string"
                            },
                            "$" : {
                              "type" : "string"
                            }
                          }
                        },
                        "EMailAddressSysKey" : {
                          "type" : "array",
                          "items" : {
                            "type" : "object",
                            "id" : "urn:jsonschema:org:acord:standards:life:_2:xml:nbsave_req:SYSKEY",
                            "properties" : {
                              "@Persist" : {
                                "type" : "string"
                              },
                              "@SystemCode" : {
                                "type" : "string"
                              },
                              "@VendorCode" : {
                                "type" : "string"
                              },
                              "$" : {
                                "type" : "string"
                              }
                            }
                          }
                        },
                        "EMailType" : {
                          "type" : "object",
                          "id" : "urn:jsonschema:org:acord:standards:life:_2:xml:nbsave_req:OLILUEMAILTYPE",
                          "properties" : {
                            "@tc" : {
                              "type" : "string"
                            },
                            "$" : {
                              "type" : "string"
                            }
                          }
                        },
                        "AddrLine" : {
                          "type" : "string"
                        },
                        "SolicitationInd" : {
                          "type" : "object",
                          "id" : "urn:jsonschema:org:acord:standards:life:_2:xml:nbsave_req:OLILUBOOLEAN",
                          "properties" : {
                            "@tc" : {
                              "type" : "string"
                            },
                            "$" : {
                              "type" : "string"
                            }
                          }
                        }
                      }
                    }
                  },
                  "Employment" : {
                    "type" : "array",
                    "items" : {
                      "type" : "object",
                      "id" : "urn:jsonschema:org:acord:standards:life:_2:xml:nbsave_req:EmploymentType",
                      "properties" : {
                        "EmploymentKey" : {
                          "type" : "object",
                          "id" : "urn:jsonschema:org:acord:standards:life:_2:xml:nbsave_req:PERSISTKEY",
                          "properties" : {
                            "@Persist" : {
                              "type" : "string"
                            },
                            "@SystemCode" : {
                              "type" : "string"
                            },
                            "@VendorCode" : {
                              "type" : "string"
                            },
                            "$" : {
                              "type" : "string"
                            }
                          }
                        },
                        "EmploymentSysKey" : {
                          "type" : "array",
                          "items" : {
                            "type" : "object",
                            "id" : "urn:jsonschema:org:acord:standards:life:_2:xml:nbsave_req:SYSKEY",
                            "properties" : {
                              "@Persist" : {
                                "type" : "string"
                              },
                              "@SystemCode" : {
                                "type" : "string"
                              },
                              "@VendorCode" : {
                                "type" : "string"
                              },
                              "$" : {
                                "type" : "string"
                              }
                            }
                          }
                        },
                        "EmployeeID" : {
                          "type" : "string"
                        },
                        "Pay" : {
                          "type" : "array",
                          "items" : {
                            "type" : "object",
                            "id" : "urn:jsonschema:org:acord:standards:life:_2:xml:nbsave_req:PayType",
                            "properties" : {
                              "PayrollDeduction" : {
                                "type" : "array",
                                "items" : {
                                  "type" : "object",
                                  "id" : "urn:jsonschema:org:acord:standards:life:_2:xml:nbsave_req:PayrollDeductionType",
                                  "properties" : {
                                    "PayrollDeductionAmt" : {
                                      "type" : "number"
                                    }
                                  }
                                }
                              }
                            }
                          }
                        }
                      }
                    }
                  },
                  "OLifEExtension" : {
                    "type" : "array",
                    "items" : {
                      "type" : "object",
                      "id" : "urn:jsonschema:org:acord:standards:life:_2:xml:nbsave_req:OLifEExtensionType",
                      "properties" : {
                        "InitDepositAmt" : {
                          "type" : "number"
                        },
                        "DraftDate" : {
                          "type" : "string"
                        },
                        "CaseIGO" : {
                          "type" : "array",
                          "items" : {
                            "type" : "string"
                          }
                        },
                        "BackupWithholdingIndicator" : {
                          "type" : "array",
                          "items" : {
                            "type" : "object",
                            "id" : "urn:jsonschema:org:acord:standards:life:_2:xml:nbsave_req:IndicatorType",
                            "properties" : {
                              "@tc" : {
                                "type" : "string",
                                "enum" : [ "0", "1" ]
                              },
                              "$" : {
                                "type" : "string"
                              }
                            }
                          }
                        },
                        "eDeliveryOptOutOptionIndicator" : {
                          "type" : "array",
                          "items" : {
                            "type" : "object",
                            "id" : "urn:jsonschema:org:acord:standards:life:_2:xml:nbsave_req:IndicatorType",
                            "properties" : {
                              "@tc" : {
                                "type" : "string",
                                "enum" : [ "0", "1" ]
                              },
                              "$" : {
                                "type" : "string"
                              }
                            }
                          }
                        },
                        "BDValidationDate" : {
                          "type" : "array",
                          "items" : {
                            "type" : "string"
                          }
                        }
                      }
                    }
                  }
                }
              }
            },
            "Relation" : {
              "type" : "array",
              "required" : true,
              "items" : {
                "type" : "object",
                "id" : "urn:jsonschema:org:acord:standards:life:_2:xml:nbsave_req:RelationType",
                "properties" : {
                  "@id" : {
                    "type" : "string"
                  },
                  "@OriginatingObjectID" : {
                    "type" : "any"
                  },
                  "@RelatedObjectID" : {
                    "type" : "any"
                  },
                  "OriginatingObjectType" : {
                    "type" : "object",
                    "id" : "urn:jsonschema:org:acord:standards:life:_2:xml:nbsave_req:OLILUOBJECTTYPE",
                    "properties" : {
                      "@tc" : {
                        "type" : "string"
                      },
                      "$" : {
                        "type" : "string"
                      }
                    }
                  },
                  "RelatedObjectType" : {
                    "type" : "object",
                    "id" : "urn:jsonschema:org:acord:standards:life:_2:xml:nbsave_req:OLILUOBJECTTYPE",
                    "properties" : {
                      "@tc" : {
                        "type" : "string"
                      },
                      "$" : {
                        "type" : "string"
                      }
                    }
                  },
                  "RelationRoleCode" : {
                    "type" : "object",
                    "id" : "urn:jsonschema:org:acord:standards:life:_2:xml:nbsave_req:OLILUREL",
                    "properties" : {
                      "@tc" : {
                        "type" : "string"
                      },
                      "$" : {
                        "type" : "string"
                      }
                    }
                  },
                  "InterestPercent" : {
                    "type" : "number"
                  }
                }
              }
            },
            "FormInstance" : {
              "type" : "array",
              "items" : {
                "type" : "object",
                "id" : "urn:jsonschema:org:acord:standards:life:_2:xml:nbsave_req:FormInstanceType",
                "properties" : {
                  "@id" : {
                    "type" : "string"
                  },
                  "@RelatedObjectID" : {
                    "type" : "any"
                  },
                  "FormName" : {
                    "type" : "string"
                  },
                  "PrimaryFormInd" : {
                    "type" : "object",
                    "id" : "urn:jsonschema:org:acord:standards:life:_2:xml:nbsave_req:OLILUBOOLEAN",
                    "properties" : {
                      "@tc" : {
                        "type" : "string"
                      },
                      "$" : {
                        "type" : "string"
                      }
                    }
                  }
                }
              }
            },
            "OLifEExtension" : {
              "type" : "array",
              "items" : {
                "type" : "object",
                "id" : "urn:jsonschema:org:acord:standards:life:_2:xml:nbsave_req:OLifEExtensionType",
                "properties" : {
                  "InitDepositAmt" : {
                    "type" : "number"
                  },
                  "DraftDate" : {
                    "type" : "string"
                  },
                  "CaseIGO" : {
                    "type" : "array",
                    "items" : {
                      "type" : "string"
                    }
                  },
                  "BackupWithholdingIndicator" : {
                    "type" : "array",
                    "items" : {
                      "type" : "object",
                      "id" : "urn:jsonschema:org:acord:standards:life:_2:xml:nbsave_req:IndicatorType",
                      "properties" : {
                        "@tc" : {
                          "type" : "string",
                          "enum" : [ "0", "1" ]
                        },
                        "$" : {
                          "type" : "string"
                        }
                      }
                    }
                  },
                  "eDeliveryOptOutOptionIndicator" : {
                    "type" : "array",
                    "items" : {
                      "type" : "object",
                      "id" : "urn:jsonschema:org:acord:standards:life:_2:xml:nbsave_req:IndicatorType",
                      "properties" : {
                        "@tc" : {
                          "type" : "string",
                          "enum" : [ "0", "1" ]
                        },
                        "$" : {
                          "type" : "string"
                        }
                      }
                    }
                  },
                  "BDValidationDate" : {
                    "type" : "array",
                    "items" : {
                      "type" : "string"
                    }
                  }
                }
              }
            }
          }
        }
      }
    }
  }
 }
}