{
 "TXLife": {
  "type" : "object",
  "id" : "urn:jsonschema:org:acord:standards:life:_2:xml:nbsave_resp:TXLifeType",
  "properties" : {
    "@Version" : {
      "type" : "string"
    },
    "TXLifeResponse" : {
      "type" : "array",
      "items" : {
        "type" : "object",
        "id" : "urn:jsonschema:org:acord:standards:life:_2:xml:nbsave_resp:TXLifeResponseType",
        "properties" : {
          "TransRefGUID" : {
            "type" : "string",
            "required" : true
          },
          "TransType" : {
            "type" : "object",
            "id" : "urn:jsonschema:org:acord:standards:life:_2:xml:nbsave_resp:OLILUTRANSTYPECODES",
            "required" : true,
            "properties" : {
              "@tc" : {
                "type" : "string",
                "enum" : [ "103" ]
              },
              "$" : {
                "type" : "string"
              }
            }
          },
          "TransSubType" : {
            "type" : "object",
            "id" : "urn:jsonschema:org:acord:standards:life:_2:xml:nbsave_resp:TRANSSUBTYPECODES",
            "required" : true,
            "properties" : {
              "@tc" : {
                "type" : "string",
                "enum" : [ "10306" ]
              },
              "$" : {
                "type" : "string"
              }
            }
          },
          "TransExeDate" : {
            "type" : "string"
          },
          "TransExeTime" : {
            "type" : "string"
          },
          "TransResult" : {
            "type" : "object",
            "id" : "urn:jsonschema:org:acord:standards:life:_2:xml:nbsave_resp:TransResultType",
            "required" : true,
            "properties" : {
              "ResultCode" : {
                "type" : "object",
                "id" : "urn:jsonschema:org:acord:standards:life:_2:xml:nbsave_resp:RESULTCODES",
                "required" : true,
                "properties" : {
                  "@tc" : {
                    "type" : "string",
                    "enum" : [ "1", "5" ]
                  },
                  "$" : {
                    "type" : "string"
                  }
                }
              },
              "ResultInfo" : {
                "type" : "array",
                "items" : {
                  "type" : "object",
                  "id" : "urn:jsonschema:org:acord:standards:life:_2:xml:nbsave_resp:ResultInfoType",
                  "properties" : {
                    "@id" : {
                      "type" : "string"
                    },
                    "ResultInfoCode" : {
                      "type" : "object",
                      "id" : "urn:jsonschema:org:acord:standards:life:_2:xml:nbsave_resp:RESULTINFOCODES",
                      "properties" : {
                        "@tc" : {
                          "type" : "string"
                        },
                        "$" : {
                          "type" : "string"
                        }
                      }
                    },
                    "ResultInfoSeverity" : {
                      "type" : "string"
                    },
                    "ResultInfoDesc" : {
                      "type" : "string"
                    },
                    "OLifEExtension" : {
                      "type" : "object",
                      "id" : "urn:jsonschema:org:acord:standards:life:_2:xml:nbsave_resp:OLifEExtensionType",
                      "properties" : {
                        "ResultInfoDetail" : {
                          "type" : "string"
                        }
                      }
                    }
                  }
                }
              }
            }
          },
          "OLifE" : {
            "type" : "object",
            "id" : "urn:jsonschema:org:acord:standards:life:_2:xml:nbsave_resp:OLifEType",
            "properties" : {
              "Holding" : {
                "type" : "object",
                "id" : "urn:jsonschema:org:acord:standards:life:_2:xml:nbsave_resp:HoldingType",
                "required" : true,
                "properties" : {
                  "@id" : {
                    "type" : "string"
                  },
                  "HoldingTypeCode" : {
                    "type" : "object",
                    "id" : "urn:jsonschema:org:acord:standards:life:_2:xml:nbsave_resp:OLILUHOLDTYPE",
                    "properties" : {
                      "@tc" : {
                        "type" : "string",
                        "enum" : [ "2" ]
                      },
                      "$" : {
                        "type" : "string"
                      }
                    }
                  },
                  "Policy" : {
                    "type" : "object",
                    "id" : "urn:jsonschema:org:acord:standards:life:_2:xml:nbsave_resp:PolicyType",
                    "properties" : {
                      "ApplicationInfo" : {
                        "type" : "object",
                        "id" : "urn:jsonschema:org:acord:standards:life:_2:xml:nbsave_resp:ApplicationInfoType",
                        "properties" : {
                          "TrackingID" : {
                            "type" : "string"
                          }
                        }
                      }
                    }
                  }
                }
              }
            }
          }
        }
      }
    }
  }
 }
}