{
 "TXLife": {
  "type" : "object",
  "id" : "urn:jsonschema:org:acord:standards:life:_2:xml:nbsubmit_req:TXLifeType",
  "properties" : {
    "@Version" : {
      "type" : "string"
    },
    "UserAuthRequest" : {
      "type" : "object",
      "id" : "urn:jsonschema:org:acord:standards:life:_2:xml:nbsubmit_req:UserAuthRequestType",
      "properties" : {
        "UserLoginName" : {
          "type" : "string"
        }
      }
    },
    "TXLifeRequest" : {
      "type" : "object",
      "id" : "urn:jsonschema:org:acord:standards:life:_2:xml:nbsubmit_req:TXLifeRequestType",
      "properties" : {
        "@id" : {
          "type" : "string"
        },
        "@PrimaryObjectID" : {
          "type" : "any"
        },
        "TransRefGUID" : {
          "type" : "string",
          "required" : true
        },
        "TransType" : {
          "type" : "object",
          "id" : "urn:jsonschema:org:acord:standards:life:_2:xml:nbsubmit_req:OLILUTRANSTYPECODES",
          "required" : true,
          "properties" : {
            "@tc" : {
              "type" : "string",
              "enum" : [ "103" ]
            },
            "$" : {
              "type" : "string"
            }
          }
        },
        "TransSubType" : {
          "type" : "object",
          "id" : "urn:jsonschema:org:acord:standards:life:_2:xml:nbsubmit_req:TRANSSUBTYPECODES",
          "required" : true,
          "properties" : {
            "@tc" : {
              "type" : "string",
              "enum" : [ "10302" ]
            },
            "$" : {
              "type" : "string"
            }
          }
        },
        "TransExeDate" : {
          "type" : "string",
          "required" : true
        },
        "TransExeTime" : {
          "type" : "string",
          "required" : true
        },
        "OLifE" : {
          "type" : "object",
          "id" : "urn:jsonschema:org:acord:standards:life:_2:xml:nbsubmit_req:OLifEType",
          "required" : true,
          "properties" : {
            "@Version" : {
              "type" : "string"
            },
            "Holding" : {
              "type" : "array",
              "required" : true,
              "items" : {
                "type" : "object",
                "id" : "urn:jsonschema:org:acord:standards:life:_2:xml:nbsubmit_req:HoldingType",
                "properties" : {
                  "@id" : {
                    "type" : "string"
                  },
                  "@DataRep" : {
                    "type" : "string"
                  },
                  "HoldingTypeCode" : {
                    "type" : "object",
                    "id" : "urn:jsonschema:org:acord:standards:life:_2:xml:nbsubmit_req:OLILUHOLDTYPE",
                    "required" : true,
                    "properties" : {
                      "@tc" : {
                        "type" : "string"
                      },
                      "$" : {
                        "type" : "string"
                      }
                    }
                  },
                  "Policy" : {
                    "type" : "object",
                    "id" : "urn:jsonschema:org:acord:standards:life:_2:xml:nbsubmit_req:PolicyType",
                    "properties" : {
                      "@CarrierPartyID" : {
                        "type" : "any"
                      },
                      "ProductType" : {
                        "type" : "object",
                        "id" : "urn:jsonschema:org:acord:standards:life:_2:xml:nbsubmit_req:OLILUPOLPROD",
                        "properties" : {
                          "@tc" : {
                            "type" : "string"
                          },
                          "$" : {
                            "type" : "string"
                          }
                        }
                      },
                      "ProductCode" : {
                        "type" : "string"
                      },
                      "PolNumber" : {
                        "type" : "string"
                      },
                      "CarrierCode" : {
                        "type" : "string"
                      },
                      "IssueDate" : {
                        "type" : "string"
                      },
                      "ReplacementType" : {
                        "type" : "object",
                        "id" : "urn:jsonschema:org:acord:standards:life:_2:xml:nbsubmit_req:OLILUREPLACETYPE",
                        "properties" : {
                          "@tc" : {
                            "type" : "string",
                            "enum" : [ "2", "3" ]
                          },
                          "$" : {
                            "type" : "string"
                          }
                        }
                      },
                      "MoneyTransferType" : {
                        "type" : "object",
                        "id" : "urn:jsonschema:org:acord:standards:life:_2:xml:nbsubmit_req:OLILUMONEYTRANSFERTYPE",
                        "properties" : {
                          "@tc" : {
                            "type" : "string",
                            "enum" : [ "1", "3", "4" ]
                          },
                          "$" : {
                            "type" : "string"
                          }
                        }
                      },
                      "PlanName" : {
                        "type" : "string"
                      },
                      "PolicyStatus" : {
                        "type" : "object",
                        "id" : "urn:jsonschema:org:acord:standards:life:_2:xml:nbsubmit_req:OLILUPOLSTAT",
                        "properties" : {
                          "@tc" : {
                            "type" : "string"
                          },
                          "$" : {
                            "type" : "string"
                          }
                        }
                      },
                      "Jurisdiction" : {
                        "type" : "object",
                        "id" : "urn:jsonschema:org:acord:standards:life:_2:xml:nbsubmit_req:OLILUSTATE",
                        "properties" : {
                          "@tc" : {
                            "type" : "string"
                          },
                          "$" : {
                            "type" : "string"
                          }
                        }
                      },
                      "EffDate" : {
                        "type" : "string"
                      },
                      "MinPremiumInitialAmt" : {
                        "type" : "number"
                      },
                      "PaymentMethod" : {
                        "type" : "object",
                        "id" : "urn:jsonschema:org:acord:standards:life:_2:xml:nbsubmit_req:OLILUPAYMETHOD",
                        "properties" : {
                          "@tc" : {
                            "type" : "string"
                          },
                          "$" : {
                            "type" : "string"
                          }
                        }
                      },
                      "PaymentMode" : {
                        "type" : "object",
                        "id" : "urn:jsonschema:org:acord:standards:life:_2:xml:nbsubmit_req:OLILUPAYMODE",
                        "properties" : {
                          "@tc" : {
                            "type" : "string",
                            "enum" : [ "1", "2", "3", "4", "5", "7", "15", "99" ]
                          },
                          "$" : {
                            "type" : "string"
                          }
                        }
                      },
                      "PaymentAmt" : {
                        "type" : "number"
                      },
                      "PaymentDraftDay" : {
                        "type" : "string"
                      },
                      "Life" : {
                        "type" : "object",
                        "id" : "urn:jsonschema:org:acord:standards:life:_2:xml:nbsubmit_req:LifeType",
                        "properties" : {
                          "Coverage" : {
                            "type" : "array",
                            "items" : {
                              "type" : "object",
                              "id" : "urn:jsonschema:org:acord:standards:life:_2:xml:nbsubmit_req:CoverageType",
                              "properties" : {
                                "DeathBenefitOptType" : {
                                  "type" : "object",
                                  "id" : "urn:jsonschema:org:acord:standards:life:_2:xml:nbsubmit_req:OLILUDTHBENETYPE",
                                  "properties" : {
                                    "@tc" : {
                                      "type" : "string"
                                    },
                                    "$" : {
                                      "type" : "string"
                                    }
                                  }
                                },
                                "LifeParticipant" : {
                                  "type" : "array",
                                  "items" : {
                                    "type" : "object",
                                    "id" : "urn:jsonschema:org:acord:standards:life:_2:xml:nbsubmit_req:LifeParticipantType",
                                    "properties" : {
                                      "LifeParticipantRoleCode" : {
                                        "type" : "object",
                                        "id" : "urn:jsonschema:org:acord:standards:life:_2:xml:nbsubmit_req:OLILUPARTICROLE",
                                        "properties" : {
                                          "@tc" : {
                                            "type" : "string"
                                          },
                                          "$" : {
                                            "type" : "string"
                                          }
                                        }
                                      },
                                      "TobaccoPremiumBasis" : {
                                        "type" : "object",
                                        "id" : "urn:jsonschema:org:acord:standards:life:_2:xml:nbsubmit_req:OLILUTOBPREMBASIS",
                                        "properties" : {
                                          "@tc" : {
                                            "type" : "string"
                                          },
                                          "$" : {
                                            "type" : "string"
                                          }
                                        }
                                      },
                                      "UnderwritingClass" : {
                                        "type" : "object",
                                        "id" : "urn:jsonschema:org:acord:standards:life:_2:xml:nbsubmit_req:OLILUUNWRITECLASS",
                                        "properties" : {
                                          "@tc" : {
                                            "type" : "string"
                                          },
                                          "$" : {
                                            "type" : "string"
                                          }
                                        }
                                      }
                                    }
                                  }
                                },
                                "CovOption" : {
                                  "type" : "any"
                                }
                              }
                            }
                          },
                          "LifeUSA" : {
                            "type" : "object",
                            "id" : "urn:jsonschema:org:acord:standards:life:_2:xml:nbsubmit_req:LifeUSAType",
                            "properties" : {
                              "DefLifeInsMethod" : {
                                "type" : "object",
                                "id" : "urn:jsonschema:org:acord:standards:life:_2:xml:nbsubmit_req:OLILULIFETEST",
                                "properties" : {
                                  "@tc" : {
                                    "type" : "string"
                                  },
                                  "$" : {
                                    "type" : "string"
                                  }
                                }
                              },
                              "MECInd" : {
                                "type" : "object",
                                "id" : "urn:jsonschema:org:acord:standards:life:_2:xml:nbsubmit_req:OLILUBOOLEAN",
                                "properties" : {
                                  "@tc" : {
                                    "type" : "string"
                                  },
                                  "$" : {
                                    "type" : "string"
                                  }
                                }
                              }
                            }
                          },
                          "InitDepositAmt" : {
                            "type" : "number"
                          },
                          "InitialPremAmt" : {
                            "type" : "number"
                          },
                          "InitCovAmt" : {
                            "type" : "number"
                          },
                          "FaceAmt" : {
                            "type" : "number"
                          },
                          "CWAAmt" : {
                            "type" : "number"
                          }
                        }
                      },
                      "Annuity" : {
                        "type" : "object",
                        "id" : "urn:jsonschema:org:acord:standards:life:_2:xml:nbsubmit_req:AnnuityType",
                        "properties" : {
                          "QualPlanType" : {
                            "type" : "object",
                            "id" : "urn:jsonschema:org:acord:standards:life:_2:xml:nbsubmit_req:OLILUQUALPLAN",
                            "properties" : {
                              "@tc" : {
                                "type" : "string"
                              },
                              "$" : {
                                "type" : "string"
                              }
                            }
                          },
                          "InitDepositDate" : {
                            "type" : "string"
                          },
                          "Payout" : {
                            "type" : "array",
                            "items" : {
                              "type" : "object",
                              "id" : "urn:jsonschema:org:acord:standards:life:_2:xml:nbsubmit_req:PayoutType",
                              "properties" : {
                                "AnnuityStartingDate" : {
                                  "type" : "string"
                                },
                                "PayoutMode" : {
                                  "type" : "object",
                                  "id" : "urn:jsonschema:org:acord:standards:life:_2:xml:nbsubmit_req:OLILUPAYMODE",
                                  "properties" : {
                                    "@tc" : {
                                      "type" : "string",
                                      "enum" : [ "1", "2", "3", "4", "5", "7", "15", "99" ]
                                    },
                                    "$" : {
                                      "type" : "string"
                                    }
                                  }
                                }
                              }
                            }
                          }
                        }
                      },
                      "AnnuityProduct" : {
                        "type" : "object",
                        "id" : "urn:jsonschema:org:acord:standards:life:_2:xml:nbsubmit_req:AnnuityProductType",
                        "properties" : {
                          "FeatureProduct" : {
                            "type" : "object",
                            "id" : "urn:jsonschema:org:acord:standards:life:_2:xml:nbsubmit_req:FeatureProductType",
                            "properties" : {
                              "FeatureCode" : {
                                "type" : "string",
                                "required" : true
                              },
                              "Name" : {
                                "type" : "string"
                              },
                              "FeatureOptProduct" : {
                                "type" : "object",
                                "id" : "urn:jsonschema:org:acord:standards:life:_2:xml:nbsubmit_req:FeatureOptProductType",
                                "required" : true,
                                "properties" : {
                                  "ProductCode" : {
                                    "type" : "string",
                                    "required" : true
                                  },
                                  "Name" : {
                                    "type" : "string"
                                  }
                                }
                              }
                            }
                          }
                        }
                      },
                      "ApplicationInfo" : {
                        "type" : "object",
                        "id" : "urn:jsonschema:org:acord:standards:life:_2:xml:nbsubmit_req:ApplicationInfoType",
                        "properties" : {
                          "HOAssignedAppNumber" : {
                            "type" : "string"
                          },
                          "TrackingID" : {
                            "type" : "string"
                          },
                          "ApplicationJurisdiction" : {
                            "type" : "object",
                            "id" : "urn:jsonschema:org:acord:standards:life:_2:xml:nbsubmit_req:OLILUSTATE",
                            "properties" : {
                              "@tc" : {
                                "type" : "string"
                              },
                              "$" : {
                                "type" : "string"
                              }
                            }
                          },
                          "SignedDate" : {
                            "type" : "string"
                          },
                          "HOReceiptDate" : {
                            "type" : "string"
                          },
                          "SignatureInfo" : {
                            "type" : "array",
                            "items" : {
                              "type" : "object",
                              "id" : "urn:jsonschema:org:acord:standards:life:_2:xml:nbsubmit_req:SignatureInfoType",
                              "properties" : {
                                "SignatureDate" : {
                                  "type" : "string"
                                }
                              }
                            }
                          }
                        }
                      },
                      "OLifEExtension" : {
                        "type" : "array",
                        "items" : {
                          "type" : "object",
                          "id" : "urn:jsonschema:org:acord:standards:life:_2:xml:nbsubmit_req:OLifEExtensionType",
                          "properties" : {
                            "@SubAcctID" : {
                              "type" : "any"
                            },
                            "InitDepositAmt" : {
                              "type" : "number"
                            },
                            "DraftDate" : {
                              "type" : "string"
                            },
                            "CaseIGO" : {
                              "type" : "array",
                              "items" : {
                                "type" : "string"
                              }
                            },
                            "BackupWithholdingIndicator" : {
                              "type" : "array",
                              "items" : {
                                "type" : "object",
                                "id" : "urn:jsonschema:org:acord:standards:life:_2:xml:nbsubmit_req:IndicatorType",
                                "properties" : {
                                  "@tc" : {
                                    "type" : "string",
                                    "enum" : [ "0", "1" ]
                                  },
                                  "$" : {
                                    "type" : "string"
                                  }
                                }
                              }
                            },
                            "eDeliveryOptOutOptionIndicator" : {
                              "type" : "array",
                              "items" : {
                                "type" : "object",
                                "id" : "urn:jsonschema:org:acord:standards:life:_2:xml:nbsubmit_req:IndicatorType",
                                "properties" : {
                                  "@tc" : {
                                    "type" : "string",
                                    "enum" : [ "0", "1" ]
                                  },
                                  "$" : {
                                    "type" : "string"
                                  }
                                }
                              }
                            },
                            "BDValidationDate" : {
                              "type" : "array",
                              "items" : {
                                "type" : "string"
                              }
                            }
                          }
                        }
                      }
                    }
                  },
                  "Investment" : {
                    "type" : "object",
                    "id" : "urn:jsonschema:org:acord:standards:life:_2:xml:nbsubmit_req:InvestmentType",
                    "properties" : {
                      "SubAccount" : {
                        "type" : "array",
                        "items" : {
                          "type" : "object",
                          "id" : "urn:jsonschema:org:acord:standards:life:_2:xml:nbsubmit_req:SubAccountType",
                          "properties" : {
                            "@id" : {
                              "type" : "string"
                            },
                            "ProductCode" : {
                              "type" : "string"
                            },
                            "ProductFullName" : {
                              "type" : "string"
                            },
                            "InvestType" : {
                              "type" : "object",
                              "id" : "urn:jsonschema:org:acord:standards:life:_2:xml:nbsubmit_req:OLILUINVESTPROD",
                              "properties" : {
                                "@tc" : {
                                  "type" : "string"
                                },
                                "$" : {
                                  "type" : "string"
                                }
                              }
                            },
                            "AllocPercent" : {
                              "type" : "number"
                            },
                            "FinancialActivity" : {
                              "type" : "array",
                              "items" : {
                                "type" : "object",
                                "id" : "urn:jsonschema:org:acord:standards:life:_2:xml:nbsubmit_req:FinancialActivityType",
                                "properties" : {
                                  "FinActivityType" : {
                                    "type" : "object",
                                    "id" : "urn:jsonschema:org:acord:standards:life:_2:xml:nbsubmit_req:OLILUFINACTTYPE",
                                    "properties" : {
                                      "@tc" : {
                                        "type" : "string"
                                      },
                                      "$" : {
                                        "type" : "string"
                                      }
                                    }
                                  }
                                }
                              }
                            }
                          }
                        }
                      }
                    }
                  },
                  "Arrangement" : {
                    "type" : "array",
                    "items" : {
                      "type" : "object",
                      "id" : "urn:jsonschema:org:acord:standards:life:_2:xml:nbsubmit_req:ArrangementType",
                      "properties" : {
                        "ArrMode" : {
                          "type" : "object",
                          "id" : "urn:jsonschema:org:acord:standards:life:_2:xml:nbsubmit_req:OLILUPAYMODE",
                          "required" : true,
                          "properties" : {
                            "@tc" : {
                              "type" : "string",
                              "enum" : [ "1", "2", "3", "4", "5", "7", "15", "99" ]
                            },
                            "$" : {
                              "type" : "string"
                            }
                          }
                        },
                        "ArrType" : {
                          "type" : "object",
                          "id" : "urn:jsonschema:org:acord:standards:life:_2:xml:nbsubmit_req:OLILUARRTYPE",
                          "required" : true,
                          "properties" : {
                            "@tc" : {
                              "type" : "string",
                              "enum" : [ "2", "3", "22", "54" ]
                            },
                            "$" : {
                              "type" : "string"
                            }
                          }
                        },
                        "ArrSubType" : {
                          "type" : "object",
                          "id" : "urn:jsonschema:org:acord:standards:life:_2:xml:nbsubmit_req:OLILUARRSUBTYPE",
                          "properties" : {
                            "@tc" : {
                              "type" : "string"
                            },
                            "$" : {
                              "type" : "string"
                            }
                          }
                        },
                        "StartDate" : {
                          "type" : "string",
                          "required" : true
                        },
                        "EndDate" : {
                          "type" : "string",
                          "required" : true
                        },
                        "ModalAmt" : {
                          "type" : "number",
                          "required" : true
                        },
                        "NumOfModalOccurrences" : {
                          "type" : "number"
                        },
                        "DayOfMonth" : {
                          "type" : "object",
                          "id" : "urn:jsonschema:org:acord:standards:life:_2:xml:nbsubmit_req:DayofMonthType",
                          "properties" : {
                            "@tc" : {
                              "type" : "string",
                              "enum" : [ "1", "2" ]
                            },
                            "$" : {
                              "type" : "string"
                            }
                          }
                        },
                        "BusinessDayOfMonth" : {
                          "type" : "object",
                          "id" : "urn:jsonschema:org:acord:standards:life:_2:xml:nbsubmit_req:OLILUALLOWEDDAY",
                          "properties" : {
                            "@tc" : {
                              "type" : "string",
                              "enum" : [ "1", "2", "3", "4" ]
                            },
                            "$" : {
                              "type" : "string"
                            }
                          }
                        },
                        "ArrSource" : {
                          "type" : "object",
                          "id" : "urn:jsonschema:org:acord:standards:life:_2:xml:nbsubmit_req:ArrSourceType",
                          "properties" : {
                            "@SubAcctID" : {
                              "type" : "string"
                            },
                            "ProductCode" : {
                              "type" : "string"
                            },
                            "TransferPct" : {
                              "type" : "number"
                            }
                          }
                        },
                        "ArrDestination" : {
                          "type" : "object",
                          "id" : "urn:jsonschema:org:acord:standards:life:_2:xml:nbsubmit_req:ArrDestinationType",
                          "properties" : {
                            "@SubAcctID" : {
                              "type" : "string"
                            },
                            "ProductCode" : {
                              "type" : "string"
                            },
                            "TransferPct" : {
                              "type" : "number"
                            }
                          }
                        },
                        "OLifEExtension" : {
                          "type" : "array",
                          "items" : {
                            "type" : "object",
                            "id" : "urn:jsonschema:org:acord:standards:life:_2:xml:nbsubmit_req:OLifEExtensionType",
                            "properties" : {
                              "@SubAcctID" : {
                                "type" : "any"
                              },
                              "InitDepositAmt" : {
                                "type" : "number"
                              },
                              "DraftDate" : {
                                "type" : "string"
                              },
                              "CaseIGO" : {
                                "type" : "array",
                                "items" : {
                                  "type" : "string"
                                }
                              },
                              "BackupWithholdingIndicator" : {
                                "type" : "array",
                                "items" : {
                                  "type" : "object",
                                  "id" : "urn:jsonschema:org:acord:standards:life:_2:xml:nbsubmit_req:IndicatorType",
                                  "properties" : {
                                    "@tc" : {
                                      "type" : "string",
                                      "enum" : [ "0", "1" ]
                                    },
                                    "$" : {
                                      "type" : "string"
                                    }
                                  }
                                }
                              },
                              "eDeliveryOptOutOptionIndicator" : {
                                "type" : "array",
                                "items" : {
                                  "type" : "object",
                                  "id" : "urn:jsonschema:org:acord:standards:life:_2:xml:nbsubmit_req:IndicatorType",
                                  "properties" : {
                                    "@tc" : {
                                      "type" : "string",
                                      "enum" : [ "0", "1" ]
                                    },
                                    "$" : {
                                      "type" : "string"
                                    }
                                  }
                                }
                              },
                              "BDValidationDate" : {
                                "type" : "array",
                                "items" : {
                                  "type" : "string"
                                }
                              }
                            }
                          }
                        }
                      }
                    }
                  },
                  "Banking" : {
                    "type" : "object",
                    "id" : "urn:jsonschema:org:acord:standards:life:_2:xml:nbsubmit_req:BankingType",
                    "properties" : {
                      "BankAcctType" : {
                        "type" : "object",
                        "id" : "urn:jsonschema:org:acord:standards:life:_2:xml:nbsubmit_req:OLILUBANKACCTTYPE",
                        "required" : true,
                        "properties" : {
                          "@tc" : {
                            "type" : "string"
                          },
                          "$" : {
                            "type" : "string"
                          }
                        }
                      },
                      "AccountNumber" : {
                        "type" : "string",
                        "required" : true
                      },
                      "RoutingNum" : {
                        "type" : "string"
                      },
                      "AcctHolderName" : {
                        "type" : "string",
                        "required" : true
                      },
                      "BankName" : {
                        "type" : "string"
                      },
                      "BankingDescriptor" : {
                        "type" : "object",
                        "id" : "urn:jsonschema:org:acord:standards:life:_2:xml:nbsubmit_req:BANKINGDESCRIPTORTYPE",
                        "properties" : {
                          "@tc" : {
                            "type" : "string"
                          },
                          "$" : {
                            "type" : "string"
                          }
                        }
                      }
                    }
                  }
                }
              }
            },
            "Party" : {
              "type" : "array",
              "required" : true,
              "items" : {
                "type" : "object",
                "id" : "urn:jsonschema:org:acord:standards:life:_2:xml:nbsubmit_req:PartyType",
                "properties" : {
                  "@id" : {
                    "type" : "string"
                  },
                  "PartyTypeCode" : {
                    "type" : "object",
                    "id" : "urn:jsonschema:org:acord:standards:life:_2:xml:nbsubmit_req:OLILUPARTY",
                    "properties" : {
                      "@tc" : {
                        "type" : "string"
                      },
                      "$" : {
                        "type" : "string"
                      }
                    }
                  },
                  "FullName" : {
                    "type" : "string"
                  },
                  "GovtID" : {
                    "type" : "integer"
                  },
                  "GovtIDTC" : {
                    "type" : "object",
                    "id" : "urn:jsonschema:org:acord:standards:life:_2:xml:nbsubmit_req:OLILUGOVTIDTC",
                    "properties" : {
                      "@tc" : {
                        "type" : "string"
                      },
                      "$" : {
                        "type" : "string"
                      }
                    }
                  },
                  "GovtIDCertificationDate" : {
                    "type" : "string"
                  },
                  "ResidenceCountry" : {
                    "type" : "object",
                    "id" : "urn:jsonschema:org:acord:standards:life:_2:xml:nbsubmit_req:OLILUNATION",
                    "properties" : {
                      "@tc" : {
                        "type" : "string"
                      },
                      "$" : {
                        "type" : "string"
                      }
                    }
                  },
                  "Person" : {
                    "type" : "object",
                    "id" : "urn:jsonschema:org:acord:standards:life:_2:xml:nbsubmit_req:PersonType",
                    "properties" : {
                      "PersonKey" : {
                        "type" : "object",
                        "id" : "urn:jsonschema:org:acord:standards:life:_2:xml:nbsubmit_req:PERSISTKEY",
                        "properties" : {
                          "@Persist" : {
                            "type" : "string"
                          },
                          "@SystemCode" : {
                            "type" : "string"
                          },
                          "@VendorCode" : {
                            "type" : "string"
                          },
                          "$" : {
                            "type" : "string"
                          }
                        }
                      },
                      "PersonSysKey" : {
                        "type" : "array",
                        "items" : {
                          "type" : "object",
                          "id" : "urn:jsonschema:org:acord:standards:life:_2:xml:nbsubmit_req:SYSKEY",
                          "properties" : {
                            "@Persist" : {
                              "type" : "string"
                            },
                            "@SystemCode" : {
                              "type" : "string"
                            },
                            "@VendorCode" : {
                              "type" : "string"
                            },
                            "$" : {
                              "type" : "string"
                            }
                          }
                        }
                      },
                      "FirstName" : {
                        "type" : "string",
                        "required" : true
                      },
                      "MiddleName" : {
                        "type" : "string"
                      },
                      "LastName" : {
                        "type" : "string",
                        "required" : true
                      },
                      "Prefix" : {
                        "type" : "string",
                        "enum" : [ "Dr.", "Mr.", "Mrs.", "Ms.", "Miss" ]
                      },
                      "Suffix" : {
                        "type" : "string",
                        "enum" : [ "Esq", "I", "II", "III", "IV", "Jr", "MD", "PhD", "RN", "Sr" ]
                      },
                      "MarStat" : {
                        "type" : "object",
                        "id" : "urn:jsonschema:org:acord:standards:life:_2:xml:nbsubmit_req:OLILUMARSTAT",
                        "properties" : {
                          "@tc" : {
                            "type" : "string"
                          },
                          "$" : {
                            "type" : "string"
                          }
                        }
                      },
                      "Gender" : {
                        "type" : "object",
                        "id" : "urn:jsonschema:org:acord:standards:life:_2:xml:nbsubmit_req:OLILUGENDER",
                        "properties" : {
                          "@tc" : {
                            "type" : "string"
                          },
                          "$" : {
                            "type" : "string"
                          }
                        }
                      },
                      "BirthDate" : {
                        "type" : "string"
                      },
                      "Citizenship" : {
                        "type" : "object",
                        "id" : "urn:jsonschema:org:acord:standards:life:_2:xml:nbsubmit_req:OLILUNATION",
                        "properties" : {
                          "@tc" : {
                            "type" : "string"
                          },
                          "$" : {
                            "type" : "string"
                          }
                        }
                      },
                      "EstGrossAnnualOtherIncome" : {
                        "type" : "number"
                      },
                      "NonResidentAlienInd" : {
                        "type" : "object",
                        "id" : "urn:jsonschema:org:acord:standards:life:_2:xml:nbsubmit_req:OLILUBOOLEAN",
                        "properties" : {
                          "@tc" : {
                            "type" : "string"
                          },
                          "$" : {
                            "type" : "string"
                          }
                        }
                      },
                      "Occupation" : {
                        "type" : "string"
                      },
                      "OLifEExtension" : {
                        "type" : "array",
                        "items" : {
                          "type" : "object",
                          "id" : "urn:jsonschema:org:acord:standards:life:_2:xml:nbsubmit_req:OLifEExtensionType",
                          "properties" : {
                            "@SubAcctID" : {
                              "type" : "any"
                            },
                            "InitDepositAmt" : {
                              "type" : "number"
                            },
                            "DraftDate" : {
                              "type" : "string"
                            },
                            "CaseIGO" : {
                              "type" : "array",
                              "items" : {
                                "type" : "string"
                              }
                            },
                            "BackupWithholdingIndicator" : {
                              "type" : "array",
                              "items" : {
                                "type" : "object",
                                "id" : "urn:jsonschema:org:acord:standards:life:_2:xml:nbsubmit_req:IndicatorType",
                                "properties" : {
                                  "@tc" : {
                                    "type" : "string",
                                    "enum" : [ "0", "1" ]
                                  },
                                  "$" : {
                                    "type" : "string"
                                  }
                                }
                              }
                            },
                            "eDeliveryOptOutOptionIndicator" : {
                              "type" : "array",
                              "items" : {
                                "type" : "object",
                                "id" : "urn:jsonschema:org:acord:standards:life:_2:xml:nbsubmit_req:IndicatorType",
                                "properties" : {
                                  "@tc" : {
                                    "type" : "string",
                                    "enum" : [ "0", "1" ]
                                  },
                                  "$" : {
                                    "type" : "string"
                                  }
                                }
                              }
                            },
                            "BDValidationDate" : {
                              "type" : "array",
                              "items" : {
                                "type" : "string"
                              }
                            }
                          }
                        }
                      }
                    }
                  },
                  "Organization" : {
                    "type" : "object",
                    "id" : "urn:jsonschema:org:acord:standards:life:_2:xml:nbsubmit_req:OrganizationType",
                    "properties" : {
                      "OrganizationKey" : {
                        "type" : "object",
                        "id" : "urn:jsonschema:org:acord:standards:life:_2:xml:nbsubmit_req:PERSISTKEY",
                        "properties" : {
                          "@Persist" : {
                            "type" : "string"
                          },
                          "@SystemCode" : {
                            "type" : "string"
                          },
                          "@VendorCode" : {
                            "type" : "string"
                          },
                          "$" : {
                            "type" : "string"
                          }
                        }
                      },
                      "OrganizationSysKey" : {
                        "type" : "array",
                        "items" : {
                          "type" : "object",
                          "id" : "urn:jsonschema:org:acord:standards:life:_2:xml:nbsubmit_req:SYSKEY",
                          "properties" : {
                            "@Persist" : {
                              "type" : "string"
                            },
                            "@SystemCode" : {
                              "type" : "string"
                            },
                            "@VendorCode" : {
                              "type" : "string"
                            },
                            "$" : {
                              "type" : "string"
                            }
                          }
                        }
                      },
                      "OrgForm" : {
                        "type" : "object",
                        "id" : "urn:jsonschema:org:acord:standards:life:_2:xml:nbsubmit_req:OLILUORGFORM",
                        "properties" : {
                          "@tc" : {
                            "type" : "string"
                          },
                          "$" : {
                            "type" : "string"
                          }
                        }
                      },
                      "TrustType" : {
                        "type" : "object",
                        "id" : "urn:jsonschema:org:acord:standards:life:_2:xml:nbsubmit_req:OLILUTRUSTTYPE",
                        "properties" : {
                          "@tc" : {
                            "type" : "string"
                          },
                          "$" : {
                            "type" : "string"
                          }
                        }
                      },
                      "EstabDate" : {
                        "type" : "string"
                      },
                      "@id" : {
                        "type" : "string"
                      },
                      "@DataRep" : {
                        "type" : "string"
                      }
                    }
                  },
                  "Address" : {
                    "type" : "array",
                    "items" : {
                      "type" : "object",
                      "id" : "urn:jsonschema:org:acord:standards:life:_2:xml:nbsubmit_req:AddressType",
                      "properties" : {
                        "AddressKey" : {
                          "type" : "object",
                          "id" : "urn:jsonschema:org:acord:standards:life:_2:xml:nbsubmit_req:PERSISTKEY",
                          "properties" : {
                            "@Persist" : {
                              "type" : "string"
                            },
                            "@SystemCode" : {
                              "type" : "string"
                            },
                            "@VendorCode" : {
                              "type" : "string"
                            },
                            "$" : {
                              "type" : "string"
                            }
                          }
                        },
                        "AddressSysKey" : {
                          "type" : "array",
                          "items" : {
                            "type" : "object",
                            "id" : "urn:jsonschema:org:acord:standards:life:_2:xml:nbsubmit_req:SYSKEY",
                            "properties" : {
                              "@Persist" : {
                                "type" : "string"
                              },
                              "@SystemCode" : {
                                "type" : "string"
                              },
                              "@VendorCode" : {
                                "type" : "string"
                              },
                              "$" : {
                                "type" : "string"
                              }
                            }
                          }
                        },
                        "AddressTypeCode" : {
                          "type" : "object",
                          "id" : "urn:jsonschema:org:acord:standards:life:_2:xml:nbsubmit_req:OLILUADTYPE",
                          "required" : true,
                          "properties" : {
                            "@tc" : {
                              "type" : "string"
                            },
                            "$" : {
                              "type" : "string"
                            }
                          }
                        },
                        "Line1" : {
                          "type" : "string"
                        },
                        "Line2" : {
                          "type" : "string"
                        },
                        "Line3" : {
                          "type" : "string"
                        },
                        "City" : {
                          "type" : "string"
                        },
                        "AddressStateTC" : {
                          "type" : "object",
                          "id" : "urn:jsonschema:org:acord:standards:life:_2:xml:nbsubmit_req:OLILUSTATE",
                          "properties" : {
                            "@tc" : {
                              "type" : "string"
                            },
                            "$" : {
                              "type" : "string"
                            }
                          }
                        },
                        "Zip" : {
                          "type" : "string"
                        },
                        "AddressCountryTC" : {
                          "type" : "object",
                          "id" : "urn:jsonschema:org:acord:standards:life:_2:xml:nbsubmit_req:OLILUNATION",
                          "properties" : {
                            "@tc" : {
                              "type" : "string"
                            },
                            "$" : {
                              "type" : "string"
                            }
                          }
                        },
                        "PrefAddr" : {
                          "type" : "object",
                          "id" : "urn:jsonschema:org:acord:standards:life:_2:xml:nbsubmit_req:OLILUBOOLEAN",
                          "properties" : {
                            "@tc" : {
                              "type" : "string"
                            },
                            "$" : {
                              "type" : "string"
                            }
                          }
                        },
                        "StartDate" : {
                          "type" : "string"
                        },
                        "EndDate" : {
                          "type" : "string"
                        },
                        "SolicitationInd" : {
                          "type" : "object",
                          "id" : "urn:jsonschema:org:acord:standards:life:_2:xml:nbsubmit_req:OLILUBOOLEAN",
                          "properties" : {
                            "@tc" : {
                              "type" : "string"
                            },
                            "$" : {
                              "type" : "string"
                            }
                          }
                        },
                        "PostalDropCode" : {
                          "type" : "string"
                        },
                        "AddressValidInd" : {
                          "type" : "object",
                          "id" : "urn:jsonschema:org:acord:standards:life:_2:xml:nbsubmit_req:OLILUBOOLEAN",
                          "properties" : {
                            "@tc" : {
                              "type" : "string"
                            },
                            "$" : {
                              "type" : "string"
                            }
                          }
                        }
                      }
                    }
                  },
                  "Phone" : {
                    "type" : "array",
                    "items" : {
                      "type" : "object",
                      "id" : "urn:jsonschema:org:acord:standards:life:_2:xml:nbsubmit_req:PhoneType",
                      "properties" : {
                        "PhoneKey" : {
                          "type" : "object",
                          "id" : "urn:jsonschema:org:acord:standards:life:_2:xml:nbsubmit_req:PERSISTKEY",
                          "properties" : {
                            "@Persist" : {
                              "type" : "string"
                            },
                            "@SystemCode" : {
                              "type" : "string"
                            },
                            "@VendorCode" : {
                              "type" : "string"
                            },
                            "$" : {
                              "type" : "string"
                            }
                          }
                        },
                        "PhoneSysKey" : {
                          "type" : "array",
                          "items" : {
                            "type" : "object",
                            "id" : "urn:jsonschema:org:acord:standards:life:_2:xml:nbsubmit_req:SYSKEY",
                            "properties" : {
                              "@Persist" : {
                                "type" : "string"
                              },
                              "@SystemCode" : {
                                "type" : "string"
                              },
                              "@VendorCode" : {
                                "type" : "string"
                              },
                              "$" : {
                                "type" : "string"
                              }
                            }
                          }
                        },
                        "PhoneTypeCode" : {
                          "type" : "object",
                          "id" : "urn:jsonschema:org:acord:standards:life:_2:xml:nbsubmit_req:OLILUPHONETYPE",
                          "properties" : {
                            "@tc" : {
                              "type" : "string"
                            },
                            "$" : {
                              "type" : "string"
                            }
                          }
                        },
                        "AreaCode" : {
                          "type" : "string"
                        },
                        "DialNumber" : {
                          "type" : "string"
                        },
                        "SolicitationInd" : {
                          "type" : "object",
                          "id" : "urn:jsonschema:org:acord:standards:life:_2:xml:nbsubmit_req:OLILUBOOLEAN",
                          "properties" : {
                            "@tc" : {
                              "type" : "string"
                            },
                            "$" : {
                              "type" : "string"
                            }
                          }
                        },
                        "PhoneCountryTC" : {
                          "type" : "object",
                          "id" : "urn:jsonschema:org:acord:standards:life:_2:xml:nbsubmit_req:OLILUNATION",
                          "properties" : {
                            "@tc" : {
                              "type" : "string"
                            },
                            "$" : {
                              "type" : "string"
                            }
                          }
                        }
                      }
                    }
                  },
                  "Producer" : {
                    "type" : "object",
                    "id" : "urn:jsonschema:org:acord:standards:life:_2:xml:nbsubmit_req:ProducerType",
                    "properties" : {
                      "NIPRNumber" : {
                        "type" : "string"
                      }
                    }
                  },
                  "EMailAddress" : {
                    "type" : "array",
                    "items" : {
                      "type" : "object",
                      "id" : "urn:jsonschema:org:acord:standards:life:_2:xml:nbsubmit_req:EMailAddressType",
                      "properties" : {
                        "EMailAddressKey" : {
                          "type" : "object",
                          "id" : "urn:jsonschema:org:acord:standards:life:_2:xml:nbsubmit_req:PERSISTKEY",
                          "properties" : {
                            "@Persist" : {
                              "type" : "string"
                            },
                            "@SystemCode" : {
                              "type" : "string"
                            },
                            "@VendorCode" : {
                              "type" : "string"
                            },
                            "$" : {
                              "type" : "string"
                            }
                          }
                        },
                        "EMailAddressSysKey" : {
                          "type" : "array",
                          "items" : {
                            "type" : "object",
                            "id" : "urn:jsonschema:org:acord:standards:life:_2:xml:nbsubmit_req:SYSKEY",
                            "properties" : {
                              "@Persist" : {
                                "type" : "string"
                              },
                              "@SystemCode" : {
                                "type" : "string"
                              },
                              "@VendorCode" : {
                                "type" : "string"
                              },
                              "$" : {
                                "type" : "string"
                              }
                            }
                          }
                        },
                        "EMailType" : {
                          "type" : "object",
                          "id" : "urn:jsonschema:org:acord:standards:life:_2:xml:nbsubmit_req:OLILUEMAILTYPE",
                          "properties" : {
                            "@tc" : {
                              "type" : "string"
                            },
                            "$" : {
                              "type" : "string"
                            }
                          }
                        },
                        "AddrLine" : {
                          "type" : "string"
                        },
                        "SolicitationInd" : {
                          "type" : "object",
                          "id" : "urn:jsonschema:org:acord:standards:life:_2:xml:nbsubmit_req:OLILUBOOLEAN",
                          "properties" : {
                            "@tc" : {
                              "type" : "string"
                            },
                            "$" : {
                              "type" : "string"
                            }
                          }
                        }
                      }
                    }
                  },
                  "Employment" : {
                    "type" : "array",
                    "items" : {
                      "type" : "object",
                      "id" : "urn:jsonschema:org:acord:standards:life:_2:xml:nbsubmit_req:EmploymentType",
                      "properties" : {
                        "EmploymentKey" : {
                          "type" : "object",
                          "id" : "urn:jsonschema:org:acord:standards:life:_2:xml:nbsubmit_req:PERSISTKEY",
                          "properties" : {
                            "@Persist" : {
                              "type" : "string"
                            },
                            "@SystemCode" : {
                              "type" : "string"
                            },
                            "@VendorCode" : {
                              "type" : "string"
                            },
                            "$" : {
                              "type" : "string"
                            }
                          }
                        },
                        "EmploymentSysKey" : {
                          "type" : "array",
                          "items" : {
                            "type" : "object",
                            "id" : "urn:jsonschema:org:acord:standards:life:_2:xml:nbsubmit_req:SYSKEY",
                            "properties" : {
                              "@Persist" : {
                                "type" : "string"
                              },
                              "@SystemCode" : {
                                "type" : "string"
                              },
                              "@VendorCode" : {
                                "type" : "string"
                              },
                              "$" : {
                                "type" : "string"
                              }
                            }
                          }
                        },
                        "EmployeeID" : {
                          "type" : "string"
                        },
                        "Pay" : {
                          "type" : "array",
                          "items" : {
                            "type" : "object",
                            "id" : "urn:jsonschema:org:acord:standards:life:_2:xml:nbsubmit_req:PayType",
                            "properties" : {
                              "PayrollDeduction" : {
                                "type" : "array",
                                "items" : {
                                  "type" : "object",
                                  "id" : "urn:jsonschema:org:acord:standards:life:_2:xml:nbsubmit_req:PayrollDeductionType",
                                  "properties" : {
                                    "PayrollDeductionAmt" : {
                                      "type" : "number"
                                    }
                                  }
                                }
                              }
                            }
                          }
                        }
                      }
                    }
                  },
                  "OLifEExtension" : {
                    "type" : "array",
                    "items" : {
                      "type" : "object",
                      "id" : "urn:jsonschema:org:acord:standards:life:_2:xml:nbsubmit_req:OLifEExtensionType",
                      "properties" : {
                        "@SubAcctID" : {
                          "type" : "any"
                        },
                        "InitDepositAmt" : {
                          "type" : "number"
                        },
                        "DraftDate" : {
                          "type" : "string"
                        },
                        "CaseIGO" : {
                          "type" : "array",
                          "items" : {
                            "type" : "string"
                          }
                        },
                        "BackupWithholdingIndicator" : {
                          "type" : "array",
                          "items" : {
                            "type" : "object",
                            "id" : "urn:jsonschema:org:acord:standards:life:_2:xml:nbsubmit_req:IndicatorType",
                            "properties" : {
                              "@tc" : {
                                "type" : "string",
                                "enum" : [ "0", "1" ]
                              },
                              "$" : {
                                "type" : "string"
                              }
                            }
                          }
                        },
                        "eDeliveryOptOutOptionIndicator" : {
                          "type" : "array",
                          "items" : {
                            "type" : "object",
                            "id" : "urn:jsonschema:org:acord:standards:life:_2:xml:nbsubmit_req:IndicatorType",
                            "properties" : {
                              "@tc" : {
                                "type" : "string",
                                "enum" : [ "0", "1" ]
                              },
                              "$" : {
                                "type" : "string"
                              }
                            }
                          }
                        },
                        "BDValidationDate" : {
                          "type" : "array",
                          "items" : {
                            "type" : "string"
                          }
                        }
                      }
                    }
                  }
                }
              }
            },
            "Relation" : {
              "type" : "array",
              "required" : true,
              "items" : {
                "type" : "object",
                "id" : "urn:jsonschema:org:acord:standards:life:_2:xml:nbsubmit_req:RelationType",
                "properties" : {
                  "@id" : {
                    "type" : "string"
                  },
                  "@OriginatingObjectID" : {
                    "type" : "any"
                  },
                  "@RelatedObjectID" : {
                    "type" : "any"
                  },
                  "OriginatingObjectType" : {
                    "type" : "object",
                    "id" : "urn:jsonschema:org:acord:standards:life:_2:xml:nbsubmit_req:OLILUOBJECTTYPE",
                    "properties" : {
                      "@tc" : {
                        "type" : "string"
                      },
                      "$" : {
                        "type" : "string"
                      }
                    }
                  },
                  "RelatedObjectType" : {
                    "type" : "object",
                    "id" : "urn:jsonschema:org:acord:standards:life:_2:xml:nbsubmit_req:OLILUOBJECTTYPE",
                    "properties" : {
                      "@tc" : {
                        "type" : "string"
                      },
                      "$" : {
                        "type" : "string"
                      }
                    }
                  },
                  "RelationRoleCode" : {
                    "type" : "object",
                    "id" : "urn:jsonschema:org:acord:standards:life:_2:xml:nbsubmit_req:OLILUREL",
                    "properties" : {
                      "@tc" : {
                        "type" : "string"
                      },
                      "$" : {
                        "type" : "string"
                      }
                    }
                  },
                  "InterestPercent" : {
                    "type" : "number"
                  }
                }
              }
            },
            "OLifEExtension" : {
              "type" : "array",
              "items" : {
                "type" : "object",
                "id" : "urn:jsonschema:org:acord:standards:life:_2:xml:nbsubmit_req:OLifEExtensionType",
                "properties" : {
                  "@SubAcctID" : {
                    "type" : "any"
                  },
                  "InitDepositAmt" : {
                    "type" : "number"
                  },
                  "DraftDate" : {
                    "type" : "string"
                  },
                  "CaseIGO" : {
                    "type" : "array",
                    "items" : {
                      "type" : "string"
                    }
                  },
                  "BackupWithholdingIndicator" : {
                    "type" : "array",
                    "items" : {
                      "type" : "object",
                      "id" : "urn:jsonschema:org:acord:standards:life:_2:xml:nbsubmit_req:IndicatorType",
                      "properties" : {
                        "@tc" : {
                          "type" : "string",
                          "enum" : [ "0", "1" ]
                        },
                        "$" : {
                          "type" : "string"
                        }
                      }
                    }
                  },
                  "eDeliveryOptOutOptionIndicator" : {
                    "type" : "array",
                    "items" : {
                      "type" : "object",
                      "id" : "urn:jsonschema:org:acord:standards:life:_2:xml:nbsubmit_req:IndicatorType",
                      "properties" : {
                        "@tc" : {
                          "type" : "string",
                          "enum" : [ "0", "1" ]
                        },
                        "$" : {
                          "type" : "string"
                        }
                      }
                    }
                  },
                  "BDValidationDate" : {
                    "type" : "array",
                    "items" : {
                      "type" : "string"
                    }
                  }
                }
              }
            }
          }
        }
      }
    }
  }
 }
}