{
	"TXLife" : {
		"TXLifeRequest" : {
			"TransEffDate" : "2017-11-03",

			"TransRefGUID" : "9f047109-1be8-4d06-8574-56e61fa3bb06",
			"TransType" : {
				"@tc" : "107",
				"$" : "Arrangement Administration"
			},
			"TransMode" : {
				"@tc" : "2",
				"$" : "Original request"
			},
			"OLifE" : {
				"Holding" : {
					"@id" : "Holding_1",
					"HoldingTypeCode" : {
						"@tc" : "2",
						"$" : "Policy"
					},
					"Policy" : {
						"PolNumber" : "839111",
						"ProductCode" : "839",
						"CarrierCode" : "ABC"
					},
					"Investment" : {
						"@id" : "Investment_1",
						"SubAccount" : [ {
							"@id" : "SubAccount_1",
							"SubAccountKey" : "0D_07"
						}, {
							"@id" : "SubAccount_2",
							"SubAccountKey" : "0L_02"
						} ]
					},
					"Arrangement" : {
						"@id" : "Arrangement_1",
						"ArrMode" : {
							"@tc" : "1",
							"$" : "Annual"
						},
						"ArrType" : {
							"@tc" : "3",
							"$" : "Automatic Asset Rebalancing"
						},
						"ArrSubType" : {
							"@tc" : "17",
							"$" : "Standard Asset Rebalancing"
						},
						"StartDate" : "2017-11-03",
						"EndDate" : "2017-11-03",
						"ModalAmt" : "300",
						"DestTransferAmtType" : {
							"@tc" : "2",
							"$" : "Amount"
						},
						"ArrDestination" : [ {
							"@SubAcctID" : "SubAccount_1",
							"@id" : "ArrDestination_1",
							"TransferAmt" : "150"
						}, {
							"@SubAcctID" : "SubAccount_2",
							"@id" : "ArrDestination_2",
							"TransferAmt" : "150"
						} ]
					}
				}
			}
		}
	}
}
