{
   "TXLifeResponse": {
      "TransRefGUID": "d3ac00aa-6ab6-6769-6fbf-cfe35785d687",
      "TransType": {
         "@tc": "107",
         "#text": "Automatic Asset Rebalancing"
      },
      "TransExeDate": "2017-05-01",
      "TransExeTime": "10:26:55",
      "TransMode": {
         "@tc": "2",
         "#text": "Original request"
      },
      "TransResult": {
         "ResultCode": {
            "@tc": "5",
            "#text": "Failure"
         },
         "ResultInfo": {
            "@id": "ResultInfo_1",
            "ResultInfoDesc": "Invalid operation path followed.Please follow correct path for the opertion"
         }
      }
   }
}
