{
    "TXLife": {
        "TXLifeResponse": {
            "TransRefGUID": "48a41f83-9121-017a-3949-7d13464820bb",
            "TransType": {
                "@tc": "107",
                "$": "Arrangement Administration"
            },
            "TransSubType": {
                "@tc": ""
            },
            "TransExeDate": "2019-04-09-04:00",
            "TransExeTime": "15:53:04.076-04:00",
            "TransResult": {
                "ResultCode": {
                    "@tc": "1",
                    "$": "success"
                },
                "ResultInfo": {
                    "ResultInfoCode": {
                        "@tc": "1",
                        "$": "deleted arrangement"
                    },
                    "ResultInfoDesc": "ok"
                }
            }
        }
    }
}