{
    "TXLife": {
        "TXLifeResponse": {
            "TransRefGUID": "3a352743-8e19-3cc5-80de-b015b800b476",
            "TransType": {
                "@tc": "215",
                "$": "Arrangements Inquiry"
            },
            "TransSubType": {
                "@tc": ""
            },
            "TransExeDate": "2018-11-19-05:00",
            "TransExeTime": "07:41:15.7-05:00",
            "TransResult": {
                "ResultCode": {
                    "@tc": "5",
                    "$": "Failure"
                },
                "ResultInfo": {
                    "ResultInfoCode": {
                        "@tc": "10",
                        "$": "General Error"
                    },
                    "ResultInfoDesc": "Contract does not exist in ALIP."
                }
            }
        }
    }
}