{
    "TXLife": {
        "TXLifeResponse": {
            "TransRefGUID": "c6dc0a5d-2f26-49fc-80dd-3a46010f00ab",
            "TransType": {
                "@tc": "107",
                "$": "Withdrawal"
            },
            "TransSubType": {
                "@tc": ""
            },
            "TransExeDate": "2019-03-27Z",
            "TransExeTime": "14:20:31.797Z",
            "TransResult": {
                "ResultCode": {
                    "@tc": "1",
                    "$": "Success"
                },
                "ResultInfo": {
                    "ResultInfoDesc": "The transaction was processed successfully"
                }
            }
        }
    }
}