<soapenv:Envelope xmlall="http://ACORD.org/Standards/Life/2" xmlprod="http://www.springframework.org/spring-ws/samples" xmlsoapenv="http://schemas.xmlsoap.org/soap/envelope/">
	<soapenv:Header>
		<wsse:Security soapenv:mustUnderstand="1" xmlwsse="http://docs.oasis-open.org/wss/2004/01/oasis-200401-wss-wssecurity-secext-1.0.xsd">
			<wsse:UsernameToken wsu:Id="UsernameToken-49" xmlwsu="http://docs.oasis-open.org/wss/2004/01/oasis-200401-wss-wssecurity-utility-1.0.xsd">
				<wsse:Username>SUPERVIS</wsse:Username>
				<wsse:Password Type="http://docs.oasis-open.org/wss/2004/01/oasis-200401-wss-username-token-profile-1.0#PasswordText">123456</wsse:Password>
				<wsse:Nonce EncodingType="http://docs.oasis-open.org/wss/2004/01/oasis-200401-wss-soap-message-security-1.0#Base64Binary">p5rv4G9XWHJj/cXtH6QwTQ==</wsse:Nonce>
				<wsu:Created>2011-11-16T12:54:20.515Z</wsu:Created>
			</wsse:UsernameToken>
		</wsse:Security>
	</soapenv:Header>
	<soapenv:Body>
		<CustodianTransfer>
		<ns:TXLife xmlns:ns="http://ACORD.org/Standards/Life/2" Version="2.36.00">
  <ns:UserAuthRequest>
    <ns:UserLoginName>some.user</ns:UserLoginName>
  </ns:UserAuthRequest>
  <ns:TXLifeRequest>
    <ns:TransRefGUID>10agent</ns:TransRefGUID>
    <ns:TransType tc="186">Party</ns:TransType>
    <ns:TransExeDate>2017-12-15</ns:TransExeDate>
    <ns:TransExeTime>19:27:14</ns:TransExeTime>
    <ns:OLifE>
      <ns:Holding id="Holding_1">
        <ns:HoldingTypeCode tc="2">Policy</ns:HoldingTypeCode>
        <ns:Policy>
          <ns:PolNumber>086315</ns:PolNumber>
          <ns:ProductCode>15</ns:ProductCode>
          <ns:PlanName>Variable Annuity</ns:PlanName>
        </ns:Policy>
      </ns:Holding>
      <ns:Party id="Party_Custodian">
        <ns:PartyTypeCode tc="2">Organization</ns:PartyTypeCode>
        <ns:FullName>DCBA Pvt Ltd.</ns:FullName>
        <ns:GovtID>459798989</ns:GovtID>
        <ns:Producer>
          <ns:CarrierAppointment>
            <ns:DistributionChannelInfo>
              <ns:DistributionChannelName>ds1</ns:DistributionChannelName>
              <ns:OLifEExtension>
                <ns:ApprovalDate>2017-01-01</ns:ApprovalDate>
                <ns:TerminationDate>2099-09-19</ns:TerminationDate>
              </ns:OLifEExtension>
            </ns:DistributionChannelInfo>
          </ns:CarrierAppointment>
        </ns:Producer>
        <ns:OLifEExtension>
          <ns:Organization>
            <ns:OrgForm>Custodian</ns:OrgForm>
          </ns:Organization>
        </ns:OLifEExtension>
      </ns:Party>
      <ns:Party id="Party_Agent_Writing1">
        <ns:PartyTypeCode tc="1">Person</ns:PartyTypeCode>
        <ns:Producer>
          <ns:NIPRNumber>VL730</ns:NIPRNumber>
        </ns:Producer>
      </ns:Party>
      <ns:Party id="Party_Agent_Writing2">
        <ns:PartyTypeCode tc="1">Person</ns:PartyTypeCode>
        <ns:Producer>
          <ns:NIPRNumber>AR406</ns:NIPRNumber>
        </ns:Producer>
      </ns:Party>
      <ns:Party id="Party_Agent_Servicing">
        <ns:Producer>
          <ns:NIPRNumber>PL444</ns:NIPRNumber>
        </ns:Producer>
      </ns:Party>
      <ns:Relation OriginatingObjectID="Holding_1" RelatedObjectID="Party_Custodian" id="Relation_1">
        <ns:OriginatingObjectType tc="4">Holding</ns:OriginatingObjectType>
        <ns:RelatedObjectType tc="6">Party</ns:RelatedObjectType>
        <ns:RelationRoleCode tc="8">Owner</ns:RelationRoleCode>
        <ns:InterestPercent>100</ns:InterestPercent>
      </ns:Relation>
      <ns:Relation OriginatingObjectID="Holding_1" RelatedObjectID="Party_Custodian" id="Relation_2">
        <ns:OriginatingObjectType tc="4">Holding</ns:OriginatingObjectType>
        <ns:RelatedObjectType tc="6">Party</ns:RelatedObjectType>
        <ns:RelationRoleCode tc="34">Primary Beneficiary</ns:RelationRoleCode>
        <ns:InterestPercent>100</ns:InterestPercent>
      </ns:Relation>
      <ns:Relation OriginatingObjectID="Holding_1" RelatedObjectID="Party_Agent_Servicing" id="Relation_3">
        <ns:OriginatingObjectType tc="4">Holding</ns:OriginatingObjectType>
        <ns:RelatedObjectType tc="6">Party</ns:RelatedObjectType>
        <ns:RelationRoleCode tc="38">Sevicing Agent</ns:RelationRoleCode>
        <ns:InterestPercent>50</ns:InterestPercent>
      </ns:Relation>
      <ns:Relation OriginatingObjectID="Holding_1" RelatedObjectID="Party_Agent_Writing1" id="Relation_4">
        <ns:OriginatingObjectType tc="4">Holding</ns:OriginatingObjectType>
        <ns:RelatedObjectType tc="6">Party</ns:RelatedObjectType>
        <ns:RelationRoleCode tc="37">Writing Agent</ns:RelationRoleCode>
        <ns:InterestPercent>25</ns:InterestPercent>
      </ns:Relation>
      <ns:Relation OriginatingObjectID="Holding_1" RelatedObjectID="Party_Agent_Writing2" id="Relation_5">
        <ns:OriginatingObjectType tc="4">Holding</ns:OriginatingObjectType>
        <ns:RelatedObjectType tc="6">Party</ns:RelatedObjectType>
        <ns:RelationRoleCode tc="37">Writing Agent</ns:RelationRoleCode>
        <ns:InterestPercent>25</ns:InterestPercent>
      </ns:Relation>
    </ns:OLifE>
  </ns:TXLifeRequest>
</ns:TXLife>
		</CustodianTransfer>
	</soapenv:Body>
</soapenv:Envelope>


