{
    "TXLife": {
        "TXLifeResponse": {
            "TransRefGUID": "aad8e1d5-8e56-bf76-63af-4d3c8583eff4",
            "TransType": {
                "@tc": "207",
                "$": "Billing Statement Inquiry"
            },
            "TransSubType": {
                "@tc": "20700",
                "$": "Billing Statement Inquiry"
            },
            "TransExeDate": "2018-09-07",
            "TransExeTime": "18:41:16",
            "TransResult": {
                "ResultCode": {
                    "@tc": "1",
                    "$": "Success"
                },
                "ConfirmationID": "2014-08-1313:03:01TWYLXMLC"
            },
            "OLifE": {
                "@Version": "2.33.00",
                "$": "No Billing History available for the contract"
            }
        }
    }
}