{
  "TXLife": {
    "-xmlns": "http://ACORD.org/Standards/Life/2",
    "-Version": "2.36.00",
    "-xmlns:prod": "http://www.springframework.org/spring-ws/samples",
    "-xmlns:all": "http://Schemas.Acord.AcordEnvelope",
    "TXLifeResponse": {
      "TransRefGUID": "465886a7-c737-483e-923f-934170c035dc",
      "TransType": {
        "-tc": "302",
        "$": "Holding Search"
      },
      "TransExeDate": "2017-10-27",
      "TransExeTime": "02:01:51",
      "TransResult": {
        "ResultCode": {
          "-tc": "1",
          "$": "Success"
        }
      },
      "OLifE": {
        "Holding": {
          "-id": "Holding_Transaction_1287",
          "HoldingTypeCode": {
            "-tc": "2",
            "$": "Policy"
          },
          "HoldingName": "Universal Life Insurance",
          "Policy": {
            "PolNumber": "839113",
            "ProductCode": "1",
            "CarrierCode": "839",
            "FinancialActivity": {
              "-id": "fa_1",
              "FinActivityType": {
                "-tc": "-1",
                "$": "Rule Group Change"
              },
              "FinActivityStatus": {
                "-tc": "1",
                "$": "Pending"
              },
              "ReversalInd": {
                "-tc": "1",
                "$": "True"
              },
              "FinActivityGrossAmt": "0.0",
              "FinActivityDate": "--",
              "FinEffDate": "2017-03-03",
              "FinancialActivitySysKey": "12026"
            },
            "OLifEExtension": { "isTrad": "false" }
          }
        },
        "Party": {
          "-id": "Party_1",
          "PartySysKey": "2022",
          "FullName": "Samuel Lord",
          "GovtID": "572787754",
          "GovtIDTC": {
            "-tc": "1",
            "$": "Social Security Number US"
          },
          "Person": {
            "FirstName": "Samuel",
            "LastName": "Lord",
            "Gender": {
              "-tc": "0",
              "$": "Unknown"
            },
            "BirthDate": "1980-01-01"
          },
          "Address": [
            {
              "-id": "Address_1",
              "AddressSysKey": "2014",
              "AddressTypeCode": {
                "-tc": "1",
                "$": "Home"
              },
              "Line1": "aa",
              "Line2": "www",
              "Line3": "tttttt",
              "City": "Avenel",
              "AddressState": "New Jersey",
              "AddressStateTC": {
                "-tc": "35",
                "$": "NJ"
              },
              "Zip": "07001",
              "AddressCountry": "United States of America",
              "AddressCountryTC": { "-tc": "1" },
              "EndDate": "2999-12-31",
              "StartDate": "2017-10-26",
              "LastUpdate": "2017-10-26",
              "LastUpdateTime": "01:41:51-04:00"
            },
            {
              "-id": "Address_2",
              "AddressSysKey": "2015",
              "AddressTypeCode": {
                "-tc": "1",
                "$": "Home"
              },
              "Line1": "aa",
              "Line2": "www",
              "Line3": "tttttt",
              "City": "Avenel",
              "AddressState": "New Jersey",
              "AddressStateTC": {
                "-tc": "35",
                "$": "NJ"
              },
              "Zip": "07001",
              "AddressCountry": "United States of America",
              "AddressCountryTC": { "-tc": "1" },
              "EndDate": "2999-12-31",
              "StartDate": "2017-03-03",
              "LastUpdate": "2017-10-26",
              "LastUpdateTime": "01:34:56-04:00"
            }
          ],
          "Phone": [
            {
              "PhoneTypeCode": {
                "-tc": "1",
                "$": "Home"
              },
              "AreaCode": "578",
              "DialNumber": "4547542"
            },
            {
              "PhoneTypeCode": {
                "-tc": "12",
                "$": "Mobile"
              },
              "AreaCode": "871",
              "DialNumber": "8485421"
            },
            {
              "PhoneTypeCode": {
                "-tc": "2",
                "$": "Other"
              }
            }
          ],
          "EMailAddress": {
            "EMailType": {
              "-tc": "2",
              "$": "Personal"
            },
            "AddrLine": "Samuel@gmail.com"
          }
        }
      }
    }
  }
}