<soapenv:Envelope xmlall="http://ACORD.org/Standards/Life/2" xmlprod="http://www.springframework.org/spring-ws/samples" xmlsoapenv="http://schemas.xmlsoap.org/soap/envelope/">
	<soapenv:Header>
		<wsse:Security soapenv:mustUnderstand="1" xmlwsse="http://docs.oasis-open.org/wss/2004/01/oasis-200401-wss-wssecurity-secext-1.0.xsd">
			<wsse:UsernameToken wsu:Id="UsernameToken-49" xmlwsu="http://docs.oasis-open.org/wss/2004/01/oasis-200401-wss-wssecurity-utility-1.0.xsd">
				<wsse:Username>SUPERVIS</wsse:Username>
				<wsse:Password Type="http://docs.oasis-open.org/wss/2004/01/oasis-200401-wss-username-token-profile-1.0#PasswordText">123456</wsse:Password>
				<wsse:Nonce EncodingType="http://docs.oasis-open.org/wss/2004/01/oasis-200401-wss-soap-message-security-1.0#Base64Binary">p5rv4G9XWHJj/cXtH6QwTQ==</wsse:Nonce>
				<wsu:Created>2011-11-16T12:54:20.515Z</wsu:Created>
			</wsse:UsernameToken>
		</wsse:Security>
	</soapenv:Header>
	<soapenv:Body>
		<CustodianTransfer>
		<?xml version="1.0" encoding="UTF-8"?>
<ns:TXLife xmlns:ns="http://ACORD.org/Standards/Life/2" Version="2.36.00">
  <ns:UserAuthRequest>
	<ns:UserLoginName>some.user</ns:UserLoginName>
  </ns:UserAuthRequest>
  <ns:TXLifeRequest>
    <ns:TransRefGUID>TransRefGUID_001</ns:TransRefGUID>
    <ns:TransType tc="186">Party</ns:TransType>
    
    <ns:TransExeDate>2014-09-19</ns:TransExeDate>
    <ns:TransExeTime>19:27:14</ns:TransExeTime>
    <ns:OLifE>
	  <ns:Holding id="Holding_1">
        <ns:HoldingTypeCode tc="2">Policy</ns:HoldingTypeCode>
        <ns:Policy>
		  <ns:PolNumber>123456</ns:PolNumber>
          <ns:ProductCode>15</ns:ProductCode>
          <ns:PlanName>Variable Annuity</ns:PlanName>
       </ns:Policy>
	   </ns:Holding>
      <ns:Party id="Party_Non_Custodian">
	    <ns:PartyTypeCode tc="1">Person</ns:PartyTypeCode>
        <ns:FullName>Davi Romeo</ns:FullName>
        <ns:GovtID>663093254</ns:GovtID>
        <ns:GovtIDTC tc="1">Social Security Number US</ns:GovtIDTC>
        <ns:GovtIDCertificationDate>2008-01-01</ns:GovtIDCertificationDate>
        <ns:ResidenceCountry tc="1">USA</ns:ResidenceCountry>
        <ns:Person>
          <ns:FirstName>Davi</ns:FirstName>
          <ns:MiddleName>K</ns:MiddleName>
          <ns:LastName>Romeo</ns:LastName>
          <ns:Prefix>Mr.</ns:Prefix>
          <ns:MarStat tc="1">Married</ns:MarStat>
          <ns:Gender tc="1">Male</ns:Gender>
          <ns:BirthDate>1988-01-01</ns:BirthDate>
          <ns:Citizenship tc="1">USA</ns:Citizenship>
          <ns:EstGrossAnnualOtherIncome>96000</ns:EstGrossAnnualOtherIncome>
          <ns:NonResidentAlienInd tc="0">False</ns:NonResidentAlienInd>
          <ns:Occupation>Technology and Computer Sciences</ns:Occupation>
          <ns:OLifEExtension>
            <ns:BackupWithholdingIndicator tc="0">false</ns:BackupWithholdingIndicator>
            <ns:eDeliveryOptOutOptionIndicator tc="0">false</ns:eDeliveryOptOutOptionIndicator>
            <ns:BDValidationDate>2016-01-01</ns:BDValidationDate>
          </ns:OLifEExtension>
        </ns:Person>
        <ns:Address>
          <ns:AddressTypeCode tc="1">Residence</ns:AddressTypeCode>
          <ns:Line1>100 Main Street5</ns:Line1>
          <ns:Line2>Phoenix</ns:Line2>
          <ns:Line3>line3</ns:Line3>
          <ns:City>Morris Plains</ns:City>
          <ns:AddressStateTC tc="35">NJ</ns:AddressStateTC>
          <ns:Zip>07950</ns:Zip>
          <ns:AddressCountryTC tc="1">USA</ns:AddressCountryTC>
          <ns:PrefAddr tc="1">true</ns:PrefAddr>
          <ns:SolicitationInd tc="0">false</ns:SolicitationInd>
          <ns:PostalDropCode/>
          <ns:AddressValidInd tc="1">true</ns:AddressValidInd>
        </ns:Address>
        <ns:Phone>
          <ns:PhoneTypeCode tc="1">Home</ns:PhoneTypeCode>
          <ns:AreaCode>555</ns:AreaCode>
          <ns:DialNumber>1233332</ns:DialNumber>
          <ns:SolicitationInd tc="0">false</ns:SolicitationInd>
        </ns:Phone>
        <ns:EMailAddress>
          <ns:EMailType tc="5">Primary</ns:EMailType>
          <ns:AddrLine>david.romeo@gmail.com</ns:AddrLine>
          <ns:SolicitationInd tc="1">true</ns:SolicitationInd>
        </ns:EMailAddress>
    
	 </ns:Party>
	 <ns:Party id="Party_Agent_Writing">
        <ns:PartyTypeCode tc="1">Person</ns:PartyTypeCode>
       
        <ns:Producer>
          <ns:NIPRNumber>VL730</ns:NIPRNumber>
        </ns:Producer>
        <ns:EMailAddress>
          <ns:AddrLine>ajames@tiaa-cref.org</ns:AddrLine>
        </ns:EMailAddress>
      </ns:Party>
	   <ns:Party id="Party_Agent_Writing2">
        <ns:PartyTypeCode tc="1">Person</ns:PartyTypeCode>
		 
        <ns:Producer>
          <ns:NIPRNumber>6735124</ns:NIPRNumber>
        </ns:Producer>
      </ns:Party>
	   <ns:Party id="Party_Agent_Servicing">
        <ns:PartyTypeCode tc="1">Person</ns:PartyTypeCode>
		
        <ns:Producer>
          <ns:NIPRNumber>67356</ns:NIPRNumber>
        </ns:Producer>
      </ns:Party>
	  <ns:Relation OriginatingObjectID="Holding_1" RelatedObjectID="Party_Non_Custodian" id="Relation_1">
        <ns:OriginatingObjectType tc="4">Holding</ns:OriginatingObjectType>
        <ns:RelatedObjectType tc="6">Party</ns:RelatedObjectType>
        <ns:RelationRoleCode tc="8">Owner</ns:RelationRoleCode>
        <ns:InterestPercent>100</ns:InterestPercent>
       </ns:Relation>
	   <ns:Relation OriginatingObjectID="Holding_1" RelatedObjectID="Party_Agent_Servicing" id="Relation_2">
        <ns:OriginatingObjectType tc="4">Holding</ns:OriginatingObjectType>
        <ns:RelatedObjectType tc="6">Party</ns:RelatedObjectType>
        <ns:RelationRoleCode tc="38">Sevicing Agent</ns:RelationRoleCode>
        <ns:InterestPercent>100</ns:InterestPercent>
       </ns:Relation>
	<!-- No mapping for Writing Agent-->
       
    </ns:OLifE>
  </ns:TXLifeRequest>
</ns:TXLife>
		</CustodianTransfer>
	</soapenv:Body>
</soapenv:Envelope>


