{
  "TXLife": {
    "-xmlns": "http://ACORD.org/Standards/Life/2",
    "-xmlns:ns": "http://ACORD.org/Standards/Life/2",
    "TXLifeResponse": {
      "TransRefGUID": "178b5db3-411c-2aea-8bbf-8b8a09f002b5",
      "TransType": {
        "-tc": "184",
        "$": "Update Billing Information"
      },
      "TransSubType": {
        
      },
      "TransExeDate": "2017-10-03-04:00",
      "TransExeTime": "04:23:15.076-04:00",
      "TransResult": {
        "ResultCode": {
          "-tc": "1",
          "$": "Success"
        },
        "ResultInfo": { "ResultInfoDesc": "The transaction was processed successfully" }
      }
    }
  }
}