{
	"TXLife": {
		"TXLifeRequest": {
			"TransRefGUID": "6b02accf-7fed-55da-ae03-a83617473a89",
			"TransType": {
				"@tc": "184",
				"$": "Update Billing Information"
			},			
			"OLifE": {
				"Holding": {
					"@id": "Holding_1",
					"Policy": {
						"@id": "Policy1",
						"PolNumber": 8393,
						"BillNumber": 4172,
						"PaymentMethod": {
							"@tc": "3",
							"$": "EFT"
						},
						"PaymentMode": {
							"@tc": "A",
							"$": "Annual"
						}
					}
				},
				"Party": {
					"@id": "Party_1",
					"PartySysKey": 5515
				},
				"Relation": {
					"@OriginatingObjectID": "Holding_1",
					"@RelatedObjectID": "Party_1",
					"@id": "Relation_1",
					"OriginatingObjectType": {
						"@tc": "4",
						"$": "Holding"
					},
					"RelatedObjectType": {
						"@tc": "6",
						"$": "Party"
					},
					"RelationRoleCode": {
						"@tc": "8",
						"$": "Owner"
					},
					"RelationDescription": {
						"@tc": "0"
					},
					"RelatedRefID": null
				}
			}
		}
	}
}