{
    "TXLife": {
        "TXLifeResponse": {
            "TransRefGUID": "06f484dd-26c8-9873-f0dd-adf8e5159388",
            "TransType": {
                "@tc": "213",
                "$": "Financial Activity Inquiry"
            },
            "TransSubType": {
                "@tc": "21301",
                "$": "History of Allowed Transactions on the Policy"
            },
            "TransExeDate": "2018-11-19-05:00",
            "TransExeTime": "00:12:57.179-05:00",
            "TransResult": {
                "ResultCode": {
                    "@tc": "5",
                    "$": "Failure"
                },
                "ResultInfo": {
                    "ResultInfoCode": {
                        "@tc": "10",
                        "$": "General Error"
                    },
                    "ResultInfoDesc": "Contract does not exist in ALIP."
                }
            }
        }
    }
}