{
  "TXLife": {
   "TXLifeRequest": {
      "@PrimaryObjectID": "Holding_1",
      "TransRefGUID": "06f483dd-26c8-9873-f0dd-ada6e4169345",
      "TransType": {
         "@tc": "509",
         "$": "Loan Processing"
      },
      "TransEffDate": "2016-02-07",
      "TransMode": {
         "@tc": "2",
         "$": "Original request"
      },
      "OLifE": {
         "@Version": "2.36.00",
         "Holding": [
            {
               "@id": "Holding_1",
               "HoldingTypeCode": {
                  "@tc": "2",
                  "$": "Policy"
               },
               "Policy": {
                  "PolNumber": "086346",
                  "ProductCode": "086",
                  "CarrierCode": "ABC",
                  "FinancialActivity": {
                     "@id": "FinActivity_1",
                     "@ArrangementRefID": "Arrangement_1",
                     "FinActivityType": {
                        "@tc": "300",
                        "$": "Net Loan"
                     },
                     "FinActivityNetAmt": "1000",
                     "FinEffDate": "2015-01-19",
                     "OrderDate": "2015-01-19",
                     "Payment": {
                        "@id": "Payment_1",
                        "@BankHoldingID": "Disbursement_Bank",
                        "@PayeeID": "Party_1",
                        "PaymentForm": {
                           "@tc": "7",
                           "$": "Electronic Funds Transfer"
                        },
                        "CreateCheckInd": {
                           "@tc": "0",
                           "$": "False"
                        },
                        "PayeeRelationRoleCode": {
                           "@tc": "18",
                           "$": "Owner"
                        },
                        "PayeeName": "Walt Mello"
                     }
                  }
               },
               "Investment": {
                  "@id": "Investment_1",
                  "SubAccount": {
                     "@id": "SubAccount_1",
                     "SubAccountKey": "0D_07"
                  }
               },
               "Arrangement": {
                  "@id": "Arrangement_1",
                  "ArrType": {
                     "@tc": "50",
                     "$": "Loan"
                  },
                  "SourceTransferAmtType": {
                     "@tc": "2",
                     "$": "Amount"
                  },
                  "ArrSource": {
                     "@id": "ArrSource_1",
                     "@SubAcctID": "SubAccount_1",
                     "TransferAmt": "1000"
                  }
               }
            },
            {
               "@id": "Disbursement_Bank",
               "HoldingTypeCode": {
                  "@tc": "7",
                  "$": "Banking"
               },
               "Banking": {
                  "@id": "Banking1",
                  "@AppliesToPartyID": "Party_1",
                  "BankAcctType": {
                     "@tc": "2",
                     "$": "Checking"
                  },
                  "AccountNumber": "1122334455",
                  "RoutingNum": "1234567890",
                  "AcctHolderName": "Walt Mello",
                  "BankName": "Best Bank of America"
               }
            }
         ],
         "Party": {
            "@id": "Party_1",
            "PartyTypeCode": {
               "@tc": "1",
               "$": "Person"
            },
            "Person": {
               "FirstName": "Walt",
               "LastName": "Mello"
            },
            "Address": {
               "@id": "Address_1",
               "AddressTypeCode": {
                  "@tc": "1",
                  "$": "Home"
               },
               "Line1": "277 Main Street",
               "Line2": [],
               "Line3": [],
               "City": "WICHITA",
               "AddressState": "Kansas",
               "AddressStateTC": {
                  "@tc": "20",
                  "$": "KS"
               },
               "Zip": "67212",
               "AddressCountry": "United States of America",
               "AddressCountryTC": {
                  "@tc": "1",
                  "$": "USA"
               }
            }
         },
         "Relation": {
            "@id": "Relation_2",
            "@RelatedObjectID": "Party_1",
            "@OriginatingObjectID": "Holding_1",
            "RelationRoleCode": {
               "@tc": "8",
               "$": "Owner"
            }
         }
      }
   }
  } 
}