{
   "TXLife": {
      "TXLifeResponse": {
         "TransRefGUID": "ec9736e1-41d9-4925-8c6a-e97b96274bbd",
         "TransType": {
            "@tc": "508",
            "$": "Payment Transaction"
         },
         "TransSubType": {
            "@tc": "18507",
            "$": "Payment Reversal"
         },
         "TransExeDate": "2018-03-13-04:00",
         "TransExeTime": "07:59:14.839-04:00",
         "TransResult": {
            "ResultCode": {
               "@tc": "5",
               "$": "Failure"
            },
            "ResultInfo": {
               "ResultInfoCode": {
                  "@tc": "100",
                  "$": "General Error"
               },
               "ResultInfoDesc": "Transaction is in Pending Reversal Status"
            }
         }
      }
   }
}