{
   "TXLife": {
      "TXLifeResponse": {
         "TransRefGUID": "014ab1d9-bff0-4950-934e-748aac10c458"
         ,
         "TransType": {
            "@tc": "310",
            "$": "Form Instance Search"
         },
         "TransSubType": {
            "@tc": ""
         },
         "TransExeDate": "2018-01-04-05:00"
         ,
         "TransExeTime": "10:11:27.633-05:00"
         ,
         "TransResult": {
            "ResultCode": {
               "@tc": "5",
               "$": "Failure"
            },
            "ResultInfo": {
               "ResultInfoCode": {
                  "@tc": "173",
                  "$": "General Error"
               },
               "ResultInfoDesc": "The id provided is inValid or the required data does not exists."
               
            }
         }
      }
   }
}