{
   "TXLife": {
      "TXLifeResponse": {
         "TransRefGUID": "53aa4c71-118f-08ec-a5cd-4bfe356b4f5d",
         "TransType": {
            "@tc": "310",
            "$": "Form Instance Search"
         },
         "TransExeDate": "2018-01-04",
         "TransExeTime": "10:17:27",
         "InquiryLevel": {
            "@tc": "3",
            "$": "Object, Relations, and related Objects"
         },
         "TransResult": {
            "ResultCode": {
               "@tc": "1",
               "$": "Success"
            },
             "ResultInfo": {
               "ResultInfoCode": {
                  "@tc": "100",
                  "$": "Success"
               },
               "ResultInfoDesc": "Success."
               
            }
         },
         "OLifE": {
            "FormInstance" : 
			{
               "@id": "FormInstance_1",
               "Attachment": {
                  "@id": "Attachement_1",
                  "AttachmentKey": "6295",
                  "Description": "Base VUL Application testStatic",
                  "AttachmentSource": "ReadyAPITestDoc6295.pdf"
               }
            }
			
         }
      }
   }
}