<soapenv:Envelope xmlns:soapenv="http://schemas.xmlsoap.org/soap/envelope/">
	<soapenv:Header/>
	<soapenv:Body>
		<ns:TXLife xmlns:ns="http://ACORD.org/Standards/Life/2">
  <ns:TXLifeResponse>
    <ns:TransRefGUID/>
    <ns:TransType tc="186">Party Update</ns:TransType>
    <ns:TransExeDate>2017-12-15-05:00</ns:TransExeDate>
    <ns:TransExeTime>08:56:46.965-05:00</ns:TransExeTime>
    <ns:TransResult>
      <ns:ResultCode tc="1">Success</ns:ResultCode>
      <ns:ResultInfo>
        <ns:ResultInfoDesc>The transaction was processed successfully</ns:ResultInfoDesc>
      </ns:ResultInfo>
    </ns:TransResult>
  </ns:TXLifeResponse>
</ns:TXLife>
	</soapenv:Body>
</soapenv:Envelope>