<soapenv:Envelope xmlall="http://ACORD.org/Standards/Life/2" xmlprod="http://www.springframework.org/spring-ws/samples" xmlsoapenv="http://schemas.xmlsoap.org/soap/envelope/">
	<soapenv:Header>
		<wsse:Security soapenv:mustUnderstand="1" xmlwsse="http://docs.oasis-open.org/wss/2004/01/oasis-200401-wss-wssecurity-secext-1.0.xsd">
			<wsse:UsernameToken wsu:Id="UsernameToken-49" xmlwsu="http://docs.oasis-open.org/wss/2004/01/oasis-200401-wss-wssecurity-utility-1.0.xsd">
				<wsse:Username>SUPERVIS</wsse:Username>
				<wsse:Password Type="http://docs.oasis-open.org/wss/2004/01/oasis-200401-wss-username-token-profile-1.0#PasswordText">123456</wsse:Password>
				<wsse:Nonce EncodingType="http://docs.oasis-open.org/wss/2004/01/oasis-200401-wss-soap-message-security-1.0#Base64Binary">p5rv4G9XWHJj/cXtH6QwTQ==</wsse:Nonce>
				<wsu:Created>2011-11-16T12:54:20.515Z</wsu:Created>
			</wsse:UsernameToken>
		</wsse:Security>
	</soapenv:Header>
	<soapenv:Body>
		<updatePolicyNVDetailsRequestChannel>
		<TXLife>
	<UserAuthRequest>
		<UserLoginName>user1</UserLoginName>
	</UserAuthRequest>
	<TXLifeRequest>
	<TransRefGUID>test</TransRefGUID>
	<TransType tc="502">Holding Change</TransType>
	<TransSubType tc="2147483647">Holding Change</TransSubType>
	<TransExeDate>2012-12-13</TransExeDate>
	<TransExeTime>12:12:12</TransExeTime>
	<OLifE>
		<Holding id="Holding_1">
			<Policy>
				<PolNumber>123456</PolNumber>
				<Life>
					<LifeUSA>
						<MECInd tc="1">true</MECInd>
					</LifeUSA>
				</Life>
				<CaseControlNumberAssuming>12345</CaseControlNumberAssuming>
				<ApplicationInfo>
					<PolicyDeliveryReceiptDate>2017-11-09</PolicyDeliveryReceiptDate>
				</ApplicationInfo>
			</Policy>
		</Holding>
	</OLifE>
</TXLifeRequest>
</TXLife>
		</updatePolicyNVDetailsRequestChannel>
	</soapenv:Body>
</soapenv:Envelope>