<soapenv:Envelope xmlns:soapenv="http://schemas.xmlsoap.org/soap/envelope/">
	<soapenv:Header/>
	<soapenv:Body>
		<TXLife xmlns:xsi="http://www.w3.org/2001/XMLSchema-instance" xmlns="http://ACORD.org/Standards/Life/2" Version="2.36.00">
			<TXLifeResponse>
				<TransRefGUID>test1</TransRefGUID>
				<TransType tc="502">Holding Change</TransType>
				<TransSubType tc="2147483647">Holding Change</TransSubType>
				<TransExeDate>2012-12-13</TransExeDate>
				<TransExeTime>12:12:12</TransExeTime>
				<TransResult>
					<ResultCode tc="1">Success</ResultCode>
					<ResultInfo>
						<ResultInfoDesc>The transaction was processed successfully</ResultInfoDesc>
					</ResultInfo>
				</TransResult>
			</TXLifeResponse>
		</TXLife>
	</soapenv:Body>
</soapenv:Envelope>

