{
   "TXLifeRequest": {
      "TransRefGUID": "fb7c83b9-435a-40fe-5409-2c009866655f",
      "TransType": {
         "@tc": "107",
         "$": "Arrangement Administration"
      },
      "OLifE": {
         "Holding": {
            "Policy": {
               "PolNumber": "086346"
            },
            "Arrangement": {
               "@DataRep": "Removed",
               "ArrType": {
                  "@tc": "2"
               },
               "ArrangementSysKey": "3492"
            }
         }
      }
   }
}

