{
   "TXLife": {
      "TXLifeRequest": [{
         "TransRefGUID": "ee09c748-6786-6113-7075-c47273cb693c",
         "TransType": {
            "@tc": "310",
            "$": "Form Instance Search"
         },
         "InquiryLevel": {
            "@tc": "3",
            "$": "Object, Relations, and related Objects"
         },
		 "OLifE":{
			 "DocumentSystem": {
				"indexData": {
				   "sIndexValue": "5191",
				   "iIndexType": "16"
				   },
				   "sImageName": "Base VUL Application testStatic",
				   "sFileName": "ReadyAPITestDoc5957.pdf",
				   "bImageArray": "GFydHhyZWYKMzE1MDU3CiUlRU9GCg=="
				}
		},
         "CriteriaExpression": {
            "Criteria": {
               "ObjectType": {
                  "@tc": "9",
                  "$": "FormInstance"
               },
               "PropertyName": "5191",
               "PropertyValue": "16",
               "OLifEExtension": {
                  "DocumentName": "Base VUL Application testStatic",
                  "DocumentFileName": "ReadyAPITestDoc5957.pdf",
                  "DocumentContent": "GFydHhyZWYKMzE1MDU3CiUlRU9GCg=="
               }
            }
         }
      }]
   }
}